Activity ID,Activity Date,Activity Name,Activity Type,Activity Description,Elapsed Time,Distance,Max Heart Rate,Relative Effort,Commute,Activity Private Note,Activity Gear,Filename,Athlete Weight,Bike Weight,Elapsed Time,Moving Time,Distance,Max Speed,Average Speed,Elevation Gain,Elevation Loss,Elevation Low,Elevation High,Max Grade,Average Grade,Average Positive Grade,Average Negative Grade,Max Cadence,Average Cadence,Max Heart Rate,Average Heart Rate,Max Watts,Average Watts,Calories,Max Temperature,Average Temperature,Relative Effort,Total Work,Number of Runs,Uphill Time,Downhill Time,Other Time,Perceived Exertion,Type,Start Time,Weighted Average Power,Power Count,Prefer Perceived Exertion,Perceived Relative Effort,Commute,Total Weight Lifted,From Upload,Grade Adjusted Distance,Weather Observation Time,Weather Condition,Weather Temperature,Apparent Temperature,Dewpoint,Humidity,Weather Pressure,Wind Speed,Wind Gust,Wind Bearing,Precipitation Intensity,Sunrise Time,Sunset Time,Moon Phase,Bike,Gear,Precipitation Probability,Precipitation Type,Cloud Cover,Weather Visibility,UV Index,Weather Ozone,Jump Count,Total Grit,Average Flow,Flagged,Average Elapsed Speed,Dirt Distance,Newly Explored Distance,Newly Explored Dirt Distance,Activity Count,Total Steps,Carbon Saved,Pool Length,Training Load,Intensity,Average Grade Adjusted Pace,Timer Time,Total Cycles,Recovery,With Pet,Competition,Long Run,For a Cause,With Kid,Downhill Distance,Total Sets,Total Reps,Media
20105970312,"Sep 9, 2026, 4:49:07 PM",Evening Run,Run,,1968,4.92,154.0,16,false,,New Balance Propel v4,activities/21252059946.fit.gz,,,1968.0,1925.0,4922.7,3.9,2.557,73.0,157.0,416.0,531.0,23.8,-1.8,,,123.0,77.0,154.0,136.0,,,357.0,,21.2,16.0,,,,,,,,,,,,,0.0,,1.0,5193.7,1788969600.0,3.0,16.6,16.4,10.0,0.65,1016.6,1.0,3.0,269.0,0.0,1788929719.0,1788976239.0,0.875,,18204863.0,0.98,5.0,1.0,26310.0,1.0,,,,,,2.501,3840.7,,,,4894.0,0.0,,,,2.698,,,,,,,,,,,,|
20077310404,"Sep 7, 2026, 4:59:23 PM",Corsa serale,Run,,1770,4.78,175.0,33,false,,New Balance Propel v4,activities/21221527304.fit.gz,,,1770.0,1759.0,4788.5,4.34,2.722,150.0,76.0,505.8,631.2,20.3,1.6,,,85.0,75.0,175.0,150.0,,,373.0,,27.0,33.0,,,,,,,,,,,,,0.0,,1.0,5341.9,1788796800.0,2.0,29.3,30.7,17.8,0.5,1020.3,1.2,3.7,246.0,0.0,1788756762.0,1788803679.0,0.875,,18204863.0,0.41,5.0,0.47,27675.0,1.0,,,,,,2.705,3830.9,,,,4378.0,0.0,,,,3.037,,,,,,,,,,,,|
20060984242,"Sep 6, 2026, 10:09:17 AM",pt.3,Ride,"",6788,28.51,175.0,60,false,,,activities/21204073319.fit.gz,,,6788.0,5188.0,28515.1,15.06,5.496,444.6,306.1,363.1,609.8,38.9,0.5,,,,,175.0,137.0,,110.0,880.0,,29.0,60.0,,,,,,,,,,,,,0.0,,1.0,,1788688800.0,1.0,22.1,23.5,13.4,0.58,1025.1,2.7,6.0,56.0,0.0,1788670324.0,1788717451.0,0.875,,,0.0,1.0,0.11,26535.0,5.0,,,,,,4.201,63.4,,,,,0.0,,,,,,,,,,,,,,,,|
20060972293,"Sep 6, 2026, 8:41:30 AM",pt.2,Ride,"",2828,19.26,151.0,12,false,,,activities/21204064852.fit.gz,,,2828.0,2696.0,19259.8,11.32,7.144,446.0,524.0,350.2,478.6,31.4,-0.5,,,,,151.0,120.0,,153.0,373.0,,27.0,12.0,,,,,,,,,,,,,0.0,,1.0,,1788681600.0,1.0,18.9,20.7,12.8,0.68,1025.6,2.3,5.6,39.0,0.0,1788670283.0,1788717398.0,0.875,,,0.0,1.0,0.1,24416.0,2.0,,,,,,6.81,0.0,,,,,0.0,,,,,,,,,,,,,,,,|
20060960803,"Sep 6, 2026, 7:44:02 AM",pt.1,Ride,"",1518,5.37,162.0,5,false,,,activities/21204052704.fit.gz,,,1518.0,871.0,5369.9,15.06,6.165,101.0,162.0,419.6,539.0,36.3,-1.1,,,,,162.0,125.0,,134.0,159.0,,27.0,5.0,,,,,,,,,,,,,0.0,,1.0,,1788678000.0,1.0,15.6,18.8,12.3,0.81,1025.7,0.4,2.2,18.0,0.0,1788670283.0,1788717398.0,0.875,,,0.0,1.0,0.12,23420.0,1.0,,,,,,3.537,16.0,,,,,0.0,,,,,,,,,,,,,,,,|
20044058228,"Sep 5, 2026, 9:17:17 AM",Corsa dell'ora di pranzo,Run,,2414,5.74,180.0,33,false,,New Balance Propel v4,activities/21186062760.fit.gz,,,2414.0,2273.0,5741.0,4.78,2.526,94.0,105.0,482.4,563.0,48.5,-0.1,,,111.0,76.0,180.0,142.0,,,420.0,,25.0,33.0,,,,,,,,,,,,,0.0,,1.0,6066.0,1788598800.0,3.0,21.6,21.3,15.9,0.7,1022.9,2.2,5.4,276.0,0.0,1788583804.0,1788631116.0,0.875,,18204863.0,0.58,5.0,0.9,20316.0,3.0,,,,,,2.378,4240.5,,,,5502.0,0.0,,,,2.669,,,,,,,,,,,,|
20009013775,"Sep 2, 2026, 5:13:38 PM",Corsa serale,Run,,1811,4.80,164.0,26,false,,New Balance Propel v4,activities/21148440835.fit.gz,,,1811.0,1784.0,4800.9,4.95,2.69,64.0,64.0,501.4,537.0,27.4,-0.1,,,84.0,77.0,164.0,145.0,,,352.0,,24.8,26.0,,,,,,,,,,,,,0.0,,1.0,4968.3,1788368400.0,3.0,25.4,25.5,11.5,0.42,1020.3,1.2,3.5,291.0,0.0,1788324368.0,1788372274.0,0.625,,18204863.0,0.0,1.0,0.87,29264.0,0.0,,,,,,2.651,3863.4,,,,4554.0,0.0,,,,2.784,,,,,,,,,,,,|
19966276446,"Aug 30, 2026, 4:07:12 PM",Evening Run,Run,,1939,4.86,165.0,29,false,,New Balance Propel v4,activities/21103995989.fit.gz,,,1939.0,1926.0,4859.4,3.883,2.523,67.0,81.0,493.8,538.8,17.7,-0.3,,,113.0,76.0,165.0,143.0,,,364.0,,28.0,29.0,,,,,,,,,,,,,0.0,,1.0,5066.9,1788105600.0,1.0,28.4,29.9,14.2,0.42,1014.6,1.6,4.3,275.0,0.0,1788064930.0,1788113428.0,0.625,,18204863.0,0.36,5.0,0.25,27309.0,1.0,,,,,,2.506,3787.1,,,,4852.0,0.0,,,,2.631,,,,,,,,,,,,|
19870693958,"Aug 23, 2026, 9:49:39 AM",primo giretto svizzero,Hike,"ho fatto il signore in seggiovia fini ai 2000m

PS il mio barometro ha dei problemi, dovrebbero essere poco più di 600md+",11618,10.06,154.0,24,false,,Dynafit Trail,activities/21005750422.fit.gz,,,11618.0,9561.0,10068.4,2.06,1.053,791.0,1376.0,1772.6,2526.6,50.0,-4.4,,,124.0,55.0,154.0,96.0,,,782.0,,20.0,24.0,,,,,,,,,,,,,0.0,,1.0,,1787475600.0,1.0,10.0,13.1,5.0,0.71,1022.2,0.7,3.9,86.0,0.0,1787459403.0,1787509168.0,0.375,,19039024.0,0.41,5.0,0.18,21505.0,5.0,,,,,,0.867,10069.6,,,,16906.0,0.0,,,,,,16906.0,,,,,,,,,,||media/9E5D1B80-70A6-41F5-9412-35D58589F1AC.mp4
19870686274,"Aug 21, 2026, 4:59:58 PM",Evening Run,Run,,2083,4.66,166.0,19,false,,New Balance Propel v4,activities/21005742550.fit.gz,,,2083.0,1830.0,4664.3,6.72,2.549,84.0,174.0,362.8,536.0,20.9,-3.1,,,121.0,74.0,166.0,138.0,,,340.0,,22.0,19.0,,,,,,,,,,,,,0.0,,1.0,4931.9,1787328000.0,3.0,18.6,19.3,13.1,0.7,1012.3,1.5,3.4,189.0,0.1,1787286590.0,1787336827.0,0.375,,18204863.0,0.99,5.0,0.68,25313.0,1.0,,,,,,2.239,1942.7,,,,4492.0,0.0,,,,2.695,,,,,,,,,,,,|
19772387153,"Aug 16, 2026, 2:44:04 PM",Afternoon Ride,Ride,,8560,49.05,186.0,106,false,,,activities/20904775836.fit.gz,,,8560.0,6940.0,49053.5,17.96,7.068,1333.0,1223.0,335.2,560.6,48.3,-0.2,,,,,186.0,144.0,,173.0,1282.0,,30.0,106.0,,,,,,,,,,,,,0.0,,1.0,,1786888800.0,3.0,29.7,29.4,14.3,0.39,1014.1,2.7,6.6,345.0,0.0,1786854192.0,1786905363.0,0.125,,,0.47,5.0,0.81,27734.0,3.0,,,,,,5.731,482.3,,,,,0.0,,,,,,,,,,,,,,,,|
19766665818,"Aug 2, 2026, 7:18:45 AM",Morning Run,Run,,1584,3.51,167.0,9,false,,New Balance Propel v4,activities/20898918181.fit.gz,,,1584.0,1507.0,3511.4,5.2,2.33,55.0,53.0,516.2,562.0,21.0,0.2,,,116.0,74.0,167.0,130.0,,,254.0,,25.0,9.0,,,,,,,,,,,,,0.0,,1.0,3666.6,1785654000.0,3.0,20.8,22.0,17.2,0.8,1015.8,1.2,4.2,51.0,0.0,1785643517.0,1785697115.0,0.625,,18204863.0,0.19,5.0,0.7,21664.0,2.0,,,,,,2.217,1559.3,,,,3664.0,0.0,,,,2.433,,,,,,,,,,,,|
19272315756,"Jul 11, 2026, 4:57:58 PM",Corsa serale,Run,,1891,4.41,169.0,27,false,,New Balance Propel v4,activities/20390283796.fit.gz,,,1891.0,1888.0,4410.1,3.62,2.336,51.0,130.0,150.6,241.0,23.3,-1.8,,,123.0,72.0,169.0,145.0,,,358.0,,29.0,27.0,,,,,,,,,,,,,0.0,,1.0,4599.1,1783785600.0,3.0,31.5,31.6,18.8,0.47,1014.0,3.1,5.7,261.0,0.0,1783741492.0,1783796236.0,0.875,,18204863.0,0.34,5.0,0.71,21944.0,2.0,,,,,,2.332,1681.7,,,,4536.0,0.0,,,,2.436,,,,,,,,,,,,|
19246630805,"Jul 9, 2026, 6:02:36 PM",Corsa serale,Run,,1842,4.24,154.0,7,false,,New Balance Propel v4,activities/20364162931.fit.gz,,,1842.0,1842.0,4248.2,3.5,2.306,76.0,64.0,163.6,231.8,18.3,0.5,,,123.0,72.0,154.0,122.0,,,340.0,,30.0,7.0,,,,,,,,,,,,,0.0,,1.0,4505.6,1783620000.0,1.0,30.5,31.2,19.2,0.51,1009.1,3.0,6.0,272.0,0.0,1783568601.0,1783623496.0,0.875,,18204863.0,0.34,1.0,0.0,26322.0,0.0,,,,,,2.306,1512.5,,,,4380.0,0.0,,,,2.446,,,,,,,,,,,,|
19071239337,"Jun 26, 2026, 7:48:21 AM",Corsa mattutina,Run,,2237,4.01,166.0,15,false,,New Balance Propel v4,activities/20185999059.fit.gz,,,2237.0,1941.0,4019.0,3.36,2.071,320.0,277.0,204.0,276.2,49.6,-0.2,,,122.0,68.0,166.0,133.0,,,325.0,,33.0,15.0,,,,,,,,,,,,,0.0,,1.0,5841.2,1782457200.0,1.0,27.0,30.0,18.3,0.59,1018.1,0.6,2.1,344.0,0.0,1782444952.0,1782500481.0,0.375,,18204863.0,0.31,1.0,0.06,23863.0,3.0,,,,,,1.797,191.0,,,,4398.0,0.0,,,,3.009,,,,,,,,,,,,|
18868252516,"Jun 10, 2026, 5:09:14 PM",Corsa serale,Run,,2582,4.50,171.0,20,false,,New Balance Propel v4,activities/19979978041.fit.gz,,,2582.0,1889.0,4507.7,7.16,2.386,105.0,82.0,158.6,229.4,34.9,-0.1,,,84.0,71.0,171.0,137.0,,,342.0,,29.0,20.0,,,,,,,,,,,,,0.0,,1.0,4867.8,1781110800.0,2.0,24.0,22.9,14.4,0.55,1011.3,4.4,8.9,266.0,0.0,1781062451.0,1781117781.0,0.875,,18204863.0,0.42,5.0,0.58,25707.0,1.0,,,,,,1.746,1788.6,,,,4510.0,0.0,,,,2.577,,,,,,,,,,,,|
18868251998,"Jun 3, 2026, 12:29:44 PM",Corsa pomeridiana,Run,,19081,4.80,116.0,4,false,,New Balance Propel v4,activities/19979977384.fit.gz,,,19081.0,2492.0,4808.4,11.6,1.93,126.0,52.0,72.0,164.6,49.5,1.5,,,92.0,54.0,116.0,85.0,,,292.0,,24.0,4.0,,,,,,,,,,,,,0.0,,1.0,5108.6,1780488000.0,3.0,18.3,16.5,14.0,0.76,1005.4,3.4,8.1,224.0,0.2,1780457593.0,1780516154.0,0.625,,18204863.0,0.95,5.0,0.93,19470.1,3.0,,,,,,0.252,25.7,,,,4362.0,0.0,,,,2.05,,,,,,,,,,,,|
18678868461,"May 27, 2026, 5:25:58 PM",Corsa serale,Run,"",2596,6.09,170.0,46,false,,New Balance Propel v4,activities/19787080497.fit.gz,,,2596.0,2510.0,6095.7,3.483,2.429,88.0,58.0,153.4,218.6,22.2,0.3,,,84.0,73.0,170.0,150.0,,,485.0,,28.0,46.0,,,,,,,,,,,,,0.0,,1.0,6379.9,1779901200.0,1.0,26.0,26.2,14.2,0.48,1017.3,3.5,7.5,270.0,0.0,1779853225.0,1779907550.0,0.375,,18204863.0,0.31,1.0,0.28,26294.0,1.0,,,,,,2.348,1171.5,,,,6206.0,0.0,,,,2.542,,,,,,,,,,,,""
18639545501,"May 24, 2026, 6:14:10 PM",Corsa serale,Run,,2887,7.04,160.0,33,false,,New Balance Propel v4,activities/19747007225.fit.gz,,,2887.0,2868.0,7042.2,3.587,2.455,88.0,95.0,150.6,227.6,18.2,-0.1,,,84.0,75.0,160.0,140.0,,,536.0,,24.0,33.0,,,,,,,,,,,,,0.0,,1.0,7289.2,1779645600.0,1.0,24.6,24.1,11.5,0.44,1025.0,2.8,6.1,42.0,0.0,1779594152.0,1779648188.0,0.25,,18204863.0,0.0,1.0,0.0,29016.0,0.0,,,,,,2.439,1635.1,,,,7284.0,0.0,,,,2.542,,,,,,,,,,,,""
18617722605,"May 23, 2026, 8:03:00 AM",Corsa mattutina,Run,,1595,3.50,171.0,22,false,,New Balance Propel v4,activities/19724712173.fit.gz,,,1595.0,1583.0,3502.2,4.56,2.212,135.0,81.0,164.6,278.0,44.8,1.5,,,85.0,70.0,171.0,145.0,,,301.0,,28.0,22.0,,,,,,,,,,,,,0.0,,1.0,4031.4,1779523200.0,1.0,22.7,24.1,11.7,0.5,1025.4,2.9,7.0,29.0,0.0,1779507800.0,1779561730.0,0.125,,18204863.0,0.0,1.0,0.0,30615.0,4.0,,,,,,2.196,1726.4,,,,3736.0,0.0,,,,2.547,,,,,,,,,,,,""
18569952621,"May 19, 2026, 3:35:22 PM",Corsa pomeridiana,Run,"",2021,4.43,160.0,17,false,,New Balance Propel v4,activities/19676176534.fit.gz,,,2021.0,1999.0,4434.7,3.8,2.218,75.0,80.0,160.8,228.2,23.6,-0.2,,,123.0,72.0,160.0,133.0,,,341.0,,24.0,17.0,,,,,,,,,,,,,0.0,,1.0,4679.7,1779202800.0,3.0,19.1,16.9,11.6,0.62,1018.6,4.1,8.0,264.0,0.0,1779162412.0,1779215888.0,0.125,,18204863.0,0.76,5.0,0.77,19468.0,2.0,,,,,,2.194,1694.5,,,,4752.0,0.0,,,,2.341,,,,,,,,,,,,""
18546742394,"May 17, 2026, 5:06:31 PM",Corsa serale,Run,"grossa contrazione lombare, male male",2332,5.01,166.0,15,false,,New Balance Propel v4,activities/19652729403.fit.gz,,,2332.0,2114.0,5012.0,5.1,2.371,58.0,50.0,254.8,294.2,14.2,0.2,,,92.0,76.0,166.0,134.0,,,362.0,,22.0,15.0,,,,,,,,,,,,,0.0,,1.0,5134.5,1779037200.0,2.0,17.4,16.9,9.3,0.59,1013.9,2.7,6.0,272.0,0.0,1778989733.0,1779042967.0,0.0,,18204863.0,0.0,1.0,0.48,28096.0,0.0,,,,,,2.149,0.0,,,,5330.0,0.0,,,,2.429,,,,,,,,,,,,media/d3ec078a-0d6d-43ab-9021-b66ce311d617.jpg
18518351882,"May 15, 2026, 3:04:44 PM",Corsa pomeridiana,Run,"",1180,3.15,164.0,16,false,,New Balance Propel v4,activities/19623974506.fit.gz,,,1180.0,1180.0,3150.7,3.4,2.67,4.0,9.0,32.2,42.0,7.4,-0.2,,,85.0,79.0,164.0,146.0,,,237.0,,22.0,16.0,,,,,,,,,,,,,0.0,,1.0,3148.0,1778857200.0,3.0,13.7,12.0,11.0,0.84,1000.7,2.4,6.0,225.0,0.0,1778816999.0,1778870049.0,0.875,,18204863.0,0.99,5.0,0.99,14517.0,2.0,,,,,,2.67,1720.0,,,,3118.0,0.0,,,,2.668,,,,,,,,,,,,media/e980dc23-5e94-4d82-8935-6923cbc6022c.jpg
18493809772,"May 13, 2026, 5:04:01 PM",Corsa serale,Run,"",1702,4.61,182.0,27,false,,Saucony Endorphin Speed 3,activities/19599229263.fit.gz,,,1702.0,1702.0,4615.9,4.44,2.712,24.0,23.0,147.4,171.8,5.8,0.0,,,86.0,77.0,182.0,147.0,,,347.0,,22.0,27.0,,,,,,,,,,,,,0.0,,1.0,4631.3,1778691600.0,3.0,16.9,16.8,11.0,0.68,1006.1,2.0,4.4,290.0,0.0,1778644381.0,1778697104.0,0.875,,17170504.0,0.65,5.0,0.65,21677.0,0.0,,,,,,2.712,0.0,,,,4378.0,0.0,,,,2.721,,,,,,,,,,,,media/d9eee8ad-3454-40e1-948f-18a3a27bcebc.jpg
18479580426,"May 12, 2026, 4:03:04 PM",Corsa serale,Run,"",1489,4.01,166.0,22,false,,Saucony Endorphin Speed 3,activities/19584886011.fit.gz,,,1489.0,1489.0,4009.2,3.067,2.693,27.0,28.0,149.6,174.0,6.5,0.0,,,82.0,80.0,166.0,147.0,,,304.0,,25.0,22.0,,,,,,,,,,,,,0.0,,1.0,4032.5,1778601600.0,1.0,18.7,17.6,11.5,0.63,1007.4,4.5,8.4,263.0,0.0,1778558048.0,1778610637.0,0.875,,17170504.0,0.46,5.0,0.3,20683.0,1.0,,,,,,2.693,76.1,,,,3968.0,0.0,,,,2.708,,,,,,,,,,,,media/090ff0a4-ea77-41aa-9ad9-99c96bd58770.jpg
18428425925,"May 8, 2026, 4:47:47 PM",Corsa serale,Run,,2549,6.08,169.0,32,false,,Nike Infinity Run,activities/19533167721.fit.gz,,,2549.0,2549.0,6085.1,4.517,2.387,71.0,93.0,161.0,225.6,21.7,-0.4,,,125.0,76.0,169.0,138.0,,,458.0,,23.0,32.0,,,,,,,,,,,,,0.0,,1.0,6277.1,1778256000.0,3.0,19.2,18.2,12.5,0.65,1013.4,2.3,4.6,65.0,0.0,1778212735.0,1778264765.0,0.625,,13405248.0,0.0,1.0,0.97,19342.0,1.0,,,,,,2.387,1444.6,,,,6378.0,0.0,,,,2.463,,,,,,,,,,,,media/6871ba3c-c940-4072-b7f3-59f8390e5321.jpg
18403029859,"May 6, 2026, 6:00:10 PM",Corsa serale,Run,"",1939,4.73,174.0,27,false,,Altra Torin 6,activities/19507569419.fit.gz,,,1939.0,1930.0,4729.5,3.329,2.451,1.0,7.0,32.4,40.4,2.2,-0.1,,,86.0,77.0,174.0,140.0,,,353.0,,22.0,27.0,,,,,,,,,,,,,0.0,,1.0,4723.2,1778090400.0,3.0,16.8,17.5,14.0,0.84,1011.2,1.1,2.7,249.0,0.0,1778040031.0,1778091821.0,0.625,,15668255.0,1.0,5.0,0.96,19024.0,0.0,,,,,,2.439,0.0,,,,4942.0,0.0,,,,2.447,,,0.0,0.0,,,,0.0,,,,media/c2c530d5-5ea3-4486-abb0-086a4705e1c6.jpg
18357370058,"May 3, 2026, 9:56:39 AM",Corsa dell'ora di pranzo,Run,"",2123,5.02,163.0,30,false,,New Balance Propel v4,activities/19461490737.fit.gz,,,2123.0,2123.0,5022.1,3.571,2.366,83.0,84.0,161.6,224.8,50.0,0.0,,,125.0,75.0,163.0,138.0,,,390.0,,27.0,30.0,,,,,,,,,,,,,0.0,,1.0,5305.0,1777798800.0,3.0,19.1,18.9,8.4,0.5,1020.8,1.2,3.8,258.0,0.0,1777781130.0,1777832417.0,0.625,,18204863.0,0.0,1.0,0.9,28194.0,3.0,,,,,,2.366,1611.5,,,,5272.0,0.0,,,,2.499,,,0.0,0.0,,,,0.0,,,,media/550dd062-dc60-4dbd-8bdf-73a88a4e6681.jpg
18336112571,"May 1, 2026, 4:30:29 PM",Corsa serale,Run,"",3097,7.12,171.0,43,false,,New Balance Propel v4,activities/19439919981.fit.gz,,,3097.0,3035.0,7120.6,4.871,2.346,130.0,137.0,228.4,310.0,47.2,0.0,,,125.0,74.0,171.0,142.0,,,537.0,,21.0,43.0,,,,,,,,,,,,,0.0,,1.0,7496.2,1777651200.0,1.0,17.9,16.3,0.0,0.3,1024.1,5.2,10.9,42.0,0.0,1777608501.0,1777659478.0,0.375,,18204863.0,0.0,1.0,0.0,30005.0,1.0,,,,,,2.299,2117.9,,,,7532.0,0.0,,,,2.47,,,0.0,0.0,,,,0.0,,,,media/b82d36a0-6fbf-430e-a9fe-d3857d9327ac.jpg
18249783277,"Apr 25, 2026, 9:45:31 AM",Corsa dell'ora di pranzo,Run,"",2749,6.03,172.0,38,false,,New Balance Propel v4,activities/19352797063.fit.gz,,,2749.0,2647.0,6035.0,4.85,2.28,132.0,137.0,223.0,307.4,22.1,0.2,,,91.0,73.0,172.0,141.0,,,471.0,,26.0,38.0,,,,,,,,,,,,,0.0,,1.0,6434.0,1777107600.0,1.0,17.5,20.0,9.1,0.58,1018.4,1.5,4.7,269.0,0.0,1777090634.0,1777140651.0,0.375,,18204863.0,0.0,1.0,0.0,26340.0,5.0,,,,,,2.195,2199.9,,,,6482.0,0.0,,,,2.431,,,0.0,0.0,,,,0.0,,,,media/84f3b2a4-921f-41d8-a528-f2e5b3b39dc8.jpg
18215376419,"Apr 22, 2026, 5:10:50 PM",Corsa serale,Run,"",1467,3.32,160.0,13,false,,New Balance Propel v4,activities/19318118214.fit.gz,,,1467.0,1463.0,3324.6,3.813,2.272,58.0,74.0,162.2,224.2,19.7,-0.4,,,84.0,71.0,160.0,132.0,,,240.0,,21.0,13.0,,,,,,,,,,,,,0.0,,1.0,3531.4,1776877200.0,3.0,14.6,10.9,3.1,0.46,1018.1,4.4,8.8,38.0,0.0,1776831715.0,1776881231.0,0.125,,18204863.0,0.72,5.0,0.78,29800.0,0.0,,,,,,2.266,1408.1,,,,3498.0,0.0,,,,2.414,,,0.0,0.0,,,,0.0,,,,media/7cbd6fbb-446b-4d78-bfa6-099726ac643d.jpg
18176305331,"Apr 19, 2026, 5:37:22 PM",Corsa serale,Run,"",2690,6.01,170.0,37,false,,New Balance Propel v4,activities/19278784701.fit.gz,,,2690.0,2619.0,6018.5,4.857,2.298,123.0,131.0,226.0,305.0,46.6,0.0,,,124.0,74.0,170.0,144.0,,,450.0,,21.0,37.0,,,,,,,,,,,,,0.0,,1.0,6342.9,1776618000.0,2.0,19.1,17.8,10.9,0.59,1014.9,3.3,7.6,272.0,0.0,1776572804.0,1776621821.0,0.125,,18204863.0,0.3,1.0,0.58,25840.0,0.0,,,,,,2.237,2290.7,,,,6450.0,0.0,,,,2.422,,,0.0,0.0,,,,0.0,,,,media/555ab929-4785-4b50-bc96-f06e2c4ebcaa.jpg
18122017599,"Apr 15, 2026, 5:19:29 PM",Corsa serale,Run,"",1842,4.02,166.0,15,false,,New Balance Propel v4,activities/19223967744.fit.gz,,,1842.0,1839.0,4021.6,3.12,2.187,85.0,86.0,150.8,226.0,16.8,0.0,,,111.0,69.0,166.0,132.0,,,313.0,,22.0,15.0,,,,,,,,,,,,,0.0,,1.0,4298.9,1776272400.0,1.0,17.3,14.9,11.3,0.68,1016.3,4.9,9.7,30.0,0.0,1776227597.0,1776275932.0,0.875,,18204863.0,0.0,1.0,0.24,25585.0,0.0,,,,,,2.183,1660.9,,,,4262.0,0.0,,,,2.338,,,0.0,0.0,,,,0.0,,,,media/a607b223-5740-472e-9210-47214a70181e.jpg
18106138594,"Apr 14, 2026, 3:26:37 PM",Corsa pomeridiana,Run,"",982,2.18,148.0,3,false,,New Balance Propel v4,activities/19207991563.fit.gz,,,982.0,982.0,2185.9,3.4,2.226,20.0,27.0,35.6,51.0,10.9,-0.2,,,83.0,70.0,148.0,120.0,,,153.0,,24.0,3.0,,,,,,,,,,,,,0.0,,1.0,2219.0,1776178800.0,3.0,16.8,14.1,12.2,0.74,1011.2,3.9,9.7,29.0,0.0,1776141261.0,1776189456.0,0.875,,18204863.0,0.99,5.0,0.95,26120.0,1.0,,,,,,2.226,1024.5,,,,2302.0,0.0,,,,2.26,,,0.0,0.0,,,,0.0,,,,media/90ee2d80-6906-481c-a3dd-b039f93183c2.jpg
17997390734,"Apr 6, 2026, 9:52:41 AM",Corsa dell'ora di pranzo,Run,,2334,3.73,162.0,8,false,,Nike Infinity Run,activities/19098005364.fit.gz,,,2334.0,2118.0,3731.1,4.58,1.762,55.0,117.0,232.8,312.0,26.8,-1.6,,,123.0,64.0,162.0,117.0,,,262.0,,24.0,8.0,,,,,,,,,,,,,0.0,,1.0,3827.7,1775466000.0,3.0,16.0,16.2,9.0,0.63,1026.6,1.8,4.6,272.0,0.0,1775450925.0,1775497696.0,0.625,,13405248.0,0.0,1.0,0.63,27722.0,3.0,,,,,,1.599,1537.7,,,,4370.0,0.0,,,,1.807,,,,,,,,,,,,media/376f0935-37db-42a6-ab18-953503bb6542.jpg
17336228895,"Feb 9, 2026, 7:02:35 AM",Corsa mattutina,Run,"",1327,2.62,150.0,4,false,,New Balance Propel v4,activities/18432886527.fit.gz,,,1327.0,1311.0,2621.1,3.514,1.999,11.0,26.0,103.8,128.6,10.2,-0.6,,,122.0,66.0,150.0,114.0,,,176.0,,20.0,4.0,,,,,,,,,,,,,0.0,,1.0,2612.0,1770620400.0,3.0,7.5,7.8,5.9,0.9,1006.1,1.1,2.1,86.0,0.0,1770618135.0,1770655010.0,0.625,,18204863.0,0.0,1.0,0.98,21141.0,0.0,,,,,,1.975,17.2,,,,2894.0,0.0,,,,1.992,,,0.0,0.0,,,,0.0,,,,""
16712879517,"Dec 11, 2025, 12:25:16 PM",Corsa pomeridiana,Run,"",1502,3.50,171.0,14,false,,New Balance Propel v4,activities/17802802570.fit.gz,,,1502.0,1477.0,3501.4,3.9,2.371,16.0,19.0,20.0,38.2,9.3,-0.1,,,122.0,72.0,171.0,134.0,,,258.0,,21.0,14.0,,,,,,,,,,,,,0.0,,1.0,3529.5,1765454400.0,2.0,12.3,14.0,9.0,0.8,1024.0,0.6,2.3,231.0,0.0,1765435149.0,1765467484.0,0.625,,18204863.0,0.0,1.0,0.58,34455.0,1.0,,,,,,2.331,1953.9,,,,3524.0,0.0,,,,2.39,,,0.0,0.0,,,,0.0,,,,media/6d112205-58a8-4631-9056-f12d4e6a2e09.jpg
16694735955,"Dec 9, 2025, 3:08:34 PM",Corsa pomeridiana,Run,"",1810,3.68,147.0,6,false,,New Balance Propel v4,activities/17784470604.fit.gz,,,1810.0,1725.0,3688.2,3.72,2.138,82.0,88.0,148.0,227.4,26.5,-0.2,,,122.0,68.0,147.0,119.0,,,276.0,,19.0,6.0,,,,,,,,,,,,,0.0,,1.0,3965.6,1765292400.0,1.0,12.8,14.1,9.4,0.8,1024.6,0.5,1.4,309.0,0.0,1765262233.0,1765294732.0,0.625,,18204863.0,0.0,1.0,0.12,33390.0,0.0,,,,,,2.038,1682.5,,,,3958.0,0.0,,,,2.299,,,0.0,0.0,,,,0.0,,,,media/cd8b96ce-ab26-4e8d-b958-1ef309002ece.jpg
16193730415,"Oct 19, 2025, 3:51:16 PM",Corsa pomeridiana,Run,,1656,4.00,169.0,20,false,,Nike Infinity Run,activities/17277700516.fit.gz,,,1656.0,1624.0,4004.3,4.333,2.466,48.0,45.0,250.2,286.2,20.8,0.0,,,88.0,75.0,169.0,143.0,,,320.0,,22.0,20.0,,,,,,,,,,,,,0.0,,1.0,4116.0,1760886000.0,3.0,19.4,19.4,7.8,0.47,1018.3,1.2,2.9,315.0,0.0,1760852097.0,1760891146.0,0.875,,13405248.0,0.0,5.0,0.78,31887.0,0.0,,,,,,2.418,0.0,,,,4000.0,0.0,,,,2.534,,,,,,,,,,,,""
16138808672,"Oct 14, 2025, 2:41:39 PM",Corsa pomeridiana,Run,"",2331,5.41,195.0,49,false,,New Balance Propel v4,activities/17222212476.fit.gz,,,2331.0,2331.0,5417.4,4.333,2.324,136.0,76.0,224.2,307.4,21.6,1.1,,,118.0,71.0,195.0,153.0,,,498.0,,25.0,49.0,,,,,,,,,,,,,0.0,,1.0,5865.4,1760450400.0,1.0,22.3,24.4,12.3,0.53,1018.3,1.0,3.4,354.0,0.0,1760419721.0,1760459633.0,0.75,,18204863.0,0.0,1.0,0.21,33559.0,2.0,,,,,,2.324,1682.8,,,,5510.0,0.0,,,,2.516,,,0.0,,,,,,,,,""
16022212670,"Oct 3, 2025, 4:44:23 PM",Corsa serale,Run,"",1445,3.47,161.0,8,false,,New Balance Propel v4,activities/17104240291.fit.gz,,,1445.0,1431.0,3474.9,4.85,2.428,35.0,36.0,251.8,285.4,13.8,-0.1,,,92.0,73.0,161.0,133.0,,,267.0,,21.0,8.0,,,,,,,,,,,,,0.0,,1.0,3524.1,1759507200.0,2.0,16.9,17.0,8.1,0.56,1018.9,1.5,3.7,14.0,0.0,1759468536.0,1759510379.0,0.375,,18204863.0,0.0,1.0,0.55,33897.0,0.0,,,,,,2.405,0.0,,,,3522.0,0.0,,,,2.463,,,0.0,,,,,,,,,""
15968564839,"Sep 28, 2025, 4:30:55 PM",Corsa serale,Run,Si riparte dal RunWalkRun,2754,5.69,173.0,29,false,,New Balance Propel v4,activities/17049853475.fit.gz,,,2754.0,2721.0,5689.9,3.38,2.091,118.0,111.0,138.2,231.0,31.1,0.0,,,114.0,70.0,173.0,137.0,,,522.0,,22.0,29.0,,,,,,,,,,,,,0.0,,1.0,6066.4,1759075200.0,1.0,19.3,18.6,12.1,0.63,1016.0,3.8,7.7,23.0,0.0,1759036183.0,1759078911.0,0.125,,18204863.0,0.17,5.0,0.02,33304.0,0.0,,,,,,2.066,1793.5,,,,6394.0,0.0,,,,2.229,,,0.0,,,,,,,,,""
15919899345,"Sep 24, 2025, 10:56:33 AM",test 5’,Run,"5’ a 4’15” con 193bpm 

stavo meglio quando correvo la mezza a questo ritmo con <170bpm🙃",873,2.02,193.0,16,false,,New Balance Propel v4,activities/17000059729.fit.gz,,,873.0,848.0,2025.3,4.467,2.388,25.0,42.0,161.0,180.6,15.0,-0.5,,,87.0,70.0,193.0,149.0,,,178.0,,27.0,16.0,,,,,,,,,,,,,0.0,,1.0,2072.6,1758708000.0,2.0,20.4,20.5,14.3,0.68,1014.8,3.2,7.6,261.0,0.0,1758690307.0,1758733750.0,0.125,,18204863.0,0.8,5.0,0.41,33833.0,4.0,,,,,,2.32,186.9,,,,1966.0,0.0,,,,2.444,,,0.0,,,,,,,,,""
15913049008,"Sep 22, 2025, 10:50:20 AM",Corsa dell'ora di pranzo,Run,"",2041,4.31,173.0,24,false,,New Balance Propel v4,activities/16993014355.fit.gz,,,2041.0,2041.0,4315.3,3.46,2.114,112.0,105.0,158.4,233.4,46.2,0.2,,,84.0,70.0,173.0,136.0,,,407.0,,29.0,24.0,,,,,,,,,,,,,0.0,,1.0,4732.1,1758535200.0,3.0,24.2,22.3,18.6,0.71,1012.0,4.9,10.5,171.0,0.6,1758517373.0,1758561174.0,0.0,,18204863.0,0.79,5.0,0.91,20897.0,4.0,,,,,,2.114,1598.7,,,,4746.0,0.0,,,,2.319,,,0.0,,,,,,,,,""
15732113766,"Sep 7, 2025, 3:35:04 PM",Pedalata pomeridiana - BPM>W,Ride,"",2726,17.15,179.0,42,false,,,activities/16804722058.fit.gz,,9.0,2726.0,2648.0,17157.7,18.52,6.479,266.0,258.0,97.6,315.4,11.8,0.0,,,,,179.0,145.0,,131.0,483.0,,29.0,42.0,,,,,,,,,,,,,0.0,,1.0,,1757257200.0,2.0,28.9,29.6,12.8,0.37,1016.4,1.6,4.1,293.0,0.0,1757220368.0,1757266822.0,0.375,,,0.0,1.0,0.58,33023.0,2.0,,,,,,6.294,13.5,,,,,0.0,,,,,,,0.0,,,,,,,,,""
15213646297,"Jul 23, 2025, 6:50:12 AM",Escursione mattutina,Hike,,24051,7.53,164.0,33,false,,ASICS Novablast 2,activities/16246768178.fit.gz,,,24051.0,8814.0,7529.7,2.14,0.854,715.0,456.0,1881.2,2548.8,49.5,0.4,,,122.0,25.0,164.0,110.0,,,648.0,,24.0,33.0,,,,,,,,,,,,,0.0,,1.0,,1753250432.0,2.0,11.0,13.1,8.6,0.85,1015.7,0.9,2.2,135.0,0.1,1753242240.0,1753296896.0,0.875,,10952994.0,0.45,5.0,0.41,11535.0,1.0,,,,,,0.313,7347.6,,,,15776.0,0.0,,,,,,15776.0,,,,,,,,,,""
15201590871,"Jul 22, 2025, 7:42:04 AM",Escursione mattutina,Hike,,26438,19.48,170.0,44,false,,ASICS Novablast 2,activities/16233911340.fit.gz,,,26438.0,16073.0,19481.8,6.189,1.212,535.0,1040.0,1359.6,2066.8,48.3,-2.6,,,123.0,38.0,170.0,101.0,,,1550.0,,27.0,44.0,,,,,,,,,,,,,0.0,,1.0,,1753167616.0,1.0,15.1,18.8,9.9,0.71,1013.2,0.3,2.3,353.0,0.0,1753155840.0,1753210496.0,0.875,,10952994.0,0.28,5.0,0.04,29761.0,3.0,,,,,,0.737,17223.4,,,,27298.0,0.0,,,,,,27298.0,,,,,,,,,,""
14836870957,"Jun 18, 2025, 7:36:20 AM",Camminata Gerfalco - Montieri (parco),Hike,"",8008,6.00,154.0,18,false,,ASICS Novablast 2,activities/15834678988.fit.gz,,,8008.0,5623.0,6004.0,3.125,1.068,431.0,349.0,487.6,828.2,50.0,1.3,,,108.0,53.0,154.0,113.0,,,769.0,,30.0,18.0,,,,,,,,,,,0.0,,0.0,,1.0,,1750230016.0,1.0,20.0,20.5,12.7,0.63,1019.4,4.0,9.5,48.0,0.0,1750217728.0,1750273152.0,0.625,,10952994.0,0.25,5.0,0.0,28551.0,3.0,,,,,0.0,0.75,342.9,,,,9918.0,,,,,,,9918.0,,,,,,,,,,""
14825893933,"Jun 17, 2025, 8:21:41 AM",Sopralluogo camminata Gerfalco,Run,"",4737,7.81,186.0,88,false,,Altra Torin 6,activities/15822874186.fit.gz,,,4737.0,4499.0,7817.2,4.02,1.738,367.0,413.0,480.4,743.0,48.4,-0.8,,,123.0,69.0,186.0,154.0,,,780.0,,28.0,88.0,,,,,,,,,,,0.0,,0.0,,1.0,9735.2,1750147200.0,2.0,18.3,15.9,12.3,0.68,1018.2,5.6,12.9,32.0,0.0,1750131328.0,1750186752.0,0.625,,15668255.0,0.12,5.0,0.45,29785.0,4.0,,,,,0.0,1.65,305.3,,,,9256.0,,,,,2.164,,,,,,,,,,,,""
14453061384,"May 11, 2025, 1:41:59 PM",Pedalata pomeridiana,Ride,,6434,31.25,194.0,106,false,,,activities/15420455719.fit.gz,,,6434.0,4848.0,31253.2,15.32,6.447,431.0,419.0,38.8,226.4,25.2,0.1,,,,,194.0,152.0,,133.0,935.0,,23.0,106.0,,,,,,,,,,,,,0.0,,1.0,,1746968448.0,1.0,23.4,24.8,11.8,0.48,1012.3,1.3,4.6,276.0,0.1,1746935680.0,1746988160.0,0.375,,,0.28,5.0,0.35,29929.0,5.0,,,,,0.0,4.858,54.5,,,,,,,,,,,,,,,,,,,,,""
14282249707,"Apr 19, 2025, 2:23:47 PM",Pedalata pomeridiana,Ride,,10689,50.48,186.0,172,false,,,activities/15240971423.fit.gz,,,10689.0,9092.0,50479.9,17.02,5.552,916.0,920.0,57.6,307.6,31.3,0.0,,,,,186.0,149.0,,123.0,1515.0,,23.0,172.0,,,,,,,,,,,,,0.0,,1.0,,1745071232.0,3.0,18.9,18.1,11.2,0.61,1013.4,2.0,5.3,161.0,0.0,1745036800.0,1745085824.0,0.625,,,0.0,1.0,0.92,26837.0,3.0,,,,,0.0,4.723,3050.2,,,,,,,,,,,,,,,,,,,,,""
14055764543,"Apr 2, 2025, 6:31:57 AM",Allenamento con i pesi mattutino,Weight Training,,2632,0,135.0,7,false,,,activities/15003994845.fit.gz,,,2632.0,2632.0,0.0,0.0,0.0,0.0,0.0,0.0,0.0,0.0,0.0,,,,,135.0,106.0,,,247.0,,27.0,7.0,,,,,,,,,,,,,0.0,,1.0,,,,,,,,,,,,,,,,,,,,,,,,,,,0.0,0.0,0.0,,,,,,,,,,,298.0,,,,,,,,,,""
14040573490,"Mar 31, 2025, 4:42:52 PM",Allenamento con i pesi serale,Weight Training,,2370,0,141.0,6,false,,,activities/14987859592.fit.gz,,,2370.0,2370.0,0.0,0.0,0.0,0.0,0.0,0.0,0.0,0.0,0.0,,,,,141.0,110.0,,,248.0,,29.0,6.0,,,,,,,,,,,,,0.0,,1.0,,,,,,,,,,,,,,,,,,,,,,,,,,,0.0,0.0,0.0,,,,,,,,,,,206.0,,,,,,,,,,""
14034779212,"Mar 28, 2025, 7:29:40 AM",Allenamento con i pesi mattutino,Weight Training,,3176,0,136.0,9,false,,,activities/14981577482.fit.gz,,,3176.0,3176.0,0.0,0.0,0.0,0.0,0.0,0.0,0.0,0.0,0.0,,,,,136.0,111.0,,,322.0,,27.0,9.0,,,,,,,,,,,,,0.0,,1.0,,,,,,,,,,,,,,,,,,,,,,,,,,,0.0,0.0,0.0,,,,,,,,,,,344.0,,,,,,,,,,""
13990155156,"Mar 26, 2025, 7:59:07 AM",Allenamento con i pesi mattutino,Weight Training,,2504,0,144.0,8,false,,,activities/14933586544.fit.gz,,,2504.0,2504.0,0.0,0.0,0.0,0.0,0.0,0.0,0.0,0.0,0.0,,,,,144.0,117.0,,,295.0,,28.0,8.0,,,,,,,,,,,,,0.0,,1.0,,,,,,,,,,,,,,,,,,,,,,,,,,,0.0,0.0,0.0,,,,,,,,,,,214.0,,,,,,,,,,""
13970597872,"Mar 24, 2025, 7:34:27 AM",Allenamento con i pesi mattutino,Weight Training,,1955,0,135.0,4,false,,,activities/14912695276.fit.gz,,,1955.0,1955.0,0.0,0.0,0.0,0.0,0.0,0.0,0.0,0.0,0.0,,,,,135.0,101.0,,,176.0,,27.0,4.0,,,,,,,,,,,,,0.0,,1.0,,,,,,,,,,,,,,,,,,,,,,,,,,,0.0,0.0,0.0,,,,,,,,,,,200.0,,,,,,,,,,""
13924075830,"Mar 19, 2025, 8:14:14 AM",Massimale stacco,Weight Training,"male male pt 2
max deadlift -> 130kg",2277,0,122.0,5,false,,,activities/14862484082.fit.gz,,,2277.0,2277.0,0.0,0.0,0.0,0.0,0.0,0.0,0.0,0.0,0.0,,,,,122.0,102.0,,,204.0,,27.0,5.0,,,,,,,,,,,0.0,,0.0,,1.0,,,,,,,,,,,,,,,,,,,,,,,,,,,0.0,0.0,0.0,,,,,,,,,,,40.0,,,,,,,,,,""
13915930754,"Mar 18, 2025, 11:57:17 AM",Corsa dell'ora di pranzo,Run,,1944,4.79,180.0,41,false,,Nike Infinity Run,activities/14853702648.fit.gz,,,1944.0,1893.0,4797.0,3.42,2.534,74.0,78.0,31.4,53.0,41.4,0.0,,,121.0,80.0,180.0,154.0,,,369.0,,21.0,41.0,,,,,,,,,,,,,0.0,,1.0,5016.4,1742295552.0,1.0,10.1,7.7,-2.2,0.42,1027.4,5.2,11.5,47.0,0.0,1742275328.0,1742318720.0,0.625,,13405248.0,0.0,1.0,0.0,33654.0,5.0,,,,,0.0,2.468,3132.4,,,,4998.0,,,,,2.65,,,,,,,,,,,,""
13905006701,"Mar 17, 2025, 7:19:01 AM",massimali panca e front squat,Weight Training,"male male 
panca -> 95kg
FS -> 115kg",3724,0,126.0,6,false,,,activities/14841857902.fit.gz,,,3724.0,3724.0,0.0,0.0,0.0,0.0,0.0,0.0,0.0,0.0,0.0,,,,,126.0,88.0,,,231.0,,26.0,6.0,,,,,,,,,,,0.0,,0.0,,1.0,,,,,,,,,,,,,,,,,,,,,,,,,,,0.0,0.0,0.0,,,,,,,,,,,106.0,,,,,,,,,,""
13901113249,"Mar 16, 2025, 4:42:39 PM",si riparte?,Run,"",2182,4.48,161.0,15,false,,Nike Infinity Run,activities/14837565893.fit.gz,,,2182.0,2177.0,4488.6,3.362,2.062,89.0,87.0,161.8,230.6,18.7,0.0,,,85.0,70.0,161.0,130.0,,,324.0,,18.0,15.0,,,,,,,,,,,0.0,,0.0,,1.0,4790.3,1742140800.0,1.0,11.0,7.3,3.3,0.59,1015.5,5.0,10.5,263.0,0.0,1742102784.0,1742145792.0,0.625,,13405248.0,0.0,1.0,0.37,29513.0,0.0,,,,,0.0,2.057,489.6,,,,5086.0,,,,,2.2,,,,,,,,,,,,""
13854668285,"Mar 11, 2025, 7:38:53 AM",Allenamento con i pesi mattutino,Weight Training,,1923,0,120.0,4,false,,,activities/14788010795.fit.gz,,,1923.0,1923.0,0.0,0.0,0.0,0.0,0.0,0.0,0.0,0.0,0.0,,,,,120.0,95.0,,,149.0,,27.0,4.0,,,,,,,,,,,,,0.0,,1.0,,,,,,,,,,,,,,,,,,,,,,,,,,,0.0,0.0,0.0,,,,,,,,,,,92.0,,,,,,,,,,""
13837372156,"Mar 9, 2025, 6:06:32 PM",Calcetto,Run,"",5072,5.81,165.0,16,false,,Nike Infinity Run,activities/14769212029.fit.gz,,,5072.0,4750.0,5811.5,5.68,1.223,56.0,46.0,156.0,172.8,28.6,0.1,,,118.0,74.0,165.0,133.0,,,677.0,,20.0,16.0,,,,,,,,,,,0.0,,0.0,,1.0,6003.1,1741543168.0,5.0,13.8,13.4,10.6,0.81,1009.0,2.0,5.0,132.0,1.0,1741498752.0,1741540480.0,0.375,,13405248.0,0.73,5.0,0.99,11447.0,0.0,,,,,0.0,1.146,0.0,,,,7306.0,,,,,1.264,,,,,,,,,,,,""
13817327688,"Mar 7, 2025, 7:47:56 AM",2RM squat - 3*3 panca,Weight Training,"2RM squat @132.5kg (135kg fallita la seconda) 

3*3 panca @80kg - easy",2024,0,118.0,4,false,,,activities/14747424510.fit.gz,,,2024.0,2024.0,0.0,0.0,0.0,0.0,0.0,0.0,0.0,0.0,0.0,,,,,118.0,96.0,,,159.0,,26.0,4.0,,,,,,,,,,,0.0,,0.0,,1.0,,,,,,,,,,,,,,,,,,,,,,,,,,,0.0,0.0,0.0,,,,,,,,,,,54.0,,,,,,,,,,""
13793933734,"Mar 5, 2025, 8:39:47 AM",Allenamento con i pesi mattutino,Weight Training,,3163,0,124.0,7,false,,,activities/14722104952.fit.gz,,,3163.0,3163.0,0.0,0.0,0.0,0.0,0.0,0.0,0.0,0.0,0.0,,,,,124.0,97.0,,,249.0,,27.0,7.0,,,,,,,,,,,,,0.0,,1.0,,,,,,,,,,,,,,,,,,,,,,,,,,,0.0,0.0,0.0,,,,,,,,,,,96.0,,,,,,,,,,""
13779640623,"Mar 3, 2025, 5:46:09 PM",Allenamento con i pesi serale,Weight Training,"",2642,0,130.0,7,false,,,activities/14706668668.fit.gz,,,2642.0,2642.0,0.0,0.0,0.0,0.0,0.0,0.0,0.0,0.0,0.0,,,,,130.0,107.0,,,261.0,,29.0,7.0,,,,,,,,,,,0.0,,0.0,,1.0,,,,,,,,,,,,,,,,,,,,,,,,,,,0.0,0.0,0.0,,,,,,,,,,,118.0,,,,,,,,,,""
13730032204,"Feb 26, 2025, 7:36:34 AM", + M. Press + Deadlift,Weight Training,Deadlift max rep 100kg: 12,1866,0,137.0,4,false,,,activities/14652686260.fit.gz,,,1866.0,1866.0,0.0,0.0,0.0,0.0,0.0,0.0,0.0,0.0,0.0,,,,,137.0,105.0,,,183.0,,26.0,4.0,,,,,,,,,,,0.0,,0.0,,1.0,,,,,,,,,,,,,,,,,,,,,,,,,,,0.0,0.0,0.0,,,,,,,,,,,98.0,,,,,,,,,,""
13711795947,"Feb 24, 2025, 7:38:16 AM",3RM Panca - 5*4 Squat 110kg,Weight Training,"3RM -> 87,5kg",2274,0,151.0,6,false,,,activities/14632914009.fit.gz,,,2274.0,2274.0,0.0,0.0,0.0,0.0,0.0,0.0,0.0,0.0,0.0,,,,,151.0,107.0,,,221.0,,26.0,6.0,,,,,,,,,,,0.0,,0.0,,1.0,,,,,,,,,,,,,,,,,,,,,,,,,,,0.0,0.0,0.0,,,,,,,,,,,96.0,,,,,,,,,,""
13709731100,"Oct 22, 2024, 3:12:58 PM",Corsa pomeridiana,Run,,2489,6.15,165.0,34,false,,Nike Infinity Run,activities/14630621614.fit.gz,,,2489.0,2483.0,6155.6,5.667,2.479,134.0,132.0,223.8,308.8,21.4,0.0,,,118.0,75.0,165.0,145.0,,,466.0,,24.0,34.0,,,,,,,,,,,,,0.0,,1.0,6531.8,1729609216.0,3.0,20.7,21.3,16.7,0.78,1026.4,1.3,2.4,53.0,0.2,1729575552.0,1729614080.0,0.625,,13405248.0,0.5,5.0,0.91,18116.0,0.0,,,,,0.0,2.473,0.0,,,,6198.0,,,,,2.631,,,,,,,,,,,,""
12675132134,"Oct 17, 2024, 5:49:41 AM",Fede mi tira il collo,Run,"",2044,6.45,187.0,110,false,,New Balance Propel v4,activities/13513961905.fit.gz,,,2044.0,2044.0,6449.3,4.925,3.155,12.0,15.0,39.0,52.2,5.3,-0.1,,,88.0,83.0,187.0,177.0,,,499.0,,22.0,110.0,,,,,,,,,,,0.0,,0.0,,1.0,6456.2,1729141248.0,3.0,14.5,14.8,13.4,0.93,1019.5,1.3,2.5,68.0,0.1,1729143168.0,1729182464.0,0.375,,18204864.0,0.89,5.0,0.68,20147.0,0.0,,,,,0.0,3.155,0.0,,,,5612.0,,,,,3.159,,,,,,,,,,,,""
12647719207,"Oct 13, 2024, 4:03:29 PM",vediamo se mi ricordo ancora come si fa,Run,"",2040,4.60,167.0,21,false,,New Balance Propel v4,activities/13484584940.fit.gz,,,2040.0,1939.0,4606.0,5.484,2.375,108.0,120.0,218.0,309.0,21.6,-0.3,,,90.0,74.0,167.0,142.0,,,321.0,,22.0,21.0,,,,,,,,,,,0.0,,0.0,,1.0,4906.6,1728835200.0,2.0,19.1,18.9,14.1,0.73,1018.8,2.2,4.0,263.0,0.0,1728797312.0,1728837376.0,0.375,,18204864.0,0.0,1.0,0.53,26123.0,0.0,,,,,0.0,2.258,0.0,,,,4672.0,,,,,2.53,,,,,,,,,,,,""
12647096661,"Sep 2, 2024, 4:18:04 PM",Corsa serale,Run,,2564,2.20,,,false,,Nike Infinity Run,activities/13483918152.fit.gz,,,2564.0,1235.0,2199.6,24.22,1.781,44.0,3.0,44.4,102.0,12.3,2.4,,,63.0,63.0,,,,,56.0,,31.0,,,,,,,,,,,,,,0.0,,1.0,2396.0,1725292800.0,3.0,29.7,30.3,17.1,0.47,1012.6,1.3,3.4,260.0,0.0,1725251968.0,1725299328.0,0.875,,13405248.0,0.37,5.0,0.79,28710.0,1.0,,,,,1.0,0.858,0.0,,,,2.0,,,,,1.94,,,,,,,,,,,,""
12274370168,"Aug 29, 2024, 4:27:36 PM",Corsa serale,Run,"",1349,4.25,187.0,29,false,,Nike Infinity Run,activities/13084887741.fit.gz,,,1349.0,1349.0,4249.4,3.904,3.15,3.0,12.0,-6.6,5.2,3.8,-0.2,,,87.0,83.0,187.0,153.0,,,290.0,,31.0,29.0,,,,,,,,,,,0.0,,0.0,,1.0,4239.2,1724947200.0,1.0,30.7,31.9,20.4,0.54,1015.3,4.0,8.1,305.0,0.0,1724906368.0,1724954240.0,0.875,,13405248.0,0.02,5.0,0.05,28238.0,1.0,,,,,0.0,3.15,41.7,,,,3720.0,,,,,3.142,,,,,,,,,,,,""
12153964462,"Aug 15, 2024, 7:34:28 AM",Colle della Crocetta,Hike,sotto la pioggia,19339,10.38,164.0,61,false,,Dynafit Trail,activities/12954089662.fit.gz,,,19339.0,12027.0,10381.6,2.56,0.863,1166.0,1001.0,1486.6,2650.4,50.0,0.0,,,125.0,55.0,164.0,122.0,,,1645.0,,23.0,61.0,,,,,,,,,,,0.0,,0.0,,1.0,,1723705216.0,3.0,17.4,18.3,11.2,0.67,1019.9,0.6,2.7,120.0,0.0,1723696384.0,1723747072.0,0.375,,19039024.0,0.21,5.0,0.76,25049.0,1.0,,,,,0.0,0.537,10158.7,,,,22368.0,,,,,,,22368.0,,,,,,,,,,""
12137906178,"Aug 13, 2024, 7:40:14 AM",Escursione mattutina,Hike,"",28093,12.42,171.0,52,false,,Dynafit Trail,activities/12937259013.fit.gz,,,28093.0,14960.0,12419.9,2.854,0.83,1134.0,1072.0,1198.0,2241.8,50.0,0.3,,,117.0,57.0,171.0,114.0,,,1951.0,,28.0,52.0,,,,,,,,,,,0.0,,0.0,,1.0,,1723532416.0,1.0,20.0,22.8,12.0,0.6,1016.1,0.9,2.8,140.0,0.1,1723523456.0,1723574528.0,0.25,,19039024.0,0.36,5.0,0.13,25113.0,2.0,,,,,0.0,0.442,12419.9,,,,27016.0,,,,,,,27016.0,,,,,,,,,,media/ccf5b6f2-6e35-4428-9fcb-16052cfb5ced.jpg
12137905574,"Aug 12, 2024, 8:48:56 AM",Escursione mattutina,Hike,"",18843,12.40,153.0,31,false,,Dynafit Trail,activities/12937258379.fit.gz,,,18843.0,11907.0,12408.2,3.752,1.042,679.0,732.0,1222.0,1891.8,49.9,-0.4,,,125.0,55.0,153.0,102.0,,,1220.0,,27.0,31.0,,,,,,,,,,,0.0,,0.0,,1.0,,1723449600.0,1.0,20.9,23.0,14.1,0.65,1019.4,1.4,4.1,146.0,0.0,1723436928.0,1723488128.0,0.125,,19039024.0,0.31,5.0,0.31,25345.0,3.0,,,,,0.0,0.659,12409.3,,,,19846.0,,,,,,,19846.0,,,,,,,,,,media/e2969136-28c4-4fb6-a639-5653628327c5.jpg
12070323425,"Aug 5, 2024, 3:33:22 PM",bpm>W,Ride,"",7091,35.65,184.0,164,false,,,activities/12866393611.fit.gz,,,7091.0,5235.0,35651.5,21.146,6.81,685.0,664.0,117.8,373.4,16.1,0.0,,,,,184.0,161.0,,168.0,1068.0,,34.0,164.0,,,,,,,,,,,0.0,,0.0,,1.0,,1722870016.0,2.0,34.4,34.7,15.3,0.32,1008.6,4.3,8.3,293.0,0.0,1722830976.0,1722882816.0,0.125,,,0.0,1.0,0.4,30474.0,3.0,,,,,0.0,5.028,252.2,,,,,,,,,,,,,,,,,,,,,""
12070321331,"Jul 19, 2024, 2:51:47 PM",Giro pomeridiano,Ride,,1237,7.82,150.0,8,true,,,activities/12866391498.fit.gz,,,1237.0,1197.0,7824.0,8.629,6.536,44.0,41.0,33.2,45.0,46.5,0.0,,,,,150.0,133.0,,104.0,202.0,,35.0,8.0,,,,,,,,,,,,,1.0,,1.0,,1721397632.0,1.0,36.2,37.3,17.8,0.34,1012.8,2.9,6.7,281.0,0.0,1721361024.0,1721415040.0,0.375,,,0.0,1.0,0.35,31155.0,5.0,,,,,0.0,6.325,1982.4,,,,,1.7,,,,,,,,,,,,,,,,""
12070321009,"Jul 19, 2024, 7:36:29 AM",Giro mattutino,Ride,,1478,8.12,143.0,6,true,,,activities/12866391105.fit.gz,,,1478.0,1432.0,8128.3,9.102,5.676,26.0,36.0,33.4,53.8,10.6,-0.1,,,,,143.0,125.0,,73.0,207.0,,30.0,6.0,,,,,,,,,,,,,1.0,,1.0,,1721372416.0,1.0,27.3,30.8,20.4,0.66,1016.8,0.6,2.8,312.0,0.0,1721361024.0,1721415040.0,0.375,,,0.0,1.0,0.0,29156.0,3.0,,,,,0.0,5.499,2061.2,,,,,1.77,,,,,,,,,,,,,,,,""
12070320818,"Jul 13, 2024, 4:14:41 PM",Giro serale,Ride,,7708,46.31,167.0,71,false,,,activities/12866390887.fit.gz,,,7708.0,6844.0,46310.0,18.866,6.767,699.0,693.0,63.6,397.4,37.2,0.0,,,,,167.0,136.0,,142.0,951.0,,30.0,71.0,,,,,,,,,,,,,0.0,,1.0,,1720886400.0,1.0,30.4,31.2,16.8,0.44,1009.8,4.9,8.6,275.0,0.0,1720842368.0,1720896896.0,0.125,,,0.0,1.0,0.0,30227.0,2.0,,,,,0.0,6.008,0.0,,,,,,,,,,,,,,,,,,,,,""
12070317671,"Jul 12, 2024, 4:59:52 PM",Corsa serale,Run,,2864,8.00,182.0,66,false,,Nike Infinity Run,activities/12866387803.fit.gz,,,2864.0,2824.0,8004.1,5.276,2.834,172.0,182.0,221.8,306.6,25.3,-0.1,,,88.0,78.0,182.0,154.0,,,583.0,,31.0,66.0,,,,,,,,,,,,,0.0,,1.0,8458.8,1720800000.0,1.0,32.0,33.1,18.2,0.44,1009.9,4.3,9.1,272.0,0.0,1720755968.0,1720810624.0,0.125,,13405248.0,0.0,1.0,0.0,28403.0,2.0,,,,,0.0,2.795,0.0,,,,7354.0,,,,,2.995,,,,,,,,,,,,""
11855398946,"Jul 10, 2024, 2:41:58 PM",Giro pomeridiano,Ride,"",1335,8.07,150.0,5,true,,,activities/12643057402.fit.gz,,,1335.0,1320.0,8075.5,8.895,6.118,52.0,48.0,34.2,47.2,14.6,0.0,,,,,150.0,120.0,,94.0,174.0,,33.0,5.0,,,,,,,,,,,0.0,,1.0,,1.0,,1720620032.0,1.0,35.3,37.3,19.0,0.38,1013.9,3.7,6.9,263.0,0.0,1720583040.0,1720637824.0,0.125,,,0.0,1.0,0.23,30147.0,5.0,,,,,0.0,6.049,2084.3,,,,,1.76,,,,,,,,,,,,,,,,""
11852111278,"Jul 10, 2024, 6:38:36 AM",Giro mattutino,Ride,"",1611,8.15,138.0,5,true,,,activities/12639660842.fit.gz,,,1611.0,1495.0,8157.3,9.096,5.456,40.0,51.0,33.2,54.4,9.9,-0.1,,,,,138.0,119.0,,78.0,196.0,,28.0,5.0,,,,,,,,,,,0.0,,1.0,,1.0,,1720591232.0,1.0,23.5,24.6,18.4,0.73,1016.0,0.4,2.0,174.0,0.0,1720583040.0,1720637824.0,0.125,,,0.0,1.0,0.3,26786.0,1.0,,,,,0.0,5.064,2049.6,,,,,1.77,,,,,,,,,,,,,,,,""
11852110839,"Jul 9, 2024, 2:50:32 PM",Giro pomeridiano,Ride,"",1334,7.95,165.0,13,true,,,activities/12639660347.fit.gz,,,1334.0,1280.0,7956.3,9.3,6.216,160.0,124.0,28.2,100.0,34.8,0.4,,,,,165.0,135.0,,154.0,223.0,,33.0,13.0,,,,,,,,,,,0.0,,1.0,,1.0,,1720533632.0,1.0,34.7,35.0,15.0,0.31,1014.5,1.7,4.5,281.0,0.0,1720496512.0,1720551424.0,0.125,,,0.0,1.0,0.1,31227.0,6.0,,,,,0.0,5.964,2101.0,,,,,1.73,,,,,,,,,,,,,,,,""
11852110388,"Jul 9, 2024, 6:38:44 AM",Giro mattutino,Ride,"",1423,7.29,141.0,5,true,,,activities/12639659938.fit.gz,,,1423.0,1337.0,7289.9,10.3,5.452,64.0,26.0,38.6,84.0,13.1,0.5,,,,,141.0,125.0,,94.0,196.0,,28.0,5.0,,,,,,,,,,,0.0,,1.0,,1.0,,1720504832.0,1.0,21.1,21.6,16.1,0.73,1016.6,0.6,2.3,87.0,0.0,1720496512.0,1720551424.0,0.125,,,0.0,1.0,0.0,27583.0,1.0,,,,,0.0,5.123,2609.4,,,,,1.59,,,,,,,,,,,,,,,,""
11816253691,"Jul 5, 2024, 5:20:41 PM",collinare ACDC,Run,"",2750,8.01,184.0,77,false,,ASICS Novablast 2,activities/12602591678.fit.gz,,,2750.0,2742.0,8009.7,5.494,2.921,138.0,139.0,225.0,305.6,20.1,0.0,,,113.0,79.0,184.0,159.0,,,594.0,,29.0,77.0,,,,,,,,,,,0.0,,0.0,,1.0,8354.0,1720198784.0,1.0,27.8,28.4,16.3,0.5,1013.5,4.2,7.8,278.0,0.0,1720150784.0,1720205952.0,0.875,,10952994.0,0.0,1.0,0.29,28951.0,1.0,,,,,0.0,2.913,0.0,,,,7226.0,,,,,3.047,,,,,,,,,,,,""
11787231725,"Jul 2, 2024, 4:15:40 AM",lento con Lore,Run,"",3193,8.00,174.0,37,false,,New Balance Propel v4,activities/12572656510.fit.gz,,,3193.0,2963.0,8008.8,5.377,2.703,144.0,142.0,225.2,306.8,17.0,0.0,,,90.0,79.0,174.0,142.0,,,561.0,,25.0,37.0,,,,,,,,,,,0.0,,0.0,,1.0,8388.0,1719892736.0,2.0,18.0,18.7,17.3,0.95,1008.7,0.5,1.4,71.0,0.0,1719891584.0,1719946880.0,0.875,,18204864.0,0.52,5.0,0.62,12912.0,0.0,,,,,0.0,2.508,0.0,,,,7790.0,,,,,2.831,,,,,,,,,,,,""
11762330164,"Jun 28, 2024, 5:57:12 PM",lento,Run,"",1699,4.39,178.0,21,false,,New Balance Propel v4,activities/12546909419.fit.gz,,,1699.0,1681.0,4392.7,3.622,2.613,78.0,79.0,159.2,225.8,19.2,-0.1,,,85.0,76.0,178.0,141.0,,,314.0,,29.0,21.0,,,,,,,,,,,0.0,,0.0,,1.0,4655.5,1719593984.0,1.0,29.4,31.4,19.9,0.56,1015.7,2.2,3.0,303.0,0.0,1719545856.0,1719601280.0,0.625,,18204864.0,0.0,1.0,0.3,28215.0,1.0,,,,,0.0,2.585,480.1,,,,4264.0,,,,,2.769,,,,,,,,,,,,""
11691062498,"Jun 19, 2024, 4:14:17 PM",lento,Run,"",3013,8.01,151.0,19,false,,ASICS Novablast 2,activities/12473633093.fit.gz,,,3013.0,3013.0,8009.3,5.292,2.658,146.0,138.0,222.2,309.8,23.7,0.1,,,94.0,77.0,151.0,135.0,,,540.0,,28.0,19.0,,,,,,,,,,,0.0,,0.0,,1.0,8421.2,1718812800.0,3.0,32.0,33.3,17.9,0.43,1016.2,1.9,4.7,251.0,0.0,1718768000.0,1718823680.0,0.375,,10952994.0,0.0,1.0,0.81,25941.0,2.0,,,,,0.0,2.658,0.0,,,,7748.0,,,,,2.795,,,,,,,,,,,,""
11682991367,"Jun 18, 2024, 4:53:58 PM",6×1000m Z3,Run,"allunghi
6×1000m 4'20km  (in realtà ne ho fatti 5)
recupero 200m CL
",2423,7.80,182.0,58,false,,New Balance Propel v4,activities/12465332534.fit.gz,,,2423.0,2341.0,7804.7,5.996,3.334,0.0,0.0,101.6,102.2,4.7,0.0,,,90.0,82.0,182.0,150.0,,,529.0,,32.0,58.0,,,,,,,,,,,0.0,,0.0,,1.0,7806.8,1718726400.0,1.0,32.3,33.3,17.0,0.4,1015.3,3.7,7.0,275.0,0.0,1718681600.0,1718737152.0,0.375,,18204864.0,0.0,1.0,0.01,28118.0,2.0,,,,,0.0,3.221,0.0,,,,6230.0,,,,,3.335,,,,,,,,,,,,""
11682989259,"Jun 18, 2024, 4:39:05 PM",riscaldamento,Run,"",730,2.14,153.0,7,false,,New Balance Propel v4,activities/12465330570.fit.gz,,,730.0,730.0,2143.2,4.117,2.936,18.0,14.0,99.8,108.4,10.1,0.2,,,82.0,80.0,153.0,142.0,,,144.0,,33.0,7.0,,,,,,,,,,,0.0,,0.0,,1.0,2178.8,1718726400.0,1.0,32.3,33.3,17.0,0.4,1015.3,3.7,7.0,275.0,0.0,1718681600.0,1718737152.0,0.375,,18204864.0,0.0,1.0,0.01,28118.0,2.0,,,,,0.0,2.936,0.0,,,,1944.0,,,,,2.985,,,,,,,,,,,,""
11664983060,"Jun 16, 2024, 8:07:09 AM",sgambata con i Brother,Ride,"",11336,62.90,178.0,70,false,,,activities/12446760200.fit.gz,,,11336.0,9292.0,62899.2,20.268,6.769,823.0,825.0,76.0,316.2,41.7,0.0,,,,,178.0,128.0,,137.0,1148.0,,26.0,70.0,,,,,,,,,,,0.0,,0.0,,1.0,,1718524800.0,2.0,21.2,21.7,16.1,0.72,1012.3,1.7,4.7,233.0,0.0,1718508800.0,1718564352.0,0.375,,,0.06,5.0,0.57,23592.0,4.0,,,,,0.0,5.549,53.4,,,,,,,,,,,,,,,,,,,,,media/b64cb37b-94c2-48ee-852e-883b19ff130f.jpg
11656173144,"Jun 15, 2024, 8:41:02 AM",medio,Run,"2km riscaldamento 
6km Z3
defaticamento 

calduccino",2859,9.20,177.0,74,false,,New Balance Propel v4,activities/12437659786.fit.gz,,,2859.0,2678.0,9207.4,4.447,3.438,46.0,43.0,55.6,102.0,7.2,-0.1,,,86.0,82.0,177.0,160.0,,,601.0,,28.0,74.0,,,,,,,,,,,0.0,,0.0,,1.0,9260.4,1718438400.0,1.0,21.2,21.1,13.5,0.61,1014.3,1.4,4.9,210.0,0.0,1718422400.0,1718477952.0,0.375,,18204864.0,0.0,1.0,0.0,27828.0,4.0,,,,,0.0,3.22,0.0,,,,7318.0,,,,,3.458,,,,,,,,,,,,""
11645324637,"Jun 13, 2024, 5:01:38 PM",10×200m,Run,"allunghi

10×200m (sub 40""- 3'20""/km)
(recupero 400m corsa lenta)",1897,6.21,184.0,76,false,,Saucony Endorphin Speed 3,activities/12426482854.fit.gz,,,1897.0,1747.0,6218.4,5.656,3.559,0.0,0.0,100.2,102.2,18.8,0.0,,,115.0,84.0,184.0,171.0,,,416.0,,26.0,76.0,,,,,,,,,,,0.0,,0.0,,1.0,6230.7,1718297984.0,1.0,20.9,20.6,12.4,0.58,1015.4,3.9,7.0,258.0,0.0,1718249600.0,1718305152.0,0.125,,17170504.0,0.32,5.0,0.18,27031.0,1.0,,,,,0.0,3.278,0.0,,,,4840.0,,,,,3.567,,,,,,,,,,,,""
11645323020,"Jun 13, 2024, 4:48:11 PM",riscaldamento,Run,"",718,2.20,161.0,12,false,,Saucony Endorphin Speed 3,activities/12426481238.fit.gz,,,718.0,718.0,2199.5,3.483,3.063,23.0,9.0,100.6,121.8,7.6,0.6,,,83.0,80.0,161.0,148.0,,,150.0,,26.0,12.0,,,,,,,,,,,0.0,,0.0,,1.0,2252.0,1718294400.0,1.0,21.7,21.4,12.2,0.55,1015.1,4.1,8.1,261.0,0.0,1718249600.0,1718305152.0,0.125,,17170504.0,0.32,5.0,0.24,27223.0,2.0,,,,,0.0,3.063,0.0,,,,1924.0,,,,,3.136,,,,,,,,,,,,""
11633179333,"Jun 12, 2024, 6:41:47 AM",Corsa mattutina,Run,,2170,5.95,173.0,39,false,,Nike Infinity Run,activities/12414023389.fit.gz,,,2170.0,2018.0,5953.5,4.81,2.95,15.0,2.0,44.8,60.0,4.0,0.2,,,85.0,81.0,173.0,153.0,,,406.0,,24.0,39.0,,,,,,,,,,,,,0.0,,1.0,5985.7,1718172032.0,1.0,18.9,19.0,14.5,0.76,1012.2,0.8,2.4,159.0,0.0,1718163200.0,1718218624.0,0.125,,13405248.0,0.39,5.0,0.09,26111.0,1.0,,,,,0.0,2.744,3230.9,,,,5470.0,,,,,2.966,,,,,,,,,,,,""
11629334484,"Jun 11, 2024, 4:42:29 PM",ripetute in soglia,Run,"riscaldamento 
allunghi
4*2000m in soglia (4'10-4'15""/km) - rec. 3' camminando 
defaticamento 

cuore sulla luna, un paio incomplete",4514,14.01,183.0,93,false,,ASICS Novablast 2,activities/12410072586.fit.gz,,,4514.0,4385.0,14009.0,4.652,3.195,34.0,34.0,49.8,65.4,4.9,0.0,,,87.0,81.0,183.0,146.0,,,952.0,,25.0,93.0,,,,,,,,,,,0.0,,0.0,,1.0,14045.0,1718121600.0,1.0,24.8,24.8,14.1,0.52,1010.4,3.9,7.3,284.0,0.0,1718076800.0,1718132224.0,0.125,,10952994.0,0.2,5.0,0.33,27420.0,2.0,,,,,0.0,3.103,0.0,,,,11662.0,,,,,3.203,,,,,,,,,,,,""
11608440667,"Jun 8, 2024, 7:57:25 PM",Macerata-Loreto 2024,Hike,"quest'anno nel corteo, molto lento ma senza sonno",31394,24.03,117.0,44,false,,,activities/12388552722.fit.gz,,,31394.0,31149.0,24037.0,2.35,0.772,252.0,214.0,22.6,161.8,34.1,0.2,,,96.0,50.0,117.0,77.0,,,1260.0,,30.0,44.0,,,,,,,,,,,0.0,,0.0,,1.0,,1717873152.0,3.0,24.2,25.0,17.4,0.66,1010.2,1.9,2.8,153.0,0.0,1717817216.0,1717872256.0,0.125,,,0.0,1.0,0.87,24494.0,0.0,,,,,0.0,0.766,1317.2,,,,44342.0,,,,,,,,,,,,,,,,,media/f01e67a0-0c38-4541-ac86-2622635cfa2e.mp4
11589841827,"Jun 6, 2024, 5:40:12 PM",defaticamento,Run,"",722,2.01,170.0,16,false,,Saucony Endorphin Speed 3,activities/12369421427.fit.gz,,,722.0,646.0,2018.3,4.038,3.124,4.0,2.0,100.0,105.2,3.1,0.0,,,87.0,81.0,170.0,158.0,,,142.0,,26.0,16.0,,,,,,,,,,,0.0,,0.0,,1.0,2029.9,1717693184.0,2.0,23.6,23.7,14.6,0.57,1017.9,3.5,6.1,261.0,0.0,1717644928.0,1717700096.0,0.875,,17170504.0,0.0,1.0,0.44,26048.0,1.0,,,,,0.0,2.795,0.0,,,,1748.0,,,,,3.142,,,,,,,,,,,,""
11589840552,"Jun 6, 2024, 5:16:08 PM",ripetute 600m,Run,"in teoria 6 in pratica 4. Sad. 3'30""/km",1358,4.37,187.0,36,false,,Saucony Endorphin Speed 3,activities/12369420091.fit.gz,,,1358.0,1347.0,4376.7,5.678,3.249,0.0,0.0,101.6,102.2,6.2,0.0,,,91.0,80.0,187.0,158.0,,,311.0,,25.0,36.0,,,,,,,,,,,0.0,,0.0,,1.0,4379.5,1717693184.0,2.0,23.6,23.7,14.6,0.57,1017.9,3.5,6.1,261.0,0.0,1717644928.0,1717700096.0,0.875,,17170504.0,0.0,1.0,0.44,26048.0,1.0,,,,,0.0,3.223,0.0,,,,3546.0,,,,,3.251,,,,,,,,,,,,""
11589469813,"Jun 6, 2024, 5:03:30 PM",riscaldamento,Run,"",456,1.41,159.0,6,false,,Saucony Endorphin Speed 3,activities/12369041875.fit.gz,,,456.0,456.0,1409.9,3.726,3.092,2.0,1.0,102.4,104.8,3.6,0.0,,,83.0,80.0,159.0,144.0,,,93.0,,28.0,6.0,,,,,,,,,,,0.0,,0.0,,1.0,1412.5,1717693184.0,2.0,23.6,23.7,14.6,0.57,1017.9,3.5,6.1,261.0,0.0,1717644928.0,1717700096.0,0.875,,17170504.0,0.0,1.0,0.44,26048.0,1.0,,,,,0.0,3.092,0.0,,,,1224.0,,,,,3.098,,,,,,,,,,,,""
11573437624,"Jun 4, 2024, 4:58:15 PM",interval training,Run,"doveva essere 6x3' a 3'45"" ma alla quarta sono detonato. 
Non vedevo da tanto 189bpm.

Defa camminando",3747,11.01,188.0,80,false,,ASICS Novablast 2,activities/12352588041.fit.gz,,,3747.0,3719.0,11017.0,4.978,2.962,28.0,24.0,51.2,68.4,6.8,0.0,,,89.0,80.0,188.0,154.0,,,770.0,,28.0,80.0,,,,,,,,,,,0.0,,0.0,,1.0,11047.2,1717516800.0,3.0,23.6,23.9,15.2,0.59,1013.5,3.6,6.1,264.0,0.3,1717472128.0,1717527168.0,0.875,,10952994.0,0.21,5.0,0.8,19613.0,1.0,,,,,0.0,2.94,0.0,,,,9778.0,,,,,2.97,,,,,,,,,,,,""
11519550255,"May 28, 2024, 5:15:37 PM",lento,Run,"",3006,8.02,157.0,21,false,,Altra Torin 6,activities/12297083873.fit.gz,,,3006.0,3003.0,8020.5,4.725,2.671,144.0,140.0,221.2,307.6,19.6,0.0,,,115.0,78.0,157.0,136.0,,,543.0,,23.0,21.0,,,,,,,,,,,0.0,,0.0,,1.0,8393.2,1716915584.0,1.0,21.8,21.9,14.6,0.64,1013.4,2.8,4.7,288.0,0.1,1716867584.0,1716921984.0,0.625,,15668255.0,0.46,5.0,0.26,22815.0,0.0,,,,,0.0,2.668,0.0,,,,7838.0,,,,,2.795,,,,,,,,,,,,""
11498986683,"May 26, 2024, 6:44:56 AM",1a Corsa del vino,Run,"Percorso non segnato, peccato. 
Dislivello non semplice. ",2472,9.61,188.0,126,false,,Saucony Endorphin Speed 3,activities/12275861955.fit.gz,,,2472.0,2462.0,9616.8,5.994,3.906,179.0,170.0,213.4,261.0,15.7,0.1,,,100.0,88.0,188.0,175.0,,,633.0,,23.0,126.0,,,,,,,,,,,0.0,,0.0,,1.0,10027.7,1716703232.0,2.0,14.4,14.1,12.3,0.88,1018.3,0.3,1.9,14.0,0.0,1716694784.0,1716749184.0,0.625,,17170504.0,0.0,1.0,0.45,17881.0,1.0,,,,,0.0,3.89,148.2,,,,7214.0,,,,,4.073,,,,,,,,,,,,""
11498985891,"May 26, 2024, 6:09:22 AM",riscaldamento,Run,"",1149,2.59,156.0,6,false,,Nike Infinity Run,activities/12275861129.fit.gz,,,1149.0,1022.0,2592.7,6.18,2.537,27.0,21.0,241.8,257.4,26.6,0.1,,,101.0,77.0,156.0,133.0,,,179.0,,21.0,6.0,,,,,,,,,,,0.0,,0.0,,1.0,2655.4,1716703232.0,2.0,14.4,14.1,12.3,0.88,1018.3,0.3,1.9,14.0,0.0,1716694784.0,1716749184.0,0.625,,13405248.0,0.0,1.0,0.45,17881.0,1.0,,,,,0.0,2.256,0.0,,,,2574.0,,,,,2.598,,,,,,,,,,,,""
11498507846,"May 24, 2024, 4:07:29 PM",corsa-camminata con Carlino,Run,"",1519,2.80,133.0,3,false,,ASICS Novablast 2,activities/12275361989.fit.gz,,,1519.0,1496.0,2804.4,3.169,1.875,23.0,27.0,248.6,270.2,8.8,-0.1,,,83.0,67.0,133.0,99.0,,,178.0,,27.0,3.0,,,,,,,,,,,0.0,,0.0,,1.0,2849.7,1716566400.0,3.0,21.7,21.4,12.0,0.54,1017.3,3.4,6.4,273.0,0.0,1716522112.0,1716576256.0,0.5,,10952994.0,0.15,5.0,0.66,27219.0,1.0,,,,,0.0,1.846,0.0,,,,3350.0,,,,,1.905,,,,,,,,,,,,""
11472850650,"May 22, 2024, 4:36:01 PM",6 x 1000m Z3,Run,"riscaldamento 
allunghi
6*1000m Z3 (4'30""/km) rec. 200m z1
defaticamento ",4108,13.65,174.0,92,false,,Saucony Endorphin Speed 3,activities/12248905738.fit.gz,,,4108.0,4090.0,13651.0,4.545,3.338,28.0,31.0,50.2,67.0,9.5,0.0,,,86.0,83.0,174.0,154.0,,,903.0,,23.0,92.0,,,,,,,,,,,0.0,,0.0,,1.0,13676.9,1716393600.0,3.0,20.4,20.1,12.2,0.59,1013.9,5.3,11.4,261.0,0.0,1716349440.0,1716403328.0,0.375,,17170504.0,0.27,5.0,0.72,25000.0,1.0,,,,,0.0,3.323,0.0,,,,11276.0,,,,,3.344,,,,,,,,,,,,""
11462240875,"May 21, 2024, 9:32:23 AM",lento,Run,"post febbre 
il cuore torna a salire come dovrebbe. 
Gambe ok.",2769,8.02,157.0,25,false,,Altra Torin 6,activities/12238018733.fit.gz,,,2769.0,2769.0,8019.3,3.52,2.896,55.0,115.0,135.8,229.4,17.8,-0.7,,,86.0,80.0,157.0,138.0,,,538.0,,24.0,25.0,,,,,,,,,,,0.0,,0.0,,1.0,8041.5,1716281984.0,3.0,17.3,17.4,14.8,0.85,1008.1,5.3,11.0,255.0,1.2,1716263040.0,1716316800.0,0.375,,15668255.0,0.93,5.0,0.79,9729.0,4.0,,,,,0.0,2.896,495.6,,,,7410.0,,,,,2.904,,,,,,,,,,,,""
11462240351,"May 15, 2024, 4:57:01 PM",Corsa serale,Run,,2649,7.01,142.0,9,false,,Nike Infinity Run,activities/12238018183.fit.gz,,,2649.0,2649.0,7011.5,3.409,2.647,75.0,98.0,151.0,226.2,18.1,-0.3,,,84.0,77.0,142.0,125.0,,,446.0,,25.0,9.0,,,,,,,,,,,,,0.0,,1.0,7188.1,1715788800.0,3.0,20.7,20.8,14.6,0.68,1006.6,2.1,4.3,266.0,0.1,1715745024.0,1715798016.0,0.125,,13405248.0,0.79,5.0,0.64,16970.0,1.0,,,,,0.0,2.647,496.7,,,,6786.0,,,,,2.714,,,,,,,,,,,,""
11410498236,"May 14, 2024, 5:04:51 PM",ripetute in salita,Run,"dovevano essere 8x400m in z5, sono diventati 5x300m. Non so gestirmi su ripetute così lunghe.

P.S. spingere dopo 8h nel campo è abbastanza difficile...",3286,9.01,173.0,21,false,,Saucony Endorphin Speed 3,activities/12184709065.fit.gz,,,3286.0,3181.0,9018.0,5.108,2.835,185.0,180.0,146.2,187.2,20.6,0.0,,,112.0,82.0,173.0,133.0,,,605.0,,24.0,21.0,,,,,,,,,,,0.0,,0.0,,1.0,9670.5,1715705984.0,3.0,20.8,20.6,13.1,0.62,1008.0,1.6,4.2,278.0,0.1,1715658624.0,1715711616.0,0.125,,17170504.0,0.32,5.0,0.96,25291.0,0.0,,,,,0.0,2.744,0.0,,,,8542.0,,,,,3.04,,,,,,,,,,,,""
11395648953,"May 12, 2024, 4:41:03 PM",medio,Run,"2km riscaldamento 
9km ritmo medio (4'35""/4'30""km)
2km defa",3969,13.52,175.0,85,false,,ASICS Novablast 2,activities/12169419731.fit.gz,,,3969.0,3935.0,13526.6,4.935,3.438,35.0,34.0,49.2,68.8,3.4,0.0,,,87.0,83.0,175.0,153.0,,,888.0,,27.0,85.0,,,,,,,,,,,0.0,,0.0,,1.0,13555.9,1715529600.0,2.0,24.2,23.6,11.0,0.44,1015.8,3.8,6.4,272.0,0.0,1715486080.0,1715538688.0,0.125,,10952994.0,0.0,1.0,0.42,26553.0,1.0,,,,,0.0,3.408,0.0,,,,10892.0,,,,,3.445,,,,,,,,,,,,""
11389398508,"May 10, 2024, 5:09:58 PM",Corsa serale,Run,,757,2.01,138.0,3,false,,Nike Infinity Run,activities/12162965301.fit.gz,,,757.0,754.0,2012.0,3.959,2.668,18.0,4.0,106.4,124.0,17.9,0.8,,,88.0,83.0,138.0,130.0,,,137.0,,26.0,3.0,,,,,,,,,,,,,0.0,,1.0,2058.0,1715360384.0,3.0,21.7,21.0,9.9,0.47,1016.5,3.8,8.5,41.0,0.0,1715313408.0,1715365760.0,0.125,,13405248.0,0.0,1.0,0.65,27092.0,0.0,,,,,0.0,2.658,0.0,,,,2080.0,,,,,2.729,,,,,,,,,,,,""
11389398336,"May 10, 2024, 4:53:26 PM",Corsa serale,Run,,670,2.21,167.0,6,false,,Nike Infinity Run,activities/12162965070.fit.gz,,,670.0,657.0,2209.8,5.326,3.364,0.0,0.0,99.6,102.2,20.9,0.1,,,91.0,83.0,167.0,140.0,,,142.0,,26.0,6.0,,,,,,,,,,,,,0.0,,1.0,2226.5,1715356800.0,2.0,22.2,21.4,9.5,0.44,1016.2,4.5,9.1,38.0,0.0,1715313408.0,1715365760.0,0.125,,13405248.0,0.0,1.0,0.4,27066.0,1.0,,,,,0.0,3.298,0.0,,,,1794.0,,,,,3.389,,,,,,,,,,,,""
11389398092,"May 10, 2024, 4:38:44 PM",Corsa serale,Run,,720,2.01,137.0,2,false,,Nike Infinity Run,activities/12162964827.fit.gz,,,720.0,720.0,2018.0,3.909,2.803,3.0,16.0,106.6,123.8,6.9,-0.6,,,84.0,81.0,137.0,123.0,,,128.0,,27.0,2.0,,,,,,,,,,,,,0.0,,1.0,2000.8,1715356800.0,2.0,22.2,21.4,9.5,0.44,1016.2,4.5,9.1,38.0,0.0,1715313408.0,1715365760.0,0.125,,13405248.0,0.0,1.0,0.4,27066.0,1.0,,,,,0.0,2.803,0.0,,,,1924.0,,,,,2.779,,,,,,,,,,,,""
11362617015,"May 8, 2024, 3:53:08 PM",lento collinare,Run,"devastato. 
Tra ieri in pista e oggi a lavoro sono arrivato cotto a puntino.",4255,12.00,157.0,33,false,,Altra Torin 6,activities/12135395465.fit.gz,,,4255.0,4233.0,12006.3,3.546,2.836,107.0,132.0,114.8,225.2,21.3,-0.2,,,86.0,81.0,157.0,138.0,,,804.0,,26.0,33.0,,,,,,,,,,,0.0,,0.0,,1.0,12203.5,1715180416.0,3.0,22.0,21.5,11.1,0.5,1014.4,3.0,6.0,20.0,0.0,1715140736.0,1715192832.0,0.0,,15668255.0,0.2,5.0,0.74,26404.0,2.0,,,,,0.0,2.822,474.7,,,,11482.0,,,,,2.883,,,,,,,,,,,,""
11354542195,"May 7, 2024, 4:58:08 PM",defaticamento,Run,"",891,2.57,159.0,17,false,,Saucony Endorphin Speed 3,activities/12127111637.fit.gz,,,891.0,884.0,2572.9,3.625,2.911,19.0,4.0,101.8,120.0,5.2,0.6,,,85.0,83.0,159.0,151.0,,,190.0,,26.0,17.0,,,,,,,,,,,0.0,,0.0,,1.0,2618.1,1715097600.0,2.0,17.5,17.5,14.0,0.8,1012.4,2.3,4.9,270.0,0.1,1715054336.0,1715106304.0,0.875,,17170504.0,0.8,5.0,0.55,16829.0,1.0,,,,,0.0,2.888,0.0,,,,2422.0,,,,,2.962,,,,,,,,,,,,""
11354541710,"May 7, 2024, 4:02:05 PM",ripetute in soglia,Run,"allunghi 100m
8 x 1000m in soglia (4'10""/4'15"")
recupero 300m Z1

il cuore è salito bene, gambe un po' impastate",3246,11.58,182.0,105,false,,Saucony Endorphin Speed 3,activities/12127110997.fit.gz,,,3246.0,3246.0,11583.9,5.478,3.569,0.0,0.0,101.0,102.2,8.9,0.0,,,122.0,84.0,182.0,163.0,,,774.0,,24.0,105.0,,,,,,,,,,,0.0,,0.0,,1.0,11589.1,1715097600.0,2.0,17.5,17.5,14.0,0.8,1012.4,2.3,4.9,270.0,0.1,1715054336.0,1715106304.0,0.875,,17170504.0,0.8,5.0,0.55,16829.0,1.0,,,,,0.0,3.569,0.0,,,,8968.0,,,,,3.57,,,,,,,,,,,,""
11354539559,"May 7, 2024, 3:50:33 PM",riscaldamento,Run,"",625,2.04,148.0,3,false,,Saucony Endorphin Speed 3,activities/12127108846.fit.gz,,,625.0,625.0,2040.3,3.908,3.264,3.0,23.0,98.0,120.8,4.1,-1.0,,,84.0,82.0,148.0,134.0,,,127.0,,24.0,3.0,,,,,,,,,,,0.0,,0.0,,1.0,2005.5,1715094016.0,3.0,17.2,17.2,14.1,0.82,1012.3,2.1,4.3,261.0,0.2,1715054336.0,1715106304.0,0.875,,17170504.0,0.8,5.0,0.71,15438.0,2.0,,,,,0.0,3.264,0.0,,,,1706.0,,,,,3.209,,,,,,,,,,,,""
11336990019,"May 5, 2024, 9:36:35 AM",lento z2,Run,"",5074,15.02,165.0,94,false,,Altra Torin 6,activities/12109058449.fit.gz,,,5074.0,4920.0,15027.0,3.709,3.054,133.0,156.0,100.8,225.6,17.7,-0.1,,,125.0,81.0,165.0,149.0,,,1031.0,,25.0,94.0,,,,,,,,,,,0.0,,0.0,,1.0,15276.6,1714899584.0,1.0,17.3,16.9,11.0,0.66,1018.4,1.9,5.2,263.0,0.0,1714881792.0,1714933376.0,0.875,,15668255.0,0.0,1.0,0.19,26105.0,5.0,,,,,0.0,2.962,508.0,,,,13220.0,,,,,3.105,,,,,,,,,,,,""
11316255000,"May 2, 2024, 4:10:13 PM",defaticamento,Run,"",568,1.72,163.0,9,false,,Saucony Endorphin Speed 3,activities/12087740449.fit.gz,,,568.0,559.0,1720.3,3.85,3.078,34.0,22.0,101.8,134.4,8.5,0.9,,,86.0,83.0,163.0,149.0,,,121.0,,18.0,9.0,,,,,,,,,,,0.0,,0.0,,1.0,1808.4,1714665600.0,3.0,13.2,12.7,9.6,0.78,1009.2,3.7,9.3,251.0,0.9,1714622720.0,1714674048.0,0.75,,17170504.0,0.88,5.0,0.95,21861.0,1.0,,,,,0.0,3.029,0.0,,,,1544.0,,,,,3.235,,,,,,,,,,,,""
11316254729,"May 2, 2024, 3:23:47 PM",interval training,Run,"allunghi
6 × [3' forte (3'55""/km) - 3' lento]",2625,9.22,178.0,63,false,,Saucony Endorphin Speed 3,activities/12087740080.fit.gz,,,2625.0,2622.0,9228.9,5.336,3.52,0.0,0.0,101.4,102.2,6.7,0.0,,,91.0,85.0,178.0,157.0,,,601.0,,18.0,63.0,,,,,,,,,,,0.0,,0.0,,1.0,9232.0,1714662016.0,3.0,13.5,13.0,9.6,0.77,1008.9,4.1,9.5,249.0,0.4,1714622720.0,1714674048.0,0.75,,17170504.0,0.87,5.0,0.97,18070.0,2.0,,,,,0.0,3.516,0.0,,,,7348.0,,,,,3.521,,,,,,,,,,,,""
11316252730,"May 2, 2024, 3:05:31 PM",riscaldamento,Run,tra i campi,1021,3.02,142.0,4,false,,Nike Infinity Run,activities/12087738118.fit.gz,,,1021.0,1011.0,3023.6,3.972,2.991,1.0,23.0,100.0,122.8,12.1,-0.7,,,87.0,82.0,142.0,135.0,,,200.0,,20.0,4.0,,,,,,,,,,,0.0,,0.0,,1.0,2990.5,1714662016.0,3.0,13.5,13.0,9.6,0.77,1008.9,4.1,9.5,249.0,0.4,1714622720.0,1714674048.0,0.75,,13405248.0,0.87,5.0,0.97,18070.0,2.0,,,,,0.0,2.961,0.0,,,,2760.0,,,,,2.958,,,,,,,,,,,,""
11309824314,"May 1, 2024, 5:26:37 PM",Zwift - Power Intervals #1 in Watopia,Virtual Ride,,2809,24.16,171.0,21,false,,,activities/12081121529.fit.gz,,,2809.0,2809.0,24161.1,15.464,8.601,126.0,0.0,-6.2,23.0,6.6,0.0,,,101.0,85.0,171.0,127.0,,145.0,389.0,,,21.0,,,,,,,,,184.0,2810.0,,,0.0,,1.0,,,,,,,,,,,,,,,,,,,,,,,,,,,0.0,8.601,0.0,,,,,,,54.0,84.0,,,,,,,,,,,,,media/e43626fb-56a5-4c09-b096-61d35ec850a1.jpg|media/ec42107b-defe-449e-bf25-406b25240847.jpg
11307642163,"Apr 30, 2024, 5:04:37 PM",collinare z1-z2,Run,"",4146,12.40,153.0,39,false,,Nike Infinity Run,activities/12078865910.fit.gz,,,4146.0,4146.0,12400.1,3.905,2.991,75.0,78.0,102.8,181.2,4.9,0.0,,,84.0,82.0,153.0,142.0,,,825.0,,25.0,39.0,,,,,,,,,,,0.0,,0.0,,1.0,12450.1,1714496384.0,3.0,23.0,23.3,15.4,0.62,1011.9,1.0,4.1,30.0,0.2,1714450176.0,1714500992.0,0.625,,13405248.0,0.21,5.0,0.88,24023.0,0.0,,,,,0.0,2.991,0.0,,,,11306.0,,,,,3.003,,,,,,,,,,,,""
11285259653,"Apr 28, 2024, 3:00:49 PM",medio z4,Run,"2km riscaldamento 
8 circa ritmo medio
defa

l'ho patito abbastanza, forse il caldo, forse il carico boh",3621,12.10,182.0,100,false,,Saucony Endorphin Speed 3,activities/12055824300.fit.gz,,,3621.0,3540.0,12106.7,4.665,3.42,47.0,47.0,47.6,71.6,4.8,-0.1,,,88.0,85.0,182.0,160.0,,,826.0,,30.0,100.0,,,,,,,,,,,0.0,,0.0,,1.0,12152.9,1714316416.0,3.0,25.1,24.4,10.4,0.4,1017.0,1.7,3.7,161.0,0.0,1714277504.0,1714328064.0,0.625,,17170504.0,0.0,1.0,0.74,23971.0,2.0,,,,,0.0,3.343,0.0,,,,9934.0,,,,,3.433,,,,,,,,,,,,""
11278204512,"Apr 27, 2024, 5:52:10 PM",lento z1,Run,"",3648,10.55,148.0,19,false,,Altra Torin 6,activities/12048613919.fit.gz,,,3648.0,3648.0,10557.9,3.316,2.894,63.0,64.0,114.6,180.0,3.6,0.0,,,84.0,81.0,148.0,137.0,,,694.0,,18.0,19.0,,,,,,,,,,,0.0,,0.0,,1.0,10598.7,1714237184.0,2.0,17.6,17.4,12.9,0.74,1015.4,1.0,3.2,341.0,0.0,1714191232.0,1714241664.0,0.625,,15668255.0,0.77,5.0,0.38,18423.0,0.0,,,,,0.0,2.894,0.0,,,,9888.0,,,,,2.905,,,,,,,,,,,,""
11269789729,"Apr 26, 2024, 4:57:09 PM",defaticamento,Run,nei campi,870,2.02,152.0,7,false,,Saucony Endorphin Speed 3,activities/12039915537.fit.gz,,,870.0,834.0,2024.4,3.444,2.427,39.0,23.0,102.0,139.2,37.1,0.9,,,119.0,78.0,152.0,140.0,,,157.0,,19.0,7.0,,,,,,,,,,,0.0,,0.0,,1.0,2195.1,1714147200.0,3.0,14.3,13.7,8.8,0.69,1011.5,1.7,3.1,209.0,0.3,1714104960.0,1714155136.0,0.625,,17170504.0,0.45,5.0,0.88,22184.0,1.0,,,,,0.0,2.327,0.0,,,,2162.0,,,,,2.632,,,,,,,,,,,,""
11269789499,"Apr 26, 2024, 4:19:29 PM",10x200m,Run,"recupero 400m corsa lenta 

l'obiettivo era farli sotto 40"" e non è stato difficile. 

Non sono più in grado di spingere come un tempo. LOL.",2085,7.31,179.0,61,false,,Saucony Endorphin Speed 3,activities/12039915177.fit.gz,,,2085.0,2079.0,7315.3,6.13,3.519,0.0,0.0,101.2,102.2,7.9,0.0,,,97.0,86.0,179.0,160.0,,,484.0,,16.0,61.0,,,,,,,,,,,0.0,,0.0,,1.0,7319.4,1714147200.0,3.0,14.3,13.7,8.8,0.69,1011.5,1.7,3.1,209.0,0.3,1714104960.0,1714155136.0,0.625,,17170504.0,0.45,5.0,0.88,22184.0,1.0,,,,,0.0,3.509,0.0,,,,5876.0,,,,,3.521,,,,,,,,,,,,""
11269788306,"Apr 26, 2024, 4:05:35 PM",riscaldamento,Run,"",642,2.05,146.0,3,false,,Saucony Endorphin Speed 3,activities/12039914066.fit.gz,,,642.0,642.0,2053.0,3.769,3.198,4.0,20.0,99.2,120.0,7.4,-0.8,,,84.0,82.0,146.0,132.0,,,127.0,,21.0,3.0,,,,,,,,,,,0.0,,0.0,,1.0,2027.1,1714147200.0,3.0,14.3,13.7,8.8,0.69,1011.5,1.7,3.1,209.0,0.3,1714104960.0,1714155136.0,0.625,,17170504.0,0.45,5.0,0.88,22184.0,1.0,,,,,0.0,3.198,0.0,,,,1754.0,,,,,3.157,,,,,,,,,,,,""
11263858252,"Apr 25, 2024, 1:48:01 PM",girata con Moro ed Ingegnere,Ride,"cuore top, gambe cotte",7601,48.38,175.0,67,false,,,activities/12033786868.fit.gz,,,7601.0,7219.0,48387.2,18.413,6.703,711.0,711.0,81.2,318.2,15.4,0.0,,,,,175.0,134.0,,139.0,966.0,,15.0,67.0,,,,,,,,,,,0.0,,0.0,,1.0,,1714050048.0,3.0,14.5,13.6,5.0,0.53,1007.8,1.2,4.2,338.0,0.0,1714018560.0,1714068736.0,0.625,,,0.35,5.0,0.67,25176.0,3.0,,,,,0.0,6.366,0.0,,,,,,,,,,,,,,,,,,,,,""
11255180238,"Apr 24, 2024, 4:12:43 PM",lento collinare,Run,"",2852,8.02,160.0,18,false,,Altra Torin 6,activities/12024675193.fit.gz,,,2852.0,2852.0,8022.5,5.058,2.813,149.0,151.0,225.2,310.0,22.3,0.0,,,113.0,81.0,160.0,136.0,,,539.0,,17.0,18.0,,,,,,,,,,,0.0,,0.0,,1.0,8406.0,1713974400.0,3.0,12.2,11.4,6.4,0.68,1006.4,2.5,5.2,275.0,0.1,1713932288.0,1713982208.0,0.5,,15668255.0,0.6,5.0,0.64,20244.0,1.0,,,,,0.0,2.813,0.0,,,,7640.0,,,,,2.947,,,,,,,,,,,,""
11248328100,"Apr 23, 2024, 4:47:38 PM",ripetute in soglia,Run,"2km riscaldamento 
6×600m in soglia (4'00""/4'10"") recupero 200m Z1
defa
",2881,8.73,183.0,69,false,,ASICS Novablast 2,activities/12017646566.fit.gz,,,2881.0,2849.0,8732.5,5.326,3.065,0.0,0.0,102.2,103.4,0.0,0.0,,,92.0,81.0,183.0,156.0,,,622.0,,17.0,69.0,,,,,,,,,,,0.0,,0.0,,1.0,8731.0,1713888000.0,3.0,10.8,10.1,7.1,0.78,1006.5,2.3,5.7,270.0,0.3,1713846016.0,1713895808.0,0.375,,10952994.0,0.79,5.0,0.88,20325.0,1.0,,,,,0.0,3.031,0.0,,,,7558.0,,,,,3.065,,,,,,,,,,,,""
11230159286,"Apr 21, 2024, 9:35:13 AM",lento z1,Run,"",2895,8.01,157.0,18,false,,Altra Torin 6,activities/11998901688.fit.gz,,,2895.0,2885.0,8012.8,5.036,2.777,137.0,138.0,228.2,309.8,17.5,0.0,,,118.0,79.0,157.0,136.0,,,538.0,,21.0,18.0,,,,,,,,,,,0.0,,0.0,,1.0,8354.8,1713689984.0,1.0,14.0,13.0,4.1,0.51,1014.3,1.9,6.1,41.0,0.0,1713673344.0,1713722752.0,0.375,,15668255.0,0.0,1.0,0.05,27711.0,4.0,,,,,0.0,2.768,0.0,,,,7564.0,,,,,2.896,,,,,,,,,,,,""
11223183956,"Apr 20, 2024, 10:28:40 AM",lento z2,Run,"",4185,13.23,159.0,87,false,,ASICS Novablast 2,activities/11991706297.fit.gz,,,4185.0,4176.0,13233.2,4.561,3.169,50.0,55.0,56.8,100.0,7.0,0.0,,,86.0,82.0,159.0,151.0,,,890.0,,23.0,87.0,,,,,,,,,,,0.0,,0.0,,1.0,13276.5,1713607168.0,3.0,14.3,13.5,6.7,0.6,1009.1,1.3,4.8,66.0,0.0,1713587072.0,1713636352.0,0.375,,10952994.0,0.46,5.0,0.85,24999.0,3.0,,,,,0.0,3.162,587.4,,,,11384.0,,,,,3.179,,,,,,,,,,,,""
11208813895,"Apr 18, 2024, 9:43:53 AM",8 x 400m,Run,"-3km riscaldamento Z1
-5 x 100m allunghi
-8 x 400m ritmo ripetute veloci - rec. 400m r. lento
-3km defaticamento ",4246,13.90,184.0,101,false,,Nike Infinity Run,activities/11976931676.fit.gz,,,4246.0,4246.0,13902.9,5.583,3.274,37.0,32.0,41.8,54.4,6.9,0.0,,,92.0,84.0,184.0,156.0,,,925.0,,22.0,101.0,,,,,,,,,,,0.0,,0.0,,1.0,13957.3,1713430784.0,2.0,14.3,13.4,5.3,0.55,1007.8,1.2,5.7,8.0,0.0,1713414400.0,1713463424.0,0.375,,13405248.0,0.66,5.0,0.4,24999.0,3.0,,,,,0.0,3.274,3801.5,,,,11830.0,,,,,3.287,,,,,,,,,,,,""
11197621542,"Apr 16, 2024, 4:58:04 PM",lento,Run,"",3789,11.00,168.0,58,false,,Nike Infinity Run,activities/11965460866.fit.gz,,,3789.0,3789.0,11002.7,5.453,2.904,69.0,68.0,117.8,184.8,5.8,0.0,,,121.0,80.0,168.0,147.0,,,757.0,,21.0,58.0,,,,,,,,,,,0.0,,0.0,,1.0,11052.8,1713283200.0,2.0,16.3,15.6,9.0,0.62,1000.8,3.5,7.3,254.0,0.0,1713241856.0,1713290496.0,0.25,,13405248.0,0.0,1.0,0.61,22327.0,1.0,,,,,0.0,2.904,32.9,,,,10028.0,,,,,2.917,,,,,,,,,,,,""
11189406769,"Apr 15, 2024, 5:15:24 PM",lento z1,Run,si prova a riprendere dopo breve pausa per un dolore addominale. Oggi meglio. ,3173,8.63,157.0,24,false,,ASICS Novablast 2,activities/11957071014.fit.gz,,,3173.0,3166.0,8634.6,3.496,2.727,119.0,113.0,119.8,230.2,24.3,0.1,,,125.0,77.0,157.0,135.0,,,572.0,,20.0,24.0,,,,,,,,,,,0.0,,0.0,,1.0,8971.5,1713200384.0,3.0,20.2,19.6,10.3,0.53,1012.0,2.7,5.6,273.0,0.0,1713155584.0,1713203968.0,0.125,,10952994.0,0.0,1.0,0.82,26760.0,0.0,,,,,0.0,2.721,494.9,,,,8148.0,,,,,2.834,,,,,,,,,,,,""
11188806448,"Apr 10, 2024, 3:50:58 PM",Corsa pomeridiana,Run,,2033,4.44,161.0,8,false,,Nike Infinity Run,activities/11956460956.fit.gz,,,2033.0,1855.0,4439.9,3.794,2.393,88.0,83.0,153.0,232.6,28.9,0.2,,,86.0,75.0,161.0,122.0,,,299.0,,22.0,8.0,,,,,,,,,,,,,0.0,,1.0,4775.2,1712761216.0,1.0,18.2,17.5,8.7,0.54,1016.6,3.3,6.3,153.0,0.0,1712724096.0,1712771584.0,0.125,,13405248.0,0.71,5.0,0.29,24572.0,2.0,,,,,0.0,2.184,486.0,,,,4674.0,,,,,2.574,,,,,,,,,,,,""
11125020712,"Apr 7, 2024, 7:03:05 AM",40° Mezza Maratona di Firenze,Run,"Ovviamente sono 21,10km -> media 4'21""/km

Molto soddisfatto. Un po' di problemi all'inizio per la troppa gente, ho dovuto rincorrere per i primi 5km i pacer di 1h35'; Dal 16 sono andato da solo cercando una leggera progressione. 

Tolte le vesciche al tendine di Achille per le scarpe nuove (coglione), tutto perfetto. ",5503,20.85,181.0,183,false,,Saucony Endorphin Speed 3,activities/11890705165.fit.gz,,,5503.0,5493.0,20851.9,6.4,3.796,163.0,163.0,40.4,58.6,21.8,0.0,,,96.0,86.0,181.0,164.0,,,1335.0,,23.0,183.0,,,,,,,,,,,0.0,,0.0,,1.0,21180.8,1712473216.0,1.0,13.5,12.8,7.8,0.68,1023.0,0.5,1.5,71.0,0.0,1712465152.0,1712512128.0,0.875,,17170504.0,0.0,1.0,0.12,26850.0,1.0,,,,,0.0,3.789,0.0,,,,15882.0,,,,,3.856,,,,,,,,,,,,""
11105048649,"Apr 4, 2024, 1:04:50 PM",sgambatina scaccia pensieri,Ride,,3911,29.21,178.0,80,false,,Scott Addict,activities/11105048649.gpx,,8.5,3911.0,3669.0,29213.6,16.768,7.962,246.8,250.4,53.6,234.6,8.9,0.0,,,,,178.0,153.0,,150.0,612.0,,,80.0,,,,,,,,,,,0.0,,0.0,,1.0,,1712235648.0,3.0,19.3,18.7,9.9,0.54,1020.4,4.8,9.8,263.0,0.0,1712206336.0,1712252800.0,0.875,8484514.0,,0.0,1.0,0.69,25013.0,3.0,,,,,0.0,7.47,126.1,,,,,,,,,,,,,,,,,,,,,""
11103869475,"Apr 4, 2024, 10:13:15 AM","fartlek 30""/1'",Run,"scarpine nuove

-3km riscaldamento 
-(30"" <4'00""/km - 1' ritmo lento)×8volte
-defaticamento ",2482,8.07,177.0,44,false,,Saucony Endorphin Speed 3,activities/11868930745.fit.gz,,,2482.0,2462.0,8074.9,4.943,3.28,7.0,7.0,43.0,47.2,4.4,0.0,,,92.0,83.0,177.0,150.0,,,539.0,,22.0,44.0,,,,,,,,,,,0.0,,0.0,,1.0,8086.2,1712224768.0,3.0,16.5,16.1,10.5,0.68,1021.4,2.9,5.6,248.0,0.0,1712206208.0,1712252800.0,0.875,,17170504.0,0.0,1.0,0.82,25988.0,3.0,,,,,0.0,3.253,2799.4,,,,6758.0,,,,,3.284,,,,,,,,,,,,""
11097073008,"Apr 3, 2024, 10:38:41 AM",4x1000m,Run,"3km riscaldamento
4x1000m in soglia (4'20"") - recupero 2' ritmo lento
defaticamento ",3746,12.01,184.0,113,false,,Nike Infinity Run,activities/11861935140.fit.gz,,,3746.0,3746.0,12011.5,4.402,3.206,36.0,33.0,52.6,67.0,5.2,0.0,,,86.0,83.0,,161.0,,,846.0,,24.0,113.0,,,,,,,,,,,0.0,,0.0,,1.0,12048.4,1712138368.0,3.0,15.9,15.2,8.6,0.62,1017.9,2.0,5.8,174.0,0.0,1712119936.0,1712166272.0,0.875,,13405248.0,0.0,1.0,0.76,27677.0,4.0,,,,,0.0,3.206,0.0,,,,10242.0,,,,,,,,,,,,,,,,,""
11084803192,"Apr 1, 2024, 2:20:15 PM",Zwift - Zone 2 in New York,Virtual Ride,,3666,24.46,150.0,27,false,,,activities/11849073093.fit.gz,,,3666.0,3666.0,24465.6,20.644,6.674,417.0,0.0,4.4,132.8,19.2,0.0,,,112.0,85.0,,133.0,,143.0,498.0,,,27.0,,,,,,,,,146.0,3667.0,,,0.0,,1.0,,,,,,,,,,,,,,,,,,,,,,,,,,,0.0,6.674,0.0,,,,,,,,,,,,,,,,,,,,,media/956dede7-3996-4350-bd8f-90e1cc1d73ff.jpg
11073945609,"Mar 31, 2024, 5:46:15 AM",lungo in progressione,Run,"1h ritmo lento
5km ritmo mezza
defa",5963,19.01,178.0,103,false,,Nike Infinity Run,activities/11837310824.fit.gz,,,5963.0,5956.0,19014.0,4.398,3.192,67.0,67.0,50.8,94.8,5.2,0.0,,,88.0,83.0,,151.0,,,1260.0,,17.0,103.0,,,,,,,,,,,0.0,,0.0,,1.0,19062.4,1711861248.0,3.0,12.2,11.8,10.5,0.89,1006.2,1.0,2.3,95.0,0.0,1711861120.0,1711906944.0,0.625,,13405248.0,0.51,5.0,0.94,18370.0,0.0,,,,,0.0,3.189,0.0,,,,16564.0,,,,,,,,,,,,,,,,,""
11068406179,"Mar 30, 2024, 10:22:24 AM",lento,Run,"",2568,7.05,160.0,28,false,,Nike Infinity Run,activities/11831150301.fit.gz,,,2568.0,2543.0,7053.3,3.652,2.774,105.0,100.0,156.2,227.2,17.0,0.0,,,86.0,79.0,,140.0,,,484.0,,26.0,28.0,,,,,,,,,,,0.0,,0.0,,1.0,7349.4,1711792768.0,3.0,20.1,19.3,8.5,0.47,1006.2,4.4,9.2,147.0,0.0,1711774848.0,1711820416.0,0.625,,13405248.0,0.21,5.0,0.72,21940.0,3.0,,,,,0.0,2.747,481.6,,,,6668.0,,,,,,,,,,,,,,,,,""
11055055344,"Mar 28, 2024, 11:30:19 AM",10km in soglia (in teoria),Run,"4km riscaldamento
3km dei 10 in soglia, poi sono detonato mentalmente. Boh. 
defa",4262,13.45,178.0,86,false,,ASICS Novablast 2,activities/11817092761.fit.gz,,,4262.0,4174.0,13456.7,4.529,3.224,90.0,93.0,49.4,74.0,17.3,0.0,,,120.0,84.0,,153.0,,,908.0,,24.0,86.0,,,,,,,,,,,0.0,,0.0,,1.0,13592.4,1711623552.0,8.0,16.6,16.4,12.7,0.78,1002.3,7.8,17.5,203.0,0.4,1711602176.0,1711647488.0,0.625,,10952994.0,0.75,5.0,0.74,15183.0,3.0,,,,,0.0,3.157,2902.3,,,,11568.0,,,,,,,,,,,,,,,,,""
11042044395,"Mar 26, 2024, 2:02:13 PM",fartlek 1'/1',Run,"4km riscaldamento
8 x (1' a 4'00/km - 1' lento)
4km defa",3672,11.60,186.0,83,false,,Altra Torin 6,activities/11803151494.fit.gz,,,3672.0,3618.0,11608.3,4.916,3.208,23.0,25.0,41.8,53.0,16.4,0.0,,,117.0,85.0,,155.0,,,795.0,,21.0,83.0,,,,,,,,,,,0.0,,0.0,,1.0,11636.6,1711461632.0,5.0,12.8,12.3,9.7,0.82,997.1,2.5,4.9,33.0,1.6,1711429632.0,1711474560.0,0.625,,15668255.0,0.81,5.0,0.99,5968.0,2.0,,,,,0.0,3.161,1768.8,,,,10162.0,,,,,,,,,,,,,,,,,""
11026044525,"Mar 24, 2024, 7:48:18 AM",lungo lento,Run,"inizialmente tanta fatica, dopo 5-6km meglio",6395,20.05,161.0,76,false,,Altra Torin 6,activities/11786685675.fit.gz,,,6395.0,6301.0,20058.3,4.223,3.183,71.0,72.0,49.8,100.4,8.3,0.0,,,87.0,84.0,,145.0,,,1276.0,,20.0,76.0,,,,,,,,,,,0.0,,0.0,,1.0,20106.7,1711263616.0,2.0,11.8,11.1,7.9,0.77,1008.4,2.6,4.8,237.0,0.0,1711257088.0,1711301632.0,0.375,,15668255.0,0.0,1.0,0.5,22945.0,1.0,,,,,0.0,3.137,2952.9,,,,17576.0,,,,,,,,,,,,,,,,,""
11007286356,"Mar 21, 2024, 11:03:21 AM",tempo run,Run,"3km riscaldamento
7km 4'20""-4'30""/km
defa

Se riuscivo a farne 10 invece di 7 ero più contento. Forse ho tirato un po' troppo, oggi ero più da 4'32-4'35...",3926,12.65,179.0,92,false,,ASICS Novablast 2,activities/11767288504.fit.gz,,,3926.0,3685.0,12653.0,4.424,3.434,19.0,14.0,42.2,53.0,8.7,0.0,,,116.0,84.0,,157.0,,,824.0,,24.0,92.0,,,,,,,,,,,0.0,,0.0,,1.0,12683.5,1711018752.0,2.0,16.8,16.3,10.6,0.67,1023.5,3.1,7.1,252.0,0.0,1710998144.0,1711042176.0,0.375,,10952994.0,0.0,1.0,0.49,27638.0,4.0,,,,,0.0,3.223,1890.1,,,,10276.0,,,,,,,,,,,,,,,,,""
10992022725,"Mar 19, 2024, 10:13:58 AM",lento,Run,"",4578,13.81,162.0,63,false,,Nike Infinity Run,activities/11751629997.fit.gz,,,4578.0,4578.0,13815.5,3.851,3.018,157.0,152.0,106.2,233.0,22.3,0.0,,,88.0,82.0,,145.0,,,906.0,,24.0,63.0,,,,,,,,,,,0.0,,0.0,,1.0,14183.1,1710842368.0,1.0,15.6,15.2,10.7,0.72,1017.2,1.6,5.1,38.0,0.0,1710825600.0,1710869248.0,0.375,,13405248.0,0.0,1.0,0.27,26926.0,3.0,,,,,0.0,3.018,493.1,,,,12466.0,,,,,,,,,,,,,,,,,""
10976603463,"Mar 17, 2024, 7:00:55 AM",lento con progressione,Run,"8km lento 
5-6km ritmo mezza (4'30""/km)
8 km lento in progressione ",7139,22.70,173.0,113,false,,Altra Torin 6,activities/11735254552.fit.gz,,,7139.0,6903.0,22707.3,4.223,3.289,81.0,80.0,49.8,107.8,13.0,0.0,,,90.0,85.0,,151.0,,,1450.0,,17.0,113.0,,,,,,,,,,,0.0,,0.0,,1.0,22781.3,1710658816.0,3.0,9.3,8.7,7.8,0.9,1023.3,0.7,2.1,119.0,0.0,1710653056.0,1710696320.0,0.25,,15668255.0,0.0,1.0,0.93,11893.0,1.0,,,,,0.0,3.181,188.9,,,,19576.0,,,,,,,,,,,,,,,,,""
10973039256,"Mar 16, 2024, 3:44:12 PM",lento,Run,"",2629,8.01,166.0,35,false,,Nike Infinity Run,activities/11731519373.fit.gz,,,2629.0,2629.0,8013.5,5.532,3.048,150.0,148.0,222.6,307.2,22.7,0.1,,,95.0,82.0,,145.0,,,535.0,,21.0,35.0,,,,,,,,,,,0.0,,0.0,,1.0,8420.6,1710601216.0,2.0,16.4,16.0,11.3,0.72,1019.0,2.1,4.8,303.0,0.0,1710566784.0,1710609792.0,0.125,,13405248.0,0.42,5.0,0.39,21257.0,1.0,,,,,0.0,3.048,0.0,,,,7156.0,,,,,,,,,,,,,,,,,""
10956935326,"Mar 14, 2024, 10:40:19 AM",ripetute sul miglio (non concluse),Run,"intestino poco collaborativo, si riprova domani. ",2090,6.82,160.0,17,false,,ASICS Novablast 2,activities/11714865305.fit.gz,,,2090.0,2090.0,6826.0,4.376,3.266,10.0,6.0,42.2,47.8,6.7,0.1,,,88.0,82.0,,137.0,,,461.0,,19.0,17.0,,,,,,,,,,,0.0,,0.0,,1.0,6848.2,1710410368.0,3.0,12.9,12.3,9.0,0.77,1020.1,1.1,3.6,242.0,0.0,1710394112.0,1710436864.0,0.125,,10952994.0,0.0,1.0,0.84,27333.0,3.0,,,,,0.0,3.266,426.2,,,,5694.0,,,,,,,,,,,,,,,,,""
10942895002,"Mar 12, 2024, 10:48:59 AM",lento (in teoria in progressione),Run,"buone sensazioni all'inizio, poi forse per il caldo battiti alle stelle ed affanno. Peccato per la progressione mancata. ",5316,16.72,177.0,119,false,,Nike Infinity Run,activities/11700369666.fit.gz,,,5316.0,5302.0,16721.6,5.102,3.154,134.0,137.0,44.4,101.4,19.4,0.0,,,123.0,84.0,,154.0,,,1138.0,,22.0,119.0,,,,,,,,,,,0.0,,0.0,,1.0,17016.9,1710237568.0,2.0,13.2,12.6,9.1,0.76,1014.2,1.3,3.8,291.0,0.0,1710221568.0,1710263936.0,0.125,,13405248.0,0.0,1.0,0.42,25565.0,2.0,,,,,0.0,3.146,7450.4,,,,14776.0,,,,,,,,,,,,,,,,,""
10929511326,"Mar 10, 2024, 10:39:40 AM",lungo lento,Run,"tanta, troppa pioggia.
Dovevano essere almeno 20, ma non aveva senso continuare. ",5373,17.00,161.0,59,false,,Altra Torin 6,activities/11686450421.fit.gz,,,5373.0,5330.0,17008.6,4.918,3.191,168.0,172.0,49.4,90.8,44.3,0.0,,,95.0,85.0,,144.0,,,1070.0,,14.0,59.0,,,,,,,,,,,0.0,,0.0,,1.0,17320.4,1710064768.0,5.0,14.3,13.9,11.1,0.81,999.7,5.0,13.5,144.0,2.0,1710049024.0,1710091008.0,0.875,,15668255.0,0.89,5.0,0.99,12967.0,2.0,,,,,0.0,3.166,10244.2,,,,14966.0,,,,,,,,,,,,,,,,,""
10923170020,"Mar 9, 2024, 1:20:37 PM",lento,Run,gambe leggere come non mai. Spettacolare. ,2652,8.01,164.0,32,false,,Nike Infinity Run,activities/11679798241.fit.gz,,,2652.0,2626.0,8009.6,5.266,3.05,152.0,146.0,222.2,307.6,17.7,0.1,,,120.0,81.0,,142.0,,,521.0,,21.0,32.0,,,,,,,,,,,0.0,,0.0,,1.0,8412.9,1709989248.0,3.0,15.0,14.3,8.7,0.66,1009.1,2.1,3.9,143.0,0.0,1709962624.0,1710004480.0,0.875,,13405248.0,0.74,5.0,0.86,19996.0,2.0,,,,,0.0,3.02,0.0,,,,7074.0,,,,,,,,,,,,,,,,,""
10909139232,"Mar 7, 2024, 10:45:08 AM",medio svelto intervallato,Run,"15' riscaldamento
(3200m 4'30""/km - rec. 4' lento) * 4 volte
defaticamento 

mentalmente un po' tostina per ora si spinge abbastanza bene",5860,20.02,179.0,156,false,,ASICS Novablast 2,activities/11665235234.fit.gz,,,5860.0,5834.0,20026.9,4.759,3.433,18.0,15.0,39.2,51.4,6.8,0.0,,,88.0,84.0,,160.0,,,1304.0,,18.0,156.0,,,,,,,,,,,0.0,,0.0,,1.0,20041.9,1709805568.0,1.0,11.0,10.2,5.9,0.71,1018.2,0.4,2.5,332.0,0.0,1709790080.0,1709831552.0,0.875,,10952994.0,0.0,1.0,0.26,26674.0,2.0,,,,,0.0,3.418,4426.6,,,,16344.0,,,,,,,,,,,,,,,,,""
10894583664,"Mar 5, 2024, 10:42:13 AM",fartlek 1/1,Run,"15' riscaldamento
(1' intorno ai 4'00""/km - 1' rec.)×12volte

oggi le gambe giravano da paura ",3035,10.03,180.0,74,false,,ASICS Novablast 2,activities/11649223140.fit.gz,,,3035.0,2950.0,10031.7,4.771,3.401,40.0,40.0,52.2,67.8,28.8,0.0,,,91.0,85.0,,158.0,,,659.0,,22.0,74.0,,,,,,,,,,,0.0,,0.0,,1.0,10066.6,1709632768.0,3.0,13.8,13.2,9.5,0.76,1013.7,1.2,3.5,270.0,0.0,1709617536.0,1709658624.0,0.875,,10952994.0,0.0,1.0,0.9,24849.0,2.0,,,,,0.0,3.305,143.7,,,,8286.0,,,,,,,,,,,,,,,,,""
10881835058,"Mar 3, 2024, 11:06:51 AM",lento in progressione,Run,"-1h lento
-5km ritmo mezza (4'20""/4'30"")
-lento svelto",6831,22.02,181.0,189,false,,Altra Torin 6,activities/11630946263.fit.gz,,,6831.0,6809.0,22028.8,5.346,3.235,97.0,98.0,78.2,147.6,18.0,0.0,,,95.0,85.0,,159.0,,,1506.0,,20.0,189.0,,,,,,,,,,,0.0,,0.0,,1.0,22162.0,1709463552.0,3.0,14.3,13.7,8.9,0.7,1007.3,4.5,9.2,140.0,0.0,1709444864.0,1709485696.0,0.625,,15668255.0,0.67,5.0,0.91,27016.0,2.0,,,,,0.0,3.225,21785.4,,,,19234.0,,,,,,,,,,,,,,,,,""
10873095541,"Mar 2, 2024, 10:34:47 AM",lento,Run,"",2547,7.02,161.0,29,false,,Nike Infinity Run,activities/11621804163.fit.gz,,,2547.0,2547.0,7020.6,3.68,2.756,104.0,102.0,147.0,228.2,21.0,0.0,,,87.0,78.0,,137.0,,,472.0,,20.0,29.0,,,,,,,,,,,0.0,,0.0,,1.0,7324.0,1709373568.0,2.0,13.5,12.9,8.7,0.73,1010.3,5.6,10.4,251.0,0.0,1709358592.0,1709399168.0,0.625,,13405248.0,0.8,5.0,0.38,20081.0,2.0,,,,,0.0,2.756,465.6,,,,6592.0,,,,,,,,,,,,,,,,,""
10861101509,"Feb 29, 2024, 11:05:01 AM",7 x1200m (più o meno),Run,"quando non c'è la testa non si va da nessuna parte.
Promemoria: le ripetute falle in piano, anzi, in pista. ",4527,14.54,184.0,130,false,,Altra Torin 6,activities/11609456090.fit.gz,,,4527.0,4445.0,14540.2,4.493,3.271,95.0,94.0,146.4,179.6,11.3,0.0,,,90.0,84.0,,161.0,,,991.0,,22.0,130.0,,,,,,,,,,,0.0,,0.0,,1.0,14619.8,1709204352.0,3.0,16.7,16.3,10.8,0.68,1010.3,5.4,11.8,53.0,0.0,1709186048.0,1709226240.0,0.625,,15668255.0,0.0,1.0,0.7,26842.0,2.0,,,,,0.0,3.212,288.5,,,,12346.0,,,,,,,,,,,,,,,,,""
10840239354,"Feb 26, 2024, 11:46:48 AM","""lungo"" in progressione",Run,"dovevo farlo ieri ma sono rimasto a dormire...
tolta mezz'ora per non esagerare con domani",4124,12.46,179.0,91,false,,Nike Infinity Run,activities/11588005745.fit.gz,,,4124.0,4124.0,12461.0,4.441,3.022,137.0,142.0,115.6,231.8,21.4,0.0,,,89.0,81.0,,153.0,,,847.0,,15.0,91.0,,,,,,,,,,,0.0,,0.0,,1.0,12794.1,1708945152.0,5.0,9.1,7.2,4.9,0.75,1005.0,3.5,7.5,117.0,0.3,1708927104.0,1708966784.0,0.625,,13405248.0,0.79,5.0,0.98,13083.0,2.0,,,,,0.0,3.022,489.1,,,,11146.0,,,,,,,,,,,,,,,,,""
10827991202,"Feb 24, 2024, 3:23:09 PM",lento,Run,"all'inizio male male, poi meglio. ",2526,7.01,161.0,35,false,,Altra Torin 6,activities/11575227510.fit.gz,,,2526.0,2513.0,7009.4,3.55,2.789,99.0,99.0,153.6,232.0,17.8,0.0,,,85.0,79.0,,143.0,,,477.0,,17.0,35.0,,,,,,,,,,,0.0,,0.0,,1.0,7313.6,1708786816.0,3.0,11.3,10.6,7.0,0.75,1009.0,2.6,6.2,182.0,0.0,1708754432.0,1708793856.0,0.375,,15668255.0,0.34,5.0,0.86,24919.0,0.0,,,,,0.0,2.775,477.9,,,,6548.0,,,,,,,,,,,,,,,,,""
10814850817,"Feb 22, 2024, 3:37:00 PM",medio,Run,gambe lesse. Ancora c'è da recuperare la mezza. ,3071,10.01,182.0,84,false,,Altra Torin 6,activities/11561695379.fit.gz,,,3071.0,3043.0,10012.1,4.2,3.29,67.0,66.0,104.4,171.6,5.6,0.0,,,88.0,83.0,,160.0,,,676.0,,18.0,84.0,,,,,,,,,,,0.0,,0.0,,1.0,10072.7,1708614016.0,3.0,14.1,13.4,7.8,0.66,1011.6,5.3,11.0,203.0,0.0,1708581888.0,1708620800.0,0.375,,15668255.0,0.0,1.0,0.98,24689.0,1.0,,,,,0.0,3.26,152.4,,,,8444.0,,,,,,,,,,,,,,,,,""
10802383386,"Feb 20, 2024, 6:02:48 PM",Zwift - Introductory Intervals in Watopia,Virtual Ride,,2626,20.11,163.0,22,false,,,activities/11548894811.fit.gz,,,2626.0,2563.0,20118.9,16.57,7.85,240.0,0.0,1.2,57.8,13.9,0.1,,,104.0,92.0,,133.0,,142.0,347.0,,,22.0,,,,,,,,,153.0,2627.0,,,0.0,,1.0,,,,,,,,,,,,,,,,,,,,,,,,,,,0.0,7.661,0.0,,,,,,,,,,,,,,,,,,,,,media/767c8551-c35a-4347-8015-6c037bebf673.jpg|media/a53b1c87-be3f-41c9-b7b3-f519914f6fbe.jpg
10796245394,"Feb 19, 2024, 8:19:26 PM",Zwift - Cadence Pyramid in Watopia,Virtual Ride,,2744,24.98,148.0,16,false,,,activities/11542576748.fit.gz,,,2744.0,2744.0,24980.6,11.208,9.104,39.0,0.0,12.6,17.6,2.3,0.0,,,120.0,78.0,,129.0,,137.0,360.0,,,16.0,,,,,,,,,142.0,2745.0,,,0.0,,1.0,,,,,,,,,,,,,,,,,,,,,,,,,,,0.0,9.104,0.0,,,,,,,,,,,,,,,,,,,,,media/32a94fa2-d2fc-44b8-9fd1-e8ed9837c82c.jpg
10785422450,"Feb 18, 2024, 8:31:15 AM",Mezza Maratona di Scandicci,Run,Grato,5828,21.09,186.0,253,false,"",ASICS Novablast 2,activities/11531345946.fit.gz,,,5828.0,5828.0,21096.1,5.14,3.62,29.0,29.0,43.4,54.0,3.5,0.0,,,92.0,85.0,,171.0,,,1393.0,,18.0,253.0,,,,,,,,,,,0.0,,0.0,,1.0,21114.0,1708243200.0,1.0,7.5,6.8,4.4,0.8,1031.3,1.1,2.8,72.0,0.0,1708236672.0,1708274944.0,0.375,,10952994.0,0.0,1.0,0.01,26829.0,1.0,,,,,0.0,3.62,1050.1,,,,16440.0,,,,,,,,,,,,,,,,,""
10745223073,"Feb 12, 2024, 6:40:15 AM",corsettina parigina,Run,voglio delle ciclabili così anche a Monte,2448,7.06,152.0,14,false,,ASICS Novablast 2,activities/11489949732.fit.gz,,,2448.0,2400.0,7060.0,6.357,2.942,23.0,23.0,23.6,38.8,6.4,0.0,,,88.0,83.0,,136.0,,,501.0,,17.0,14.0,,,,,,,,,,,0.0,,0.0,,1.0,7084.0,1707717632.0,3.0,4.0,2.7,3.0,0.93,1004.3,1.6,3.6,206.0,0.0,1707721472.0,1707757568.0,0.125,,10952994.0,0.0,1.0,0.95,21153.2,0.0,,,,,0.0,2.884,0.0,,,,6558.0,,,,,,,,,,,,,,,,,""
10736602503,"Feb 10, 2024, 3:05:18 PM",Corsa pomeridiana,Run,,2731,8.01,164.0,33,false,,Nike Infinity Run,activities/11481027350.fit.gz,,,2731.0,2731.0,8016.0,4.003,2.935,114.0,122.0,122.0,234.0,22.7,-0.1,,,87.0,80.0,,143.0,,,531.0,,17.0,33.0,,,,,,,,,,,,,0.0,,1.0,8336.0,1707577216.0,5.0,12.3,11.8,10.1,0.86,990.7,4.1,8.3,128.0,1.6,1707546112.0,1707583104.0,0.0,,13405248.0,0.98,5.0,0.99,5506.0,0.0,,,,,0.0,2.935,501.9,,,,7236.0,,,,,,,,,,,,,,,,,""
10729159386,"Feb 9, 2024, 6:12:47 PM",Zwift - Aerobic Builds in Watopia,Virtual Ride,,4819,32.99,167.0,57,false,,,activities/11473348125.fit.gz,,,4819.0,4415.0,32989.9,16.672,7.472,414.0,0.0,2.2,131.8,30.3,0.2,,,104.0,89.0,,141.0,,149.0,626.0,,,57.0,,,,,,,,,153.0,4820.0,,,0.0,,1.0,,,,,,,,,,,,,,,,,,,,,,,,,,,0.0,6.846,0.0,,,,,,,,,,,,,,,,,,,,,media/4c274043-fcdc-4a65-b666-5116ac460543.jpg
10726926408,"Feb 9, 2024, 12:00:24 PM",Zwift - Ramp Test,Virtual Ride,"220 FTP
pensavo meglio ma è il punto di partenza. Scoccia per i soli 175bpm",1628,13.32,176.0,12,false,,Scott Addict,activities/11471051421.fit.gz,,,1628.0,1593.0,13325.9,14.002,8.365,65.0,0.0,-6.2,23.0,7.4,-0.1,,,108.0,88.0,,127.0,,128.0,193.0,,,12.0,,,,,,,,,172.0,1629.0,0.0,,0.0,,1.0,,,,,,,,,,,,,,,,8484514.0,,,,,,,,,,,0.0,8.185,0.0,,,,,,,,,,,,,,,,,,,,,media/74ff64d0-8890-4800-bdc6-82c17713ea5a.mp4
10720513874,"Feb 8, 2024, 10:56:36 AM",lento,Run,stanco,2459,7.01,169.0,35,false,,Altra Torin 6,activities/11464463557.fit.gz,,,2459.0,2457.0,7013.2,3.865,2.854,104.0,106.0,153.8,234.2,20.5,0.0,,,88.0,79.0,,142.0,,,473.0,,21.0,35.0,,,,,,,,,,,0.0,,0.0,,1.0,7302.1,1707386368.0,3.0,13.4,12.7,8.4,0.72,1012.0,2.8,7.1,185.0,0.0,1707373440.0,1707410176.0,0.875,,15668255.0,0.0,1.0,0.65,25053.0,2.0,,,,,0.0,2.852,487.3,,,,6428.0,,,,,,,,,,,,,,,,,""
10709220954,"Feb 6, 2024, 4:30:26 PM",tempo run,Run,"15' riscaldamento
30' 4'20""-4'30"" (padellati, solo 22')
15 defa

Gambe da 10 ma il cuore non pompa enough ",3117,10.40,181.0,91,false,,ASICS Novablast 2,activities/11452881698.fit.gz,,,3117.0,3095.0,10401.2,4.692,3.361,17.0,15.0,41.4,49.6,8.8,0.0,,,89.0,83.0,,160.0,,,688.0,,19.0,91.0,,,,,,,,,,,0.0,,0.0,,1.0,10414.1,1707235200.0,3.0,13.6,13.1,9.8,0.78,1021.3,1.4,2.6,245.0,0.0,1707200768.0,1707237120.0,0.875,,10952994.0,0.0,1.0,0.91,24624.0,0.0,,,,,0.0,3.337,26.3,,,,8586.0,,,,,,,,,,,,,,,,,""
10700290006,"Feb 5, 2024, 11:03:31 AM",lento,Run,"",2445,7.00,170.0,31,false,,Nike Infinity Run,activities/11443710588.fit.gz,,,2445.0,2444.0,7008.3,4.402,2.868,109.0,110.0,129.2,230.2,19.7,0.0,,,125.0,80.0,,142.0,,,475.0,,19.0,31.0,,,,,,,,,,,0.0,,0.0,,1.0,7313.7,1707130752.0,1.0,13.4,12.8,8.8,0.74,1026.6,1.2,3.3,201.0,0.0,1707114496.0,1707150720.0,0.875,,13405248.0,0.0,1.0,0.26,26815.0,2.0,,,,,0.0,2.866,504.9,,,,6474.0,,,,,,,,,,,,,,,,,""
10686484118,"Feb 3, 2024, 10:47:06 AM",ritmo mezza,Run,"15' riscaldamento
20' 4'45""
15' defa",3122,10.04,178.0,70,false,,ASICS Novablast 2,activities/11429222570.fit.gz,,,3122.0,3000.0,10045.6,4.243,3.349,49.0,52.0,56.8,110.2,3.7,0.0,,,118.0,84.0,,155.0,,,653.0,,20.0,70.0,,,,,,,,,,,0.0,,0.0,,1.0,10066.7,1706954368.0,1.0,10.6,9.9,6.2,0.74,1030.1,0.3,2.5,260.0,0.0,1706941824.0,1706977792.0,0.75,,10952994.0,0.0,1.0,0.11,26389.0,2.0,,,,,0.0,3.218,0.0,,,,8362.0,,,,,,,,,,,,,,,,,""
10679880923,"Feb 2, 2024, 10:03:44 AM",Escursione dell'ora di pranzo,Hike,,3924,6.13,128.0,8,false,,ASICS Novablast 2,activities/11422423722.fit.gz,,,3924.0,3812.0,6131.6,2.808,1.609,195.0,183.0,162.4,321.6,20.0,0.2,,,112.0,60.0,,94.0,,,268.0,,22.0,8.0,,,,,,,,,,,,,0.0,,1.0,,1706867968.0,1.0,9.3,8.4,3.8,0.69,1029.7,0.6,2.4,65.0,0.0,1706855552.0,1706891264.0,0.625,,10952994.0,0.0,1.0,0.06,29330.0,1.0,,,,,0.0,1.563,986.3,,,,,,,,,,,,,,,,,,,,,""
10673763878,"Feb 1, 2024, 11:41:07 AM",lento,Run,"",2700,7.37,166.0,27,false,,Altra Torin 6,activities/11416151045.fit.gz,,,2700.0,2700.0,7376.3,4.004,2.732,111.0,110.0,124.8,226.2,18.3,0.0,,,88.0,79.0,,137.0,,,492.0,,20.0,27.0,,,,,,,,,,,0.0,,0.0,,1.0,7666.2,1706785152.0,3.0,10.3,9.6,6.8,0.79,1029.2,0.6,3.0,248.0,0.0,1706769152.0,1706804736.0,0.625,,15668255.0,0.0,1.0,0.94,17610.0,1.0,,,,,0.0,2.732,488.8,,,,7066.0,,,,,,,,,,,,,,,,,""
10659468146,"Jan 30, 2024, 10:24:39 AM",tempo run,Run,"15' riscaldamento
30' tempo run (4'30""/km)
15 defa

presa una storta a metà allenamento",3632,12.15,178.0,86,false,,ASICS Novablast 2,activities/11401493265.fit.gz,,,3632.0,3599.0,12152.0,4.227,3.376,60.0,61.0,61.2,122.8,3.6,0.0,,,87.0,84.0,,158.0,,,802.0,,19.0,86.0,,,,,,,,,,,0.0,,0.0,,1.0,12182.9,1706608768.0,1.0,8.6,7.6,1.8,0.62,1035.8,0.6,2.3,96.0,0.0,1706596480.0,1706631808.0,0.625,,10952994.0,0.0,1.0,0.35,31682.0,2.0,,,,,0.0,3.346,0.0,,,,10012.0,,,,,,,,,,,,,,,,,""
10652990162,"Jan 29, 2024, 11:25:05 AM",lento,Run,"",2908,8.01,159.0,23,false,,Altra Torin 6,activities/11394855323.fit.gz,,,2908.0,2908.0,8010.7,3.438,2.755,105.0,117.0,120.6,231.2,18.2,-0.2,,,85.0,78.0,,136.0,,,536.0,,21.0,23.0,,,,,,,,,,,0.0,,0.0,,1.0,8256.0,1706525952.0,1.0,11.4,10.3,0.4,0.47,1035.6,0.6,2.5,83.0,0.0,1706510208.0,1706545280.0,0.625,,15668255.0,0.0,1.0,0.04,33441.0,2.0,,,,,0.0,2.755,465.8,,,,7550.0,,,,,,,,,,,,,,,,,""
10646491105,"Jan 28, 2024, 9:44:07 AM",a giro con walo,Ride,"",9044,55.21,175.0,92,false,,,activities/11388019262.fit.gz,,,9044.0,7539.0,55210.9,17.202,7.323,637.0,647.0,121.6,316.8,25.4,0.0,,,,,,140.0,,157.0,1161.0,,14.0,92.0,,,,,,,,,,,0.0,,0.0,,1.0,,1706432384.0,1.0,6.1,5.2,2.1,0.76,1036.3,0.7,2.8,80.0,0.0,1706423808.0,1706458752.0,0.625,,,0.0,1.0,0.01,29315.0,1.0,,,,,0.0,6.105,3317.3,,,,,,,,,,,,,,,,,,,,,""
10637458955,"Jan 27, 2024, 7:27:35 AM",lento in progressione,Run,"1h15' lento
10' 4'30""/km ✅
5' 4'15""/km ❌

il falsopiano mi ammazza",5504,17.36,175.0,64,false,,Nike Infinity Run,activities/11378542397.fit.gz,,,5504.0,5488.0,17360.4,4.025,3.163,108.0,106.0,67.4,174.2,4.0,0.0,,,100.0,84.0,,146.0,,,1122.0,,12.0,64.0,,,,,,,,,,,0.0,,0.0,,1.0,17441.6,1706338816.0,2.0,4.3,3.6,3.5,0.94,1028.7,0.9,2.0,125.0,0.0,1706337408.0,1706372352.0,0.625,,13405248.0,0.0,1.0,0.62,7458.0,0.0,,,,,0.0,3.154,0.0,,,,15330.0,,,,,,,,,,,,,,,,,""
10626401184,"Jan 25, 2024, 11:47:05 AM","allunghi+scatti 20""",Run,"10' riscaldamento
allunghi
10 x 20"" scatto alta cadenza
10' defaticamento ",2121,6.59,179.0,33,false,,Altra Torin 6,activities/11367192297.fit.gz,,,2121.0,2121.0,6589.4,5.648,3.107,46.0,45.0,132.6,174.8,5.4,0.0,,,102.0,83.0,,148.0,,,439.0,,17.0,33.0,,,,,,,,,,,0.0,,0.0,,1.0,6626.9,1706180352.0,2.0,11.6,11.0,8.4,0.8,1026.4,0.7,2.1,287.0,0.0,1706164736.0,1706199424.0,0.375,,15668255.0,0.0,1.0,0.6,18808.0,2.0,,,,,0.0,3.107,292.6,,,,5864.0,,,,,,,,,,,,,,,,,""
10620843843,"Jan 24, 2024, 3:01:38 PM",tempo run,Run,"15' riscaldamento
15' tempo run 4'20""-4'30""/km
15 defaticamento

discrete sensazioni ",2713,9.01,181.0,59,false,,ASICS Novablast 2,activities/11361505990.fit.gz,,,2713.0,2712.0,9014.7,4.635,3.324,62.0,65.0,107.4,171.4,6.4,-0.1,,,88.0,84.0,,157.0,,,604.0,,15.0,59.0,,,,,,,,,,,0.0,,0.0,,1.0,9052.6,1706108416.0,3.0,12.6,11.9,8.6,0.77,1029.2,1.1,2.3,270.0,0.0,1706078464.0,1706112896.0,0.375,,10952994.0,0.0,1.0,0.94,25623.0,0.0,,,,,0.0,3.323,376.5,,,,7580.0,,,,,,,,,,,,,,,,,""
10608230738,"Jan 22, 2024, 12:00:17 PM",lento,Run,"",2543,7.70,165.0,27,false,,Altra Torin 6,activities/11348598387.fit.gz,,,2543.0,2540.0,7704.7,4.673,3.033,85.0,83.0,236.8,287.2,11.5,0.0,,,90.0,84.0,,144.0,,,510.0,,16.0,27.0,,,,,,,,,,,0.0,,0.0,,1.0,7853.6,1705924864.0,2.0,8.8,7.7,-1.6,0.48,1032.1,1.1,3.8,248.0,0.0,1705905664.0,1705939968.0,0.375,,15668255.0,0.0,1.0,0.62,34145.0,2.0,,,,,0.0,3.03,0.0,,,,7112.0,,,,,,,,,,,,,,,,,""
10600685654,"Jan 21, 2024, 9:40:11 AM",lungo lento in leggera progressione,Run,"Oggi le gambe non andavano, imballato dopo 15km. Alla fine è stato un po' un patire a livello muscolare. ",7011,22.01,177.0,152,false,,Nike Infinity Run,activities/11340819833.fit.gz,,,7011.0,7011.0,22013.7,5.41,3.14,104.0,106.0,78.2,154.6,15.8,0.0,,,96.0,84.0,,155.0,,,1484.0,,16.0,152.0,,,,,,,,,,,0.0,,0.0,,1.0,22146.0,1705827584.0,1.0,5.1,3.6,-3.3,0.55,1032.6,1.8,6.1,36.0,0.0,1705819392.0,1705853440.0,0.375,,13405248.0,0.0,1.0,0.0,34595.0,1.0,,,,,0.0,3.14,21767.6,,,,19774.0,,,,,,,,,,,,,,,,,""
10589651361,"Jan 19, 2024, 5:11:43 PM",1h lento,Run,"",3603,11.01,162.0,44,false,,Altra Torin 6,activities/11329423932.fit.gz,,,3603.0,3603.0,11015.2,4.522,3.057,49.0,52.0,53.4,68.2,6.1,0.0,,,87.0,84.0,,146.0,,,726.0,,17.0,44.0,,,,,,,,,,,0.0,,0.0,,1.0,11067.5,1705683584.0,8.0,8.8,5.4,3.1,0.68,1011.0,6.8,16.3,29.0,0.0,1705646720.0,1705680512.0,0.375,,15668255.0,0.0,1.0,0.92,31731.0,0.0,,,,,0.0,3.057,342.1,,,,10092.0,,,,,,,,,,,,,,,,,""
10581777872,"Jan 18, 2024, 11:44:50 AM",Lento in progressione,Run,"35 lento
10' (in pratica un po' meno) 4'05""-4'15""/km
defa

NB ste progressioni le devo fare in piano, sennò scoppio ",2978,8.61,182.0,37,false,,ASICS Novablast 2,activities/11321325784.fit.gz,,,2978.0,2977.0,8614.6,4.851,2.894,120.0,122.0,118.8,230.6,23.7,0.0,,,125.0,80.0,,143.0,,,584.0,,20.0,37.0,,,,,,,,,,,0.0,,0.0,,1.0,8921.9,1705575552.0,1.0,15.6,15.2,10.8,0.73,999.4,5.4,13.8,243.0,0.0,1705560320.0,1705594112.0,0.25,,10952994.0,0.71,5.0,0.3,29358.0,1.0,,,,,0.0,2.893,509.1,,,,7906.0,,,,,,,,,,,,,,,,,""
10571127811,"Jan 16, 2024, 5:04:19 PM","45'ritmo mezza (4'40""-4'45"")",Run,"15' riscaldamento
45' tra 4'40"" e 4'45"" al km
ad iniziare defa sono partiti crampi mega forte, forse dove l'influenza dovevo ripartire con più calma...",3745,12.36,173.0,81,false,,ASICS Novablast 2,activities/11310268848.fit.gz,,,3745.0,3741.0,12361.0,4.011,3.304,3.0,5.0,96.4,103.0,1.7,0.0,,,87.0,83.0,,156.0,,,827.0,,14.0,81.0,,,,,,,,,,,0.0,,0.0,,1.0,12363.9,1705424384.0,2.0,10.2,9.5,7.7,0.84,1008.9,1.1,2.8,195.0,0.0,1705387520.0,1705421056.0,0.125,,10952994.0,0.0,1.0,0.51,24260.0,0.0,,,,,0.0,3.301,0.0,,,,10246.0,,,,,,,,,,,,,,,,,""
10526067387,"Jan 9, 2024, 5:21:03 PM","4x4' + 5x30""",Run,"modalità criceto on.
riscaldamento 15'

4x 4' 4'15""/km recupero 3' jog. 
5x 30"" 3'30""/km recupero 1' jog. 

defa 15'

dolorino fascite per ora gestibile",3906,12.33,179.0,90,false,,ASICS Novablast 2,activities/11263046437.fit.gz,,,3906.0,3878.0,12329.5,5.778,3.179,0.0,1.0,101.0,103.0,9.6,0.0,,,119.0,83.0,,157.0,,,840.0,,15.0,90.0,,,,,,,,,,,0.0,,0.0,,1.0,12334.0,1704819584.0,1.0,5.8,2.8,-0.5,0.64,1022.6,3.9,9.6,35.0,0.0,1704782976.0,1704815872.0,0.875,,10952994.0,0.0,1.0,0.01,33872.0,0.0,,,,,0.0,3.157,0.0,,,,10726.0,,,,,,,,,,,,,,,,,""
10517263012,"Jan 8, 2024, 11:22:11 AM",Corsa dell'ora di pranzo,Run,,2103,5.52,163.0,13,false,,Nike Infinity Run,activities/11253968932.fit.gz,,,2103.0,2063.0,5520.0,4.85,2.676,79.0,90.0,252.6,310.0,16.9,-0.2,,,89.0,81.0,,133.0,,,369.0,,18.0,13.0,,,,,,,,,,,,,0.0,,1.0,5676.4,1704711552.0,3.0,8.9,5.8,4.1,0.72,1008.4,6.1,13.6,29.0,0.0,1704696576.0,1704729344.0,0.875,,13405248.0,0.0,1.0,0.9,25602.0,1.0,,,,,0.0,2.625,0.0,,,,5318.0,,,,,,,,,,,,,,,,,""
10511500063,"Jan 7, 2024, 10:07:04 AM",Lento con progressione finale a sensazione,Run,Tutto sotto la pioggia: all'inizio tutto perfetto gli ultimi km un po' freddino ed appesantito,7220,22.07,174.0,146,false,,Nike Infinity Run,activities/11247974663.fit.gz,,,7220.0,7199.0,22072.1,4.895,3.066,197.0,187.0,72.6,149.8,46.8,0.0,,,92.0,84.0,,153.0,,,1493.0,,12.0,146.0,,,,,,,,,,,0.0,,0.0,,1.0,22459.0,1704621568.0,5.0,9.3,6.9,6.1,0.81,998.0,4.4,10.7,18.0,0.5,1704610176.0,1704642944.0,0.875,,13405248.0,0.98,5.0,0.98,14318.0,1.0,,,,,0.0,3.057,20216.8,,,,20052.0,,,,,,,,,,,,,,,,,""
10499720843,"Jan 5, 2024, 4:11:36 PM","12 x 20""",Run,"10' riscaldamento
12 x 20"" forte - recupero 45"" lento
10 defa

",2230,6.62,183.0,33,false,,ASICS Novablast 2,activities/11235346430.fit.gz,,,2230.0,2215.0,6627.2,5.494,2.992,0.0,2.0,99.4,103.2,2.9,0.0,,,109.0,83.0,,149.0,,,449.0,,17.0,33.0,,,,,,,,,,,0.0,,0.0,,1.0,6628.0,1704470400.0,5.0,11.6,11.1,9.3,0.86,1003.6,3.4,7.6,134.0,1.0,1704437376.0,1704470016.0,0.875,,10952994.0,0.9,5.0,0.99,7354.0,0.0,,,,,0.0,2.972,0.0,,,,6042.0,,,,,,,,,,,,,,,,,""
10478140269,"Jan 2, 2024, 6:03:13 AM",8x800m in after,Run,"15'riscaldamento 
8 X 800m sub 4'30""/km
8 X 400m recupero 
defaticamento 

considerando che non ho dormito, direi che è andata anche troppo bene. ",3887,12.23,182.0,96,false,,Nike Infinity Run,activities/11212936400.fit.gz,,,3887.0,3882.0,12229.1,4.303,3.15,80.0,79.0,102.0,182.2,4.1,0.0,,,95.0,83.0,,159.0,,,830.0,,12.0,96.0,,,,,,,,,,,0.0,,0.0,,1.0,12291.2,1704175232.0,3.0,7.1,6.3,5.7,0.91,1016.9,1.5,3.2,168.0,0.0,1704178176.0,1704210560.0,0.625,,13405248.0,0.0,1.0,0.91,23898.0,0.0,,,,,0.0,3.146,0.0,,,,10662.0,,,,,,,,,,,,,,,,,""
10472812733,"Jan 1, 2024, 11:20:26 AM",lento,Run,un po' tirato per non fare tardi,1810,5.58,171.0,23,false,,Nike Infinity Run,activities/11207401490.fit.gz,,,1810.0,1810.0,5581.1,3.663,3.083,40.0,40.0,124.6,167.2,3.3,0.0,,,86.0,83.0,,147.0,,,368.0,,19.0,23.0,,,,,,,,,,,0.0,,0.0,,1.0,5607.9,1704106752.0,3.0,11.8,11.1,7.6,0.76,1014.3,2.7,6.1,255.0,0.0,1704091776.0,1704124160.0,0.625,,13405248.0,0.45,5.0,0.97,29903.0,1.0,,,,,0.0,3.083,0.0,,,,5016.0,,,,,,,,,,,,,,,,,""
10469434816,"Dec 31, 2023, 3:10:02 PM",lento in progressione,Run,"",5014,15.02,178.0,88,false,,Nike Infinity Run,activities/11203857000.fit.gz,,,5014.0,5014.0,15028.2,4.486,2.997,108.0,106.0,111.0,218.2,15.4,0.0,,,87.0,83.0,,151.0,,,1013.0,,19.0,88.0,,,,,,,,,,,0.0,,0.0,,1.0,15135.6,1704034816.0,3.0,13.9,13.4,10.3,0.79,1013.2,3.0,7.1,176.0,0.0,1704005376.0,1704037632.0,0.625,,13405248.0,0.71,5.0,0.94,24484.0,0.0,,,,,0.0,2.997,211.3,,,,13806.0,,,,,,,,,,,,,,,,,""
10439935931,"Dec 26, 2023, 2:28:38 PM",tempo run,Run,"15' riscaldamento
30' 4'40""-5'00""/km
15' defa

un po' appesantito ma GG",3607,11.54,180.0,89,false,,ASICS Novablast 2,activities/11173251370.fit.gz,,,3607.0,3600.0,11548.6,4.442,3.208,48.0,51.0,48.8,97.6,3.1,0.0,,,87.0,83.0,,160.0,,,802.0,,18.0,89.0,,,,,,,,,,,0.0,,0.0,,1.0,11571.0,1703599232.0,3.0,13.4,12.9,9.3,0.76,1020.8,1.7,3.3,254.0,0.0,1703573248.0,1703605504.0,0.375,,10952994.0,0.0,1.0,0.7,30818.0,0.0,,,,,0.0,3.202,0.0,,,,9966.0,,,,,,,,,,,,,,,,,media/36dd9ec1-7875-4549-9de9-5f07910d8058.jpg
10433123542,"Dec 25, 2023, 7:51:15 AM",rigenerante,Run,"",2564,6.19,156.0,12,false,,Altra Torin 6,activities/11166143369.fit.gz,,,2564.0,2536.0,6194.7,4.894,2.443,96.0,95.0,161.6,230.4,29.0,0.0,,,121.0,78.0,,133.0,,,433.0,,19.0,12.0,,,,,,,,,,,0.0,,0.0,,1.0,6531.4,1703487616.0,2.0,5.9,4.6,4.5,0.9,1019.7,1.8,3.7,155.0,0.0,1703486848.0,1703518976.0,0.375,,15668255.0,0.0,1.0,0.54,15331.0,0.0,,,,,0.0,2.416,482.0,,,,6504.0,,,,,,,,,,,,,,,,,""
10429519582,"Dec 24, 2023, 9:41:41 AM",lungo lento in progressione,Run,"negative-split inimmaginabile. 
In lieve discesa è vero, ma le gambe giravano da paura. ",6300,19.35,174.0,118,false,,Nike Infinity Run,activities/11162363413.fit.gz,,,6300.0,6300.0,19356.0,5.24,3.072,95.0,88.0,75.8,137.6,19.1,0.0,,,92.0,84.0,,153.0,,,1326.0,,18.0,118.0,,,,,,,,,,,0.0,,0.0,,1.0,19494.2,1703408384.0,2.0,9.6,9.0,7.6,0.87,1017.7,1.4,3.5,144.0,0.0,1703400448.0,1703432576.0,0.375,,13405248.0,0.0,1.0,0.6,14376.0,1.0,,,,,0.0,3.072,18600.6,,,,17682.0,,,,,,,,,,,,,,,,,""
10424109683,"Dec 23, 2023, 10:32:27 AM",a spasso con il moro,Ride,"mi hanno tirato il collo, non la muovo. ",4815,28.75,179.0,68,false,,,activities/11156725125.fit.gz,,,4815.0,3592.0,28752.6,17.702,8.005,358.0,390.0,61.4,282.8,43.9,0.0,,,,,,151.0,,191.0,678.0,,13.0,68.0,,,,,,,,,,,0.0,,0.0,,1.0,,1703325568.0,3.0,12.0,11.4,9.0,0.82,1012.4,0.9,3.3,245.0,0.0,1703313920.0,1703346176.0,0.375,,,0.0,1.0,0.83,20727.0,1.0,,,,,0.0,5.971,0.0,,,,,,,,,,,,,,,,,,,,,""
10415817119,"Dec 21, 2023, 4:46:48 PM",dopo un decennio si ricorre sul tartan,Run,"15' riscaldamento
6 X 1' 4'10""-4'20""/km
6 X 30"" 3'30""/km
15' ""defaticamento""",3061,9.27,180.0,69,false,,ASICS Novablast 2,activities/11148474010.fit.gz,,,3061.0,3046.0,9277.2,5.11,3.046,4.0,9.0,96.6,104.2,3.0,-0.1,,,115.0,84.0,,157.0,,,653.0,,13.0,69.0,,,,,,,,,,,0.0,,0.0,,1.0,9274.8,1703174400.0,2.0,8.8,8.1,6.2,0.84,1009.1,1.2,2.3,209.0,0.0,1703141120.0,1703173248.0,0.375,,10952994.0,0.0,1.0,0.47,28226.0,0.0,,,,,0.0,3.031,0.0,,,,8486.0,,,,,,,,,,,,,,,,,""
10405624751,"Dec 19, 2023, 4:48:45 PM","20' lento + 10' progressione 4'20""-4'30""/km",Run,iniziato fastidio tibia,2470,7.60,180.0,33,false,,Altra Torin 6,activities/11137929828.fit.gz,,,2470.0,2468.0,7607.7,4.372,3.083,34.0,33.0,49.6,66.6,8.4,0.0,,,91.0,85.0,,149.0,,,514.0,,11.0,33.0,,,,,,,,,,,0.0,,0.0,,1.0,7657.5,1703001600.0,1.0,10.0,9.2,4.5,0.69,1022.9,0.5,0.7,308.0,0.0,1702968320.0,1703000448.0,0.125,,15668255.0,0.0,1.0,0.0,29198.0,0.0,,,,,0.0,3.08,354.5,,,,6990.0,,,,,,,,,,,,,,,,,""
10400529037,"Dec 18, 2023, 4:43:15 PM",lento,Run,primo lento al buio dell'anno. Spero anche l'ultimo. ,3000,8.98,171.0,55,false,,Nike Infinity Run,activities/11132655520.fit.gz,,,3000.0,2991.0,8984.4,5.236,3.004,87.0,81.0,221.8,252.4,21.0,0.1,,,90.0,84.0,,152.0,,,631.0,,15.0,55.0,,,,,,,,,,,0.0,,0.0,,1.0,9152.4,1702915200.0,1.0,10.5,9.6,4.1,0.65,1032.0,0.5,1.1,291.0,0.0,1702881792.0,1702914048.0,0.125,,13405248.0,0.0,1.0,0.1,31361.0,0.0,,,,,0.0,2.995,0.0,,,,8410.0,,,,,,,,,,,,,,,,,""
10393465687,"Dec 17, 2023, 9:57:07 AM","20' lento+ 10' a 4'20""-4""30/km",Run,un po' raffreddato ma complessivamente buone sensazioni ,2400,7.29,179.0,29,false,,ASICS Novablast 2,activities/11125227569.fit.gz,,,2400.0,2397.0,7296.5,4.067,3.044,24.0,24.0,51.2,68.0,4.5,0.0,,,89.0,83.0,,146.0,,,488.0,,20.0,29.0,,,,,,,,,,,0.0,,0.0,,1.0,7323.1,1702803584.0,1.0,9.7,8.4,1.7,0.58,1038.9,2.5,7.3,56.0,0.0,1702795392.0,1702827648.0,0.125,,10952994.0,0.0,1.0,0.0,34896.0,1.0,,,,,0.0,3.04,123.8,,,,6620.0,,,,,,,,,,,,,,,,,""
10379533876,"Dec 14, 2023, 2:55:41 PM",Corsa pomeridiana,Run,"",2701,7.09,175.0,56,false,,Altra Torin 6,activities/11110619411.fit.gz,,,2701.0,2701.0,7089.4,4.071,2.625,114.0,119.0,122.2,230.6,20.1,-0.1,,,88.0,79.0,,153.0,,,524.0,,17.0,56.0,,,,,,,,,,,0.0,,0.0,,1.0,7391.8,1702562432.0,3.0,12.3,11.7,8.0,0.75,1010.8,2.2,5.5,17.0,0.0,1702536064.0,1702568320.0,0.125,,15668255.0,0.0,1.0,0.85,32192.0,0.0,,,,,0.0,2.625,483.3,,,,7100.0,,,,,,,,,,,,,,,,,""
10368991320,"Dec 12, 2023, 2:23:25 PM",ripetute,Run,"3x5' a 4'30""/km
6x30"" a 4'-4'15""/km

durante il defa dolorino ginocchio destro ",3635,11.15,187.0,121,false,,ASICS Novablast 2,activities/11099670868.fit.gz,,,3635.0,3600.0,11153.3,5.123,3.098,43.0,48.0,48.0,95.8,5.1,0.0,,,92.0,85.0,,166.0,,,793.0,,21.0,121.0,,,,,,,,,,,0.0,,0.0,,1.0,11170.5,1702389632.0,3.0,15.6,15.5,13.3,0.86,1011.5,1.7,3.3,212.0,0.0,1702363136.0,1702395520.0,0.875,,10952994.0,0.0,1.0,0.99,16668.0,0.0,,,,,0.0,3.068,1379.9,,,,10146.0,,,,,,,,,,,,,,,,,""
10362767036,"Dec 11, 2023, 10:57:52 AM",lento,Run,"",2497,7.02,170.0,30,false,,Altra Torin 6,activities/11093193125.fit.gz,,,2497.0,2470.0,7019.3,4.028,2.842,88.0,89.0,232.6,285.4,17.2,0.0,,,88.0,84.0,,139.0,,,500.0,,16.0,30.0,,,,,,,,,,,0.0,,0.0,,1.0,7211.5,1702288768.0,3.0,10.9,10.2,7.1,0.78,1014.7,2.2,4.9,152.0,0.0,1702276736.0,1702309120.0,0.875,,15668255.0,0.48,5.0,0.97,25586.0,1.0,,,,,0.0,2.811,0.0,,,,6928.0,,,,,,,,,,,,,,,,,""
10343324824,"Dec 7, 2023, 1:32:40 PM",lento 1h35',Run,"la fascia non funzionava, cardio da polso sminchiato.

Prima ora in Z1/Z2 alla fine in progressione Z3/Z4",6432,17.91,179.0,173,false,,Nike Infinity Run,activities/11072841457.fit.gz,,,6432.0,6300.0,17916.5,4.74,2.844,92.0,86.0,72.2,127.2,17.8,0.0,,,89.0,82.0,,159.0,,,1364.0,,15.0,173.0,,,,,,,,,,,0.0,,0.0,,1.0,18069.9,1701954048.0,1.0,9.4,8.6,5.3,0.76,1019.1,0.4,2.0,314.0,0.0,1701930880.0,1701963520.0,0.875,,13405248.0,0.0,1.0,0.01,32552.0,1.0,,,,,0.0,2.786,17464.7,,,,17224.0,,,,,,,,,,,,,,,,,""
10331263994,"Dec 5, 2023, 9:55:57 AM",20' Ritmo mezza,Run,"15' riscaldamento
20' 4'50""-5'08""/km
15' defa",3100,9.26,184.0,87,false,,ASICS Novablast 2,activities/11060319764.fit.gz,,,3100.0,3090.0,9264.0,4.083,2.998,41.0,41.0,55.2,100.0,18.6,0.0,,,89.0,84.0,,162.0,,,690.0,,15.0,87.0,,,,,,,,,,,0.0,,0.0,,1.0,9278.7,1701766784.0,3.0,6.9,6.2,4.9,0.87,1011.3,1.4,3.9,29.0,0.0,1701757952.0,1701790720.0,0.75,,10952994.0,0.95,5.0,0.95,25927.0,1.0,,,,,0.0,2.988,0.0,,,,8650.0,,,,,,,,,,,,,,,,,""
10326852150,"Dec 4, 2023, 12:39:20 PM",lento 35',Run,"scarpe nuove un po' faticose, soprattutto in salita",3045,7.10,162.0,25,false,,Altra Torin 6,activities/11055761255.fit.gz,,,3045.0,2846.0,7107.0,3.738,2.497,113.0,114.0,123.6,230.0,34.3,0.0,,,88.0,78.0,,137.0,,,510.0,,12.0,25.0,,,,,,,,,,,0.0,,0.0,,1.0,7436.1,1701691136.0,3.0,7.2,6.3,2.0,0.69,1020.0,1.2,4.4,95.0,0.0,1701671552.0,1701704320.0,0.875,,15668255.0,0.63,5.0,0.95,31848.0,1.0,,,,,0.0,2.334,496.4,,,,7342.0,,,,,,,,,,,,,,,,,""
10314525990,"Dec 2, 2023, 6:28:19 AM",lento 1h30',Run,"",6000,16.33,160.0,79,false,,Nike Infinity Run,activities/11042915104.fit.gz,,,6000.0,6000.0,16337.9,3.588,2.723,168.0,163.0,103.2,233.6,24.1,0.0,,,88.0,81.0,,143.0,,,1153.0,,16.0,79.0,,,,,,,,,,,0.0,,0.0,,1.0,16719.0,1701496832.0,5.0,11.5,10.9,9.4,0.87,995.9,6.8,14.7,251.0,1.6,1701498624.0,1701531648.0,0.625,,13405248.0,0.84,5.0,0.96,10555.0,0.0,,,,,0.0,2.723,463.8,,,,16272.0,,,,,,,,,,,,,,,,,""
10314525519,"Dec 1, 2023, 3:07:12 PM",Escursione pomeridiana,Hike,,2317,2.58,126.0,3,false,,ASICS Novablast 2,activities/11042914620.fit.gz,,,2317.0,1834.0,2587.8,3.296,1.411,69.0,108.0,227.8,326.6,26.1,-1.5,,,86.0,58.0,,89.0,,,137.0,,22.0,3.0,,,,,,,,,,,,,0.0,,1.0,,1701442816.0,3.0,16.9,16.4,10.4,0.66,998.5,5.6,11.0,200.0,0.0,1701412096.0,1701445248.0,0.625,,10952994.0,0.59,5.0,0.73,29426.0,0.0,,,,,0.0,1.117,0.0,,,,,,,,,,,,,,,,,,,,,""
10306080606,"Nov 30, 2023, 12:27:18 PM",20' lento+10' z5,Run,sono morto dopo 5' lol,2522,6.33,188.0,33,false,,HOKA rincon 2,activities/11034160620.fit.gz,,,2522.0,2520.0,6330.2,4.153,2.512,104.0,103.0,131.2,227.0,19.1,0.0,,,89.0,77.0,,143.0,,,473.0,,21.0,33.0,,,,,,,,,,,0.0,,0.0,,1.0,6637.5,1701345536.0,5.0,16.1,16.0,13.4,0.84,1003.0,4.8,10.2,216.0,0.2,1701325696.0,1701358848.0,0.625,,9110137.0,0.92,5.0,0.96,17943.0,1.0,,,,,0.0,2.51,488.9,,,,6450.0,,,,,,,,,,,,,,,,,""
10306104264,"Nov 30, 2023, 10:53:12 AM",Giro dell'ora di pranzo,Ride,,289,1.77,96.0,0,false,,,activities/11034185222.fit.gz,,,289.0,289.0,1770.9,7.943,6.128,6.0,1.0,41.2,49.0,5.2,0.3,,,,,,88.0,,99.0,20.0,,22.0,0.0,,,,,,,,,,,,,0.0,,1.0,,1701338368.0,5.0,12.0,11.6,10.7,0.92,1004.6,2.5,6.7,198.0,0.4,1701325696.0,1701358848.0,0.625,,,0.96,5.0,0.98,15654.0,1.0,,,,,0.0,6.128,17.3,,,,,,,,,,,,,,,,,,,,,""
10293488618,"Nov 28, 2023, 6:09:17 AM","6x1'+6x30""",Run,"",2104,6.19,159.0,12,false,,ASICS Novablast 2,activities/11021123981.fit.gz,,,2104.0,2104.0,6196.1,5.036,2.945,43.0,43.0,124.8,169.6,3.6,0.0,,,95.0,82.0,,136.0,,,444.0,,16.0,12.0,,,,,,,,,,,0.0,,0.0,,1.0,6227.8,1701151232.0,3.0,9.1,8.1,7.2,0.88,994.1,1.9,4.9,252.0,0.0,1701152768.0,1701186048.0,0.625,,10952994.0,0.84,5.0,0.85,23972.0,0.0,,,,,0.0,2.945,0.0,,,,5656.0,,,,,,,,,,,,,,,,,""
10290363088,"Nov 27, 2023, 3:16:12 PM",lento 35',Run,"",2702,6.67,184.0,48,false,,Nike Infinity Run,activities/11017899361.fit.gz,,,2702.0,2702.0,6671.1,3.54,2.469,108.0,112.0,130.2,229.2,22.5,-0.1,,,87.0,79.0,,148.0,,,505.0,,17.0,48.0,,,,,,,,,,,0.0,,0.0,,1.0,6985.5,1701097216.0,3.0,10.2,9.4,6.0,0.75,1008.5,2.1,5.6,159.0,0.0,1701066240.0,1701099776.0,0.625,,13405248.0,0.58,5.0,0.98,28760.0,0.0,,,,,0.0,2.469,486.5,,,,7086.0,,,,,,,,,,,,,,,,,""
10277130065,"Nov 25, 2023, 6:58:37 AM",1h20' lento,Run,"",5399,14.74,181.0,97,false,,Nike Infinity Run,activities/11004137867.fit.gz,,,5399.0,5399.0,14744.3,3.522,2.731,159.0,155.0,101.6,233.0,20.9,0.0,,,91.0,81.0,,150.0,,,1116.0,,16.0,97.0,,,,,,,,,,,0.0,,0.0,,1.0,15109.3,1700892032.0,1.0,5.3,2.7,1.0,0.74,1001.6,3.1,8.3,5.0,0.0,1700893312.0,1700926976.0,0.375,,13405248.0,0.0,1.0,0.11,31814.0,0.0,,,,,0.0,2.731,469.0,,,,14538.0,,,,,,,,,,,,,,,,,""
10266776710,"Nov 23, 2023, 6:09:35 AM","8x20""",Run,"",1852,4.51,157.0,9,false,,Nike Infinity Run,activities/10993326229.fit.gz,,,1852.0,1852.0,4510.4,4.8,2.435,89.0,86.0,148.8,231.2,21.9,0.1,,,95.0,75.0,,126.0,,,339.0,,18.0,9.0,,,,,,,,,,,0.0,,0.0,,1.0,4820.4,1700719232.0,1.0,8.2,5.6,3.8,0.74,1018.9,4.4,10.3,27.0,0.0,1700720384.0,1700754304.0,0.375,,13405248.0,0.0,1.0,0.14,31317.0,0.0,,,,,0.0,2.435,483.8,,,,4628.0,,,,,,,,,,,,,,,,,""
10260830433,"Nov 22, 2023, 6:04:21 AM",lento 30',Run,il cuore non si sa indo vuole andare 📈,2560,6.23,179.0,31,false,,ASICS Novablast 2,activities/10987167823.fit.gz,,,2560.0,2559.0,6231.6,3.397,2.435,103.0,103.0,131.8,227.4,21.7,0.0,,,88.0,77.0,,144.0,,,464.0,,19.0,31.0,,,,,,,,,,,0.0,,0.0,,1.0,6537.6,1700632832.0,3.0,9.1,6.1,5.6,0.79,1008.2,5.8,14.2,36.0,0.0,1700633856.0,1700667904.0,0.375,,10952994.0,0.84,5.0,0.98,29788.0,0.0,,,,,0.0,2.434,497.5,,,,6582.0,,,,,,,,,,,,,,,,,""
10252441462,"Nov 20, 2023, 3:32:06 PM",lento 20',Run,"",1993,4.51,174.0,30,false,"",Nike Infinity Run,activities/10978465321.fit.gz,,,1993.0,1991.0,4509.4,3.832,2.265,92.0,82.0,160.2,230.2,44.7,0.3,,,88.0,75.0,,144.0,,,350.0,,20.0,30.0,,,,,,,,,,,0.0,,0.0,,1.0,4862.1,1700492416.0,2.0,17.0,16.9,13.1,0.78,1012.5,1.1,2.1,278.0,0.0,1700460928.0,1700495232.0,0.25,,13405248.0,0.0,1.0,0.54,27476.0,0.0,,,,,0.0,2.263,455.4,,,,4744.0,,,,,,,,,,,,,,,,,""
10238967087,"Nov 18, 2023, 10:34:41 AM",lento 40',Run,"",3058,7.59,168.0,26,false,,Nike Infinity Run,activities/10964412862.fit.gz,,,3058.0,3056.0,7598.4,3.912,2.486,116.0,112.0,122.4,229.4,18.4,0.0,,,87.0,78.0,,136.0,,,563.0,,21.0,26.0,,,,,,,,,,,0.0,,0.0,,1.0,7899.3,1700301568.0,1.0,12.9,12.0,6.3,0.64,1024.1,0.7,2.4,95.0,0.0,1700288000.0,1700322432.0,0.125,,13405248.0,0.0,1.0,0.07,30944.0,2.0,,,,,0.0,2.485,478.6,,,,7920.0,,,,,,,,,,,,,,,,,""
10229320033,"Nov 16, 2023, 3:16:51 PM",Corsa pomeridiana,Run,,1813,4.45,178.0,37,false,,Nike Infinity Run,activities/10954403996.fit.gz,,,1813.0,1800.0,4454.6,3.562,2.475,94.0,94.0,147.2,229.2,45.4,-0.1,,,87.0,76.0,,149.0,,,352.0,,21.0,37.0,,,,,,,,,,,,,0.0,,1.0,4803.3,1700146816.0,3.0,15.7,15.4,11.2,0.74,1016.6,3.5,7.8,231.0,0.0,1700115072.0,1700149760.0,0.125,,13405248.0,0.35,5.0,0.95,26759.0,0.0,,,,,0.0,2.457,494.4,,,,4572.0,,,,,,,,,,,,,,,,,""
10228505885,"Nov 15, 2023, 11:00:12 AM",Corsa dell'ora di pranzo,Run,,1968,4.53,174.0,25,false,,Nike Infinity Run,activities/10953556288.fit.gz,,,1968.0,1961.0,4529.8,3.591,2.31,83.0,85.0,148.4,227.0,18.5,0.0,,,86.0,74.0,,138.0,,,353.0,,25.0,25.0,,,,,,,,,,,,,0.0,,1.0,4807.3,1700045952.0,1.0,19.5,19.5,14.3,0.72,1014.1,0.8,3.3,303.0,0.0,1700028544.0,1700063488.0,0.125,,13405248.0,0.0,1.0,0.26,29888.0,2.0,,,,,0.0,2.302,483.6,,,,4860.0,,,,,,,,,,,,,,,,,""
10211589341,"Nov 13, 2023, 3:35:21 PM",Test 5',Run,"post pranzo - 76,3 -
prossima volta più riscaldamento ",751,2.27,186.0,25,false,,ASICS Novablast 2,activities/10936014776.fit.gz,,,751.0,697.0,2276.7,4.232,3.266,12.0,9.0,159.0,173.8,3.4,0.1,,,92.0,85.0,,166.0,,,160.0,,19.0,25.0,,,,,,,,,,,0.0,,0.0,,1.0,2290.0,1699887616.0,3.0,16.2,16.1,13.8,0.86,1016.8,1.4,3.4,206.0,0.0,1699855616.0,1699890816.0,0.0,,10952994.0,0.0,1.0,0.97,21913.0,0.0,,,,,0.0,3.032,0.0,,,,1962.0,,,,,,,,,,,,,,,,,""
10209457378,"Nov 12, 2023, 3:33:45 PM",Corsa pomeridiana,Run,,2314,5.51,169.0,27,false,,Nike Infinity Run,activities/10933787440.fit.gz,,,2314.0,2305.0,5509.5,3.937,2.39,95.0,99.0,145.0,231.2,21.3,-0.1,,,87.0,77.0,,139.0,,,416.0,,18.0,27.0,,,,,,,,,,,,,0.0,,1.0,5820.9,1699801216.0,3.0,12.4,11.9,9.9,0.85,1010.5,1.4,2.9,102.0,0.0,1699769088.0,1699804416.0,0.0,,13405248.0,0.66,5.0,0.89,22953.0,0.0,,,,,0.0,2.381,464.8,,,,5932.0,,,,,,,,,,,,,,,,,""
10209457099,"Nov 10, 2023, 3:37:04 PM",Corsa pomeridiana,Run,,1946,4.47,170.0,20,false,,Nike Infinity Run,activities/10933787047.fit.gz,,,1946.0,1930.0,4478.5,3.977,2.32,85.0,85.0,161.2,229.4,25.6,0.0,,,118.0,75.0,,136.0,,,339.0,,19.0,20.0,,,,,,,,,,,,,0.0,,1.0,4773.0,1699628416.0,5.0,13.4,13.0,10.7,0.84,1005.2,4.8,9.8,222.0,1.7,1699596160.0,1699631744.0,0.875,,13405248.0,0.95,5.0,0.7,14299.0,0.0,,,,,0.0,2.301,486.9,,,,4812.0,,,,,,,,,,,,,,,,,""
10146956718,"Nov 2, 2023, 10:01:29 AM",Interval 6*2',Run,"",2777,7.32,190.0,66,false,,ASICS Novablast 2,activities/10868612607.fit.gz,,,2777.0,2777.0,7326.0,4.981,2.638,62.0,63.0,122.8,172.2,23.7,0.0,,,90.0,77.0,,157.0,,,566.0,,22.0,66.0,,,,,,,,,,,0.0,,0.0,,1.0,7423.3,1698919168.0,3.0,17.6,17.6,14.4,0.82,1002.4,5.6,12.1,171.0,0.0,1698904320.0,1698941184.0,0.625,,10952994.0,0.92,5.0,0.94,26385.0,2.0,,,,,0.0,2.638,0.0,,,,6998.0,,,,,,,,,,,,,,,,,""
10124301023,"Oct 29, 2023, 10:12:20 AM",Risc+ 1h lento+defa,Run,"",4335,11.32,178.0,81,false,,Nike Infinity Run,activities/10844844166.fit.gz,,,4335.0,4332.0,11327.5,3.505,2.615,139.0,139.0,104.6,226.4,46.0,0.0,,,122.0,79.0,,149.0,,,843.0,,25.0,81.0,,,,,,,,,,,0.0,,0.0,,1.0,11680.7,1698573568.0,2.0,20.1,20.3,14.9,0.72,1014.3,4.5,10.1,194.0,0.0,1698558464.0,1698595840.0,0.625,,13405248.0,0.47,5.0,0.62,27366.0,2.0,,,,,0.0,2.613,494.7,,,,11438.0,,,,,,,,,,,,,,,,,""
10112431768,"Oct 27, 2023, 9:39:50 AM",Corsa dell'ora di pranzo,Run,,3875,10.01,178.0,78,false,,Nike Infinity Run,activities/10832394205.fit.gz,,,3875.0,3869.0,10012.7,3.468,2.588,132.0,136.0,111.6,231.4,23.8,0.0,,,106.0,79.0,,150.0,,,743.0,,25.0,78.0,,,,,,,,,,,,,0.0,,1.0,10373.1,1698397184.0,8.0,18.2,18.2,14.1,0.77,998.6,7.5,15.9,246.0,0.0,1698385408.0,1698423296.0,0.375,,13405248.0,0.82,5.0,0.58,15710.0,2.0,,,,,0.0,2.584,482.4,,,,10200.0,,,,,,,,,,,,,,,,,""
10110294765,"Oct 26, 2023, 4:55:57 PM",Allenamento con i pesi serale,Weight Training,,1678,0,118.0,2,false,,,activities/10830151635.fit.gz,,,1678.0,1678.0,0.0,0.0,0.0,0.0,0.0,0.0,0.0,0.0,0.0,,,,,,87.0,,,102.0,,28.0,2.0,,,,,,,,,,,,,0.0,,1.0,,,,,,,,,,,,,,,,,,,,,,,,,,,0.0,0.0,0.0,,,,,,,,,,,,,,,,,,,,,""
10089175163,"Oct 23, 2023, 9:50:23 AM",Interval t. 6*1',Run,"",2285,5.97,184.0,31,false,,HOKA rincon 2,activities/10808231754.fit.gz,,,2285.0,2282.0,5972.7,5.03,2.617,47.0,45.0,124.6,171.4,6.1,0.0,,,95.0,79.0,,148.0,,,438.0,,25.0,31.0,,,,,,,,,,,0.0,,0.0,,1.0,6015.3,,,,,,,,,,,,,,,,9110137.0,,,,,,,,,,0.0,2.614,0.0,,,,5882.0,,,,,,,,,,,,,,,,,""
10078769287,"Oct 21, 2023, 2:26:54 PM",Prima corsa dell'anno sotto la pioggia. Le gambe giravano da paura dispetto al solito,Run,"",3355,9.53,173.0,63,false,,ASICS Novablast 2,activities/10797327549.fit.gz,,,3355.0,3355.0,9529.7,3.501,2.84,96.0,99.0,96.4,171.6,25.7,0.0,,,88.0,83.0,,155.0,,,707.0,,19.0,63.0,,,,,,,,,,,0.0,,0.0,,1.0,9682.2,,,,,,,,,,,,,,,,10952994.0,,,,,,,,,,0.0,2.84,0.0,,,,9280.0,,,,,,,,,,,,,,,,,""
10067850947,"Oct 19, 2023, 3:04:30 PM",Corsa pomeridiana,Run,,3534,8.50,178.0,45,false,,Nike Infinity Run,activities/10785963910.fit.gz,,,3534.0,3534.0,8507.0,3.489,2.407,117.0,112.0,122.2,230.4,20.2,0.1,,,87.0,77.0,,143.0,,,626.0,,25.0,45.0,,,,,,,,,,,,,0.0,,1.0,8826.5,,,,,,,,,,,,,,,,13405248.0,,,,,,,,,,0.0,2.407,494.7,,,,9066.0,,,,,,,,,,,,,,,,,""
10067850154,"Oct 18, 2023, 5:32:48 AM",Allenamento con i pesi mattutino,Weight Training,,2517,0,132.0,4,false,,,activities/10785962932.fit.gz,,,2517.0,2517.0,0.0,0.0,0.0,0.0,0.0,0.0,0.0,0.0,0.0,,,,,,87.0,,,147.0,,28.0,4.0,,,,,,,,,,,,,0.0,,1.0,,,,,,,,,,,,,,,,,,,,,,,,,,,0.0,0.0,0.0,,,,,,,,,,,,,,,,,,,,,""
10053168193,"Oct 17, 2023, 6:27:26 AM",Corsa mattutina,Run,"",2404,6.01,176.0,26,false,,HOKA rincon 2,activities/10770724732.fit.gz,,,2404.0,2404.0,6011.5,4.936,2.501,47.0,47.0,127.2,170.6,5.9,0.0,,,96.0,78.0,,142.0,,,433.0,,19.0,26.0,,,,,,,,,,,0.0,,0.0,,1.0,6046.9,,,,,,,,,,,,,,,,9110137.0,,,,,,,,,,0.0,2.501,422.0,,,,6152.0,,,,,,,,,,,,,,,,,""
10044607086,"Oct 15, 2023, 2:54:23 PM",Corsa pomeridiana,Run,,3805,9.10,165.0,38,false,,Nike Infinity Run,activities/10761802745.fit.gz,,,3805.0,3745.0,9107.2,3.622,2.432,118.0,118.0,117.2,226.4,26.1,0.0,,,123.0,78.0,,140.0,,,660.0,,25.0,38.0,,,,,,,,,,,,,0.0,,1.0,9427.4,,,,,,,,,,,,,,,,13405248.0,,,,,,,,,,0.0,2.393,488.6,,,,9696.0,,,,,,,,,,,,,,,,,""
10044605353,"Oct 12, 2023, 6:15:11 PM",Allenamento con i pesi serale,Weight Training,,1895,0,123.0,3,false,,,activities/10761801022.fit.gz,,,1895.0,1895.0,0.0,0.0,0.0,0.0,0.0,0.0,0.0,0.0,0.0,,,,,,89.0,,,122.0,,29.0,3.0,,,,,,,,,,,,,0.0,,1.0,,,,,,,,,,,,,,,,,,,,,,,,,,,0.0,0.0,0.0,,,,,,,,,,,,,,,,,,,,,""
10019805982,"Oct 11, 2023, 9:51:39 AM",Corsa dell'ora di pranzo,Run,"",3338,7.87,178.0,25,false,,ASICS Novablast 2,activities/10736003644.fit.gz,,,3338.0,3257.0,7872.8,4.122,2.417,154.0,146.0,220.0,307.6,19.8,0.1,,,123.0,78.0,,137.0,,,565.0,,27.0,25.0,,,,,,,,,,,0.0,,0.0,,1.0,8317.6,,,,,,,,,,,,,,,,10952994.0,,,,,,,,,,0.0,2.359,0.0,,,,8422.0,,,,,,,,,,,,,,,,,""
10019805203,"Oct 9, 2023, 2:59:17 PM",Corsa pomeridiana,Run,,2587,6.02,171.0,26,false,,Nike Infinity Run,activities/10736002909.fit.gz,,,2587.0,2587.0,6019.9,3.494,2.327,99.0,97.0,139.2,227.4,18.5,0.0,,,123.0,77.0,,138.0,,,453.0,,28.0,26.0,,,,,,,,,,,,,0.0,,1.0,6304.8,,,,,,,,,,,,,,,,13405248.0,,,,,,,,,,0.0,2.327,506.0,,,,6628.0,,,,,,,,,,,,,,,,,""
9992716683,"Oct 7, 2023, 9:04:38 AM",Corsa dell'ora di pranzo,Run,,4546,8.27,188.0,68,false,,Nike Infinity Run,activities/10707792578.fit.gz,,,4546.0,3638.0,8274.3,3.421,2.274,121.0,113.0,121.2,234.4,34.5,0.1,,,123.0,79.0,,152.0,,,674.0,,28.0,68.0,,,,,,,,,,,,,0.0,,1.0,8637.8,,,,,,,,,,,,,,,,13405248.0,,,,,,,,,,0.0,1.82,479.4,,,,8836.0,,,,,,,,,,,,,,,,,""
9992716369,"Oct 5, 2023, 12:07:21 PM",Allenamento con i pesi pomeridiano,Weight Training,,3365,0,140.0,7,false,,,activities/10707792190.fit.gz,,,3365.0,3365.0,0.0,0.0,0.0,0.0,0.0,0.0,0.0,0.0,0.0,,,,,,98.0,,,264.0,,29.0,7.0,,,,,,,,,,,,,0.0,,1.0,,,,,,,,,,,,,,,,,,,,,,,,,,,0.0,0.0,0.0,,,,,,,,,,,,,,,,,,,,,""
9975735408,"Oct 4, 2023, 3:01:29 PM",Corsa pomeridiana,Run,,1881,4.16,158.0,12,false,,Nike Infinity Run,activities/10690107880.fit.gz,,,1881.0,1881.0,4159.7,4.484,2.211,86.0,80.0,161.4,230.8,19.6,0.1,,,123.0,74.0,,132.0,,,313.0,,27.0,12.0,,,,,,,,,,,,,0.0,,1.0,4468.0,,,,,,,,,,,,,,,,13405248.0,,,,,,,,,,0.0,2.211,481.3,,,,4654.0,,,,,,,,,,,,,,,,,""
9969245982,"Oct 3, 2023, 3:06:24 PM",Corsa pomeridiana,Run,,2566,6.03,180.0,32,false,,Nike Infinity Run,activities/10683346386.fit.gz,,,2566.0,2403.0,6034.5,3.687,2.511,100.0,52.0,131.0,227.6,21.0,0.0,,,87.0,79.0,,148.0,,,463.0,,28.0,32.0,,,,,,,,,,,,,0.0,,1.0,6353.4,,,,,,,,,,,,,,,,13405248.0,,,,,,,,,,0.0,2.352,254.8,,,,6306.0,,,,,,,,,,,,,,,,,""
9950280010,"Sep 30, 2023, 2:58:28 PM",Corsa pomeridiana,Run,,3073,7.32,185.0,40,false,,Nike Infinity Run,activities/10663365483.fit.gz,,,3073.0,3051.0,7319.7,4.443,2.399,128.0,105.0,128.4,227.0,20.0,0.3,,,93.0,77.0,,147.0,,,564.0,,30.0,40.0,,,,,,,,,,,,,0.0,,1.0,7610.7,,,,,,,,,,,,,,,,13405248.0,,,,,,,,,,0.0,2.382,484.5,,,,7850.0,,,,,,,,,,,,,,,,,""
9937917080,"Sep 28, 2023, 2:54:58 PM",Giro pomeridiano,Ride,,5468,42.36,188.0,145,false,,,activities/10650483281.fit.gz,,,5468.0,5356.0,42363.5,14.646,7.91,325.0,330.0,27.0,233.6,14.4,0.0,,,,,,162.0,,146.0,1142.0,,29.0,145.0,,,,,,,,,,,,,0.0,,1.0,,,,,,,,,,,,,,,,,,,,,,,,,,,0.0,7.748,80.0,,,,,,,,,,,,,,,,,,,,,""
9929488453,"Sep 27, 2023, 9:25:00 AM",Corsa dell'ora di pranzo,Run,,3158,6.33,171.0,27,false,,Nike Infinity Run,activities/10641680378.fit.gz,,,3158.0,3000.0,6333.9,2.975,2.111,112.0,108.0,135.6,230.4,25.5,0.0,,,95.0,74.0,,134.0,,,491.0,,30.0,27.0,,,,,,,,,,,,,0.0,,1.0,6667.6,,,,,,,,,,,,,,,,13405248.0,,,,,,,,,,0.0,2.006,528.4,,,,7620.0,,,,,,,,,,,,,,,,,""
9927136668,"Sep 26, 2023, 6:05:17 PM",Allenamento con i pesi serale,Weight Training,,16211,0,112.0,10,false,,,activities/10639193484.fit.gz,,,16211.0,16211.0,0.0,0.0,0.0,0.0,0.0,0.0,0.0,0.0,0.0,,,,,,54.0,,,49.0,,31.0,10.0,,,,,,,,,,,,,0.0,,1.0,,,,,,,,,,,,,,,,,,,,,,,,,,,0.0,0.0,0.0,,,,,,,,,,,,,,,,,,,,,""
9919074986,"Sep 25, 2023, 5:06:34 PM",Escursione serale,Hike,,1053,1.38,117.0,1,false,,ASICS Novablast 2,activities/10630751788.fit.gz,,,1053.0,1053.0,1388.2,1.808,1.318,45.0,42.0,206.2,240.8,22.4,0.4,,,65.0,56.0,,88.0,,,70.0,,25.0,1.0,,,,,,,,,,,,,0.0,,1.0,,,,,,,,,,,,,,,,,10952994.0,,,,,,,,,,0.0,1.318,0.0,,,,,,,,,,,,,,,,,,,,,""
9909401033,"Sep 24, 2023, 7:27:44 AM",Corsa mattutina,Run,,5820,10.18,156.0,17,false,,Nike Infinity Run,activities/10620584560.fit.gz,,,5820.0,5628.0,10183.5,6.209,1.809,110.0,90.0,45.0,120.0,20.0,0.2,,,118.0,66.0,,113.0,,,719.0,,23.0,17.0,,,,,,,,,,,,,0.0,,1.0,10443.9,,,,,,,,,,,,,,,,13405248.0,,,,,,,,,,0.0,1.75,5.4,,,,12646.0,,,,,,,,,,,,,,,,,""
9897155503,"Sep 22, 2023, 7:26:40 AM",Corsa mattutina,Run,,2395,5.02,153.0,8,false,,Nike Infinity Run,activities/10607698967.fit.gz,,,2395.0,2387.0,5019.9,3.298,2.103,95.0,96.0,142.6,228.6,19.7,0.0,,,125.0,73.0,,119.0,,,362.0,,27.0,8.0,,,,,,,,,,,,,0.0,,1.0,5315.1,,,,,,,,,,,,,,,,13405248.0,,,,,,,,,,0.0,2.096,498.0,,,,5784.0,,,,,,,,,,,,,,,,,""
9840298363,"Sep 13, 2023, 10:23:05 AM",Corsa dell'ora di pranzo,Run,,2127,4.46,166.0,10,false,,Nike Infinity Run,activities/10548146746.fit.gz,,,2127.0,2099.0,4468.1,3.699,2.129,88.0,84.0,160.4,228.8,20.9,0.1,,,123.0,72.0,,123.0,,,329.0,,29.0,10.0,,,,,,,,,,,,,0.0,,1.0,4759.4,,,,,,,,,,,,,,,,13405248.0,,,,,,,,,,0.0,2.101,490.0,,,,4986.0,,,,,,,,,,,,,,,,,""
9815842994,"Sep 9, 2023, 2:35:11 PM",Giro pomeridiano,Ride,,5526,35.02,147.0,14,false,,,activities/10522356649.fit.gz,,,5526.0,4888.0,35025.9,20.172,7.166,463.0,406.0,48.6,307.6,26.2,0.2,,,,,,109.0,,154.0,1037.0,,32.0,14.0,,,,,,,,,,,,,0.0,,1.0,,,,,,,,,,,,,,,,,,,,,,,,,,,0.0,6.338,63.3,,,,,,,,,,,,,,,,,,,,,""
9789647816,"Sep 5, 2023, 4:55:21 PM",Corsa serale,Run,,1855,4.19,151.0,7,false,,Nike Infinity Run,activities/10494818402.fit.gz,,,1855.0,1841.0,4199.0,4.691,2.281,87.0,84.0,152.4,228.4,19.9,0.0,,,123.0,75.0,,125.0,,,306.0,,26.0,7.0,,,,,,,,,,,,,0.0,,1.0,4497.5,,,,,,,,,,,,,,,,13405248.0,,,,,,,,,,0.0,2.264,475.9,,,,4534.0,,,,,,,,,,,,,,,,,""
9770150263,"Sep 2, 2023, 3:03:47 PM",Giro pomeridiano,Ride,,7078,46.14,147.0,16,false,,,activities/10474175924.fit.gz,,,7078.0,5744.0,46139.6,16.568,8.033,304.0,320.0,30.4,230.2,32.5,0.0,,,,,,108.0,,153.0,1584.0,,32.0,16.0,,,,,,,,,,,,,0.0,,1.0,,,,,,,,,,,,,,,,,,,,,,,,,,,0.0,6.519,107.5,,,,,,,,,,,,,,,,,,,,,""
9674010502,"Aug 18, 2023, 5:13:42 PM",Corsa serale,Run,,2905,6.27,171.0,20,false,,Nike Infinity Run,activities/10371796192.fit.gz,,,2905.0,2902.0,6271.4,4.955,2.161,138.0,138.0,224.8,310.0,18.7,0.0,,,122.0,72.0,,132.0,,,457.0,,30.0,20.0,,,,,,,,,,,,,0.0,,1.0,6666.6,,,,,,,,,,,,,,,,13405248.0,,,,,,,,,,0.0,2.159,0.0,,,,6878.0,,,,,,,,,,,,,,,,,""
9664767826,"Aug 17, 2023, 7:06:10 AM","Reminder: mai ingarellarsi con le e-bike, ad una certa scoppio.",Ride,"",9827,70.12,103.0,21,false,,,activities/10362025024.fit.gz,,,9827.0,8856.0,70126.4,14.673,7.919,396.0,508.0,29.8,229.2,13.9,-0.2,,,,,,103.0,,141.0,2631.0,,30.0,21.0,,,,,,,,,,,0.0,,0.0,,1.0,,,,,,,,,,,,,,,,,,,,,,,,,,,0.0,7.136,231.0,,,,,,,,,,,,,,,,,,,,,""
9542082248,"Jul 29, 2023, 9:08:44 AM",Giro dell'ora di pranzo,Ride,,2965,6.83,175.0,12,false,,,activities/10232434834.fit.gz,,,2965.0,1295.0,6835.2,13.308,5.278,142.0,27.0,117.4,318.2,24.7,0.1,,,,,,138.0,,136.0,221.0,,31.0,12.0,,,,,,,,,,,,,0.0,,1.0,,,,,,,,,,,,,,,,,,,,,,,,,,,0.0,2.305,100.7,,,,,,,,,,,,,,,,,,,,,""
9524374485,"Jul 26, 2023, 10:47:40 AM",Escursione dell'ora di pranzo,Hike,,2821,5.01,145.0,8,false,,ASICS Novablast 2,activities/10213783005.fit.gz,,,2821.0,2772.0,5018.5,5.794,1.81,225.0,221.0,829.6,1052.4,24.9,0.1,,,114.0,65.0,,118.0,,,329.0,,27.0,8.0,,,,,,,,,,,,,0.0,,1.0,,,,,,,,,,,,,,,,,10952994.0,,,,,,,,,,0.0,1.779,4976.8,,,,,,,,,,,,,,,,,,,,,""
9459883673,"Jul 16, 2023, 7:06:55 AM",Corsa mattutina,Run,,3174,8.01,176.0,49,false,,Nike Infinity Run,activities/10145606139.fit.gz,,,3174.0,3166.0,8014.2,5.362,2.531,207.0,205.0,225.2,310.2,21.5,0.0,,,119.0,78.0,,149.0,,,602.0,,31.0,49.0,,,,,,,,,,,,,0.0,,1.0,8528.7,,,,,,,,,,,,,,,,13405248.0,,,,,,,,,,0.0,2.525,0.0,,,,8218.0,,,,,,,,,,,,,,,,,""
9457673642,"Jul 15, 2023, 5:13:57 PM",Giro serale,Ride,,5531,30.19,169.0,44,false,,,activities/10143239019.fit.gz,,,5531.0,4987.0,30196.6,22.69,6.055,517.0,499.0,76.8,317.6,26.4,0.1,,,,,,137.0,,136.0,712.0,,31.0,44.0,,,,,,,,,,,,,0.0,,1.0,,,,,,,,,,,,,,,,,,,,,,,,,,,0.0,5.46,1242.0,,,,,,,,,,,,,,,,,,,,,""
9451345924,"Jul 14, 2023, 5:44:13 PM",Giro serale,Ride,,4089,16.84,182.0,32,false,,,activities/10136558117.fit.gz,,,4089.0,2828.0,16839.2,15.828,5.954,274.0,256.0,118.2,313.8,23.8,0.1,,,,,,142.0,,133.0,458.0,,28.0,32.0,,,,,,,,,,,,,0.0,,1.0,,,,,,,,,,,,,,,,,,,,,,,,,,,0.0,4.118,3398.0,,,,,,,,,,,,,,,,,,,,,""
9435333949,"Jul 12, 2023, 5:39:06 AM",Giro mattutino,Ride,,3983,20.31,173.0,36,false,,,activities/10119723958.fit.gz,,,3983.0,3108.0,20317.6,17.71,6.537,315.0,314.0,128.8,305.8,13.3,0.0,,,,,,140.0,,137.0,509.0,,26.0,36.0,,,,,,,,,,,,,0.0,,1.0,,,,,,,,,,,,,,,,,,,,,,,,,,,0.0,5.101,251.4,,,,,,,,,,,,,,,,,,,,,""
9413722369,"Jul 8, 2023, 4:53:45 PM",Giro serale,Ride,,5338,30.95,178.0,84,false,,,activities/10096886144.fit.gz,,,5338.0,5053.0,30951.1,17.968,6.125,526.0,537.0,87.4,329.4,18.2,0.1,,,,,,150.0,,136.0,866.0,,32.0,84.0,,,,,,,,,,,,,0.0,,1.0,,,,,,,,,,,,,,,,,,,,,,,,,,,0.0,5.798,3171.9,,,,,,,,,,,,,,,,,,,,,""
9401258711,"Jul 6, 2023, 5:29:34 PM",Corsa serale,Run,,3466,8.01,174.0,25,false,,Nike Infinity Run,activities/10083705112.fit.gz,,,3466.0,3336.0,8014.2,4.572,2.402,152.0,147.0,224.4,309.6,24.9,0.1,,,121.0,78.0,,138.0,,,575.0,,28.0,25.0,,,,,,,,,,,,,0.0,,1.0,8433.1,,,,,,,,,,,,,,,,13405248.0,,,,,,,,,,0.0,2.312,0.0,,,,8598.0,,,,,,,,,,,,,,,,,""
9372331382,"Jul 2, 2023, 6:49:50 AM",Corsa mattutina,Run,,4161,10.02,175.0,34,false,,Nike Infinity Run,activities/10053208981.fit.gz,,,4161.0,4152.0,10028.6,3.245,2.415,106.0,119.0,129.8,224.2,17.3,-0.1,,,87.0,79.0,,136.0,,,758.0,,30.0,34.0,,,,,,,,,,,,,0.0,,1.0,10255.9,,,,,,,,,,,,,,,,13405248.0,,,,,,,,,,0.0,2.41,481.3,,,,10996.0,,,,,,,,,,,,,,,,,""
9355497050,"Jun 29, 2023, 9:17:18 AM",Corsa dell'ora di pranzo,Run,,3562,8.76,174.0,36,false,,Nike Infinity Run,activities/10034901815.fit.gz,,,3562.0,3501.0,8766.0,4.282,2.504,105.0,176.0,226.2,312.2,16.8,-0.8,,,91.0,80.0,,144.0,,,638.0,,30.0,36.0,,,,,,,,,,,,,0.0,,1.0,8910.7,,,,,,,,,,,,,,,,13405248.0,,,,,,,,,,0.0,2.461,0.0,,,,9348.0,,,,,,,,,,,,,,,,,""
9351003918,"Jun 28, 2023, 2:43:00 PM",Allenamento con i pesi pomeridiano,Weight Training,,3363,0,149.0,8,false,,,activities/10030173690.fit.gz,,,3363.0,3363.0,0.0,0.0,0.0,0.0,,,,0.0,0.0,,,,,,101.0,,,284.0,,31.0,8.0,,,,,,,,,,,,,0.0,,1.0,,,,,,,,,,,,,,,,,,,,,,,,,,,0.0,0.0,0.0,,,,,,,,,,,,,,,,,,,,,""
9345976298,"Jun 27, 2023, 5:53:18 PM",6 x 2',Run,"",2641,7.01,190.0,51,false,,HOKA rincon 2,activities/10024899313.fit.gz,,,2641.0,2641.0,7009.5,4.383,2.654,47.0,51.0,122.2,171.0,4.7,-0.1,,,91.0,80.0,,156.0,,,536.0,,28.0,51.0,,,,,,,,,,,0.0,,0.0,,1.0,7039.5,,,,,,,,,,,,,,,,9110137.0,,,,,,,,,,0.0,2.654,148.6,,,,6914.0,,,,,,,,,,,,,,,,,""
9329588331,"Jun 25, 2023, 6:24:01 AM",Corsa mattutina,Run,,3681,10.01,188.0,86,false,,Nike Infinity Run,activities/10007571407.fit.gz,,,3681.0,3681.0,10016.9,4.412,2.721,42.0,44.0,79.2,110.2,7.3,0.0,,,89.0,82.0,,156.0,,,757.0,,28.0,86.0,,,,,,,,,,,,,0.0,,1.0,10053.7,,,,,,,,,,,,,,,,13405248.0,,,,,,,,,,0.0,2.721,10018.6,,,,10032.0,,,,,,,,,,,,,,,,,""
9319121995,"Jun 23, 2023, 12:00:43 PM",Corsa pomeridiana,Run,,677,0.90,114.0,0,false,,Nike Infinity Run,activities/9996479389.fit.gz,,,677.0,677.0,900.7,1.813,1.33,0.0,,,,0.0,0.0,,,64.0,61.0,,79.0,,,36.0,,32.0,0.0,,,,,,,,,,,,,0.0,,1.0,,,,,,,,,,,,,,,,,13405248.0,,,,,,,,,,0.0,1.33,0.0,,,,1178.0,,,,,,,,,,,,,,,,,""
9319060475,"Jun 23, 2023, 11:01:32 AM",Allenamento con i pesi pomeridiano,Weight Training,,3505,0,140.0,8,false,,,activities/9996414442.fit.gz,,,3505.0,3505.0,0.0,0.0,0.0,0.0,,,,0.0,0.0,,,,,,104.0,,,310.0,,31.0,8.0,,,,,,,,,,,,,0.0,,1.0,,,,,,,,,,,,,,,,,,,,,,,,,,,0.0,0.0,0.0,,,,,,,,,,,,,,,,,,,,,""
9318763099,"Jun 23, 2023, 10:48:43 AM",Corsa dell'ora di pranzo,Run,,714,0.90,98.0,1,false,,Nike Infinity Run,activities/9996102143.fit.gz,,,714.0,714.0,905.0,1.808,1.268,0.0,,,,0.0,0.0,,,67.0,61.0,,93.0,,,54.0,,31.0,1.0,,,,,,,,,,,,,0.0,,1.0,,,,,,,,,,,,,,,,,13405248.0,,,,,,,,,,0.0,1.268,0.0,,,,1112.0,,,,,,,,,,,,,,,,,""
9315250117,"Jun 22, 2023, 5:11:45 PM",Corsa serale,Run,,3514,8.01,174.0,43,false,,Nike Infinity Run,activities/9992393328.fit.gz,,,3514.0,3507.0,8010.2,4.284,2.284,149.0,147.0,224.4,309.8,19.8,0.1,,,89.0,77.0,,145.0,,,617.0,,29.0,43.0,,,,,,,,,,,,,0.0,,1.0,8422.1,,,,,,,,,,,,,,,,13405248.0,,,,,,,,,,0.0,2.28,0.0,,,,9018.0,,,,,,,,,,,,,,,,,""
9307401765,"Jun 21, 2023, 1:10:54 PM",Corsa pomeridiana,Run,,532,0.73,116.0,0,false,,Nike Infinity Run,activities/9984122385.fit.gz,,,532.0,532.0,731.8,1.795,1.376,0.0,,,,0.0,0.0,,,64.0,61.0,,86.0,,,34.0,,33.0,0.0,,,,,,,,,,,,,0.0,,1.0,,,,,,,,,,,,,,,,,13405248.0,,,,,,,,,,0.0,1.376,0.0,,,,1026.0,,,,,,,,,,,,,,,,,""
9307333824,"Jun 21, 2023, 12:37:40 PM",Allenamento con i pesi pomeridiano,Weight Training,,1787,0,141.0,5,false,,,activities/9984049831.fit.gz,,,1787.0,1787.0,0.0,0.0,0.0,0.0,,,,0.0,0.0,,,,,,113.0,,,215.0,,33.0,5.0,,,,,,,,,,,,,0.0,,1.0,,,,,,,,,,,,,,,,,,,,,,,,,,,0.0,0.0,0.0,,,,,,,,,,,,,,,,,,,,,""
9307163321,"Jun 21, 2023, 12:00:19 PM",Allenamento con i pesi pomeridiano,Weight Training,,2203,0,144.0,6,false,,,activities/9983870096.fit.gz,,,2203.0,2203.0,0.0,0.0,0.0,0.0,,,,0.0,0.0,,,,,,114.0,,,251.0,,32.0,6.0,,,,,,,,,,,,,0.0,,1.0,,,,,,,,,,,,,,,,,,,,,,,,,,,0.0,0.0,0.0,,,,,,,,,,,,,,,,,,,,,""
9299596811,"Jun 20, 2023, 7:57:29 AM",Corsa mattutina,Run,"",2326,5.71,190.0,31,false,,ASICS Novablast 2,activities/9975871910.fit.gz,,,2326.0,2326.0,5717.7,4.762,2.458,41.0,38.0,126.8,169.0,12.6,0.1,,,121.0,75.0,,148.0,,,456.0,,29.0,31.0,,,,,,,,,,,0.0,,0.0,,1.0,5755.6,,,,,,,,,,,,,,,,10952994.0,,,,,,,,,,0.0,2.458,0.0,,,,5728.0,,,,,,,,,,,,,,,,,""
9296812673,"Jun 19, 2023, 5:04:59 PM",Escursione serale,Hike,"",7388,8.99,125.0,12,false,,ASICS DS Trainer 23,activities/9972716904.fit.gz,,,7388.0,6524.0,8999.0,2.228,1.379,248.0,248.0,224.4,413.2,48.8,0.1,,,116.0,57.0,,91.0,,,466.0,,28.0,12.0,,,,,,,,,,,0.0,,0.0,,1.0,,,,,,,,,,,,,,,,,7503783.0,,,,,,,,,,0.0,1.218,0.0,,,,,,,,,,,,,,,,,,,,,""
9291001748,"Jun 18, 2023, 4:20:41 PM",Giro serale,Ride,,7441,40.01,187.0,116,false,,,activities/9966583765.fit.gz,,,7441.0,6160.0,40012.1,16.936,6.495,434.0,437.0,46.0,234.0,24.6,0.0,,,,,,153.0,,131.0,1205.0,,29.0,116.0,,,,,,,,,,,,,0.0,,1.0,,,,,,,,,,,,,,,,,,,,,,,,,,,0.0,5.377,169.4,,,,,,,,,,,,,,,,,,,,,""
9284122725,"Jun 17, 2023, 4:38:51 PM",Giro serale,Ride,,3418,27.14,174.0,50,false,,,activities/9959236344.fit.gz,,,3418.0,3400.0,27140.5,11.765,7.983,142.0,141.0,50.6,183.8,7.5,0.0,,,,,,148.0,,127.0,681.0,,27.0,50.0,,,,,,,,,,,,,0.0,,1.0,,,,,,,,,,,,,,,,,,,,,,,,,,,0.0,7.94,48.2,,,,,,,,,,,,,,,,,,,,,""
9275100568,"Jun 16, 2023, 7:48:14 AM",Allenamento con i pesi mattutino,Weight Training,,2982,0,136.0,7,false,,,activities/9949685083.fit.gz,,,2982.0,2982.0,0.0,0.0,0.0,0.0,,,,0.0,0.0,,,,,,105.0,,,285.0,,29.0,7.0,,,,,,,,,,,,,0.0,,1.0,,,,,,,,,,,,,,,,,,,,,,,,,,,0.0,0.0,0.0,,,,,,,,,,,,,,,,,,,,,""
9269163270,"Jun 15, 2023, 8:25:36 AM",Corsa mattutina,Run,,3654,8.10,181.0,52,false,,Nike Infinity Run,activities/9943414531.fit.gz,,,3654.0,3654.0,8100.9,3.524,2.217,132.0,103.0,122.6,232.2,19.8,0.4,,,117.0,76.0,,146.0,,,677.0,,29.0,52.0,,,,,,,,,,,,,0.0,,1.0,8462.5,,,,,,,,,,,,,,,,13405248.0,,,,,,,,,,0.0,2.217,481.3,,,,9258.0,,,,,,,,,,,,,,,,,""
9262542242,"Jun 14, 2023, 7:44:16 AM",Allenamento con i pesi mattutino,Weight Training,,1050,0,106.0,1,false,,,activities/9936444089.fit.gz,,,1050.0,1050.0,0.0,0.0,0.0,0.0,,,,0.0,0.0,,,,,,81.0,,,57.0,,29.0,1.0,,,,,,,,,,,,,0.0,,1.0,,,,,,,,,,,,,,,,,,,,,,,,,,,0.0,0.0,0.0,,,,,,,,,,,,,,,,,,,,,""
9256113686,"Jun 13, 2023, 8:00:32 AM","30""×8",Run,"",2421,5.81,176.0,25,false,,Nike Infinity Run,activities/9929663909.fit.gz,,,2421.0,2421.0,5814.6,5.43,2.402,38.0,34.0,150.0,185.8,4.2,0.1,,,95.0,77.0,,141.0,,,450.0,,27.0,25.0,,,,,,,,,,,0.0,,0.0,,1.0,5849.9,,,,,,,,,,,,,,,,13405248.0,,,,,,,,,,0.0,2.402,0.0,,,,6078.0,,,,,,,,,,,,,,,,,""
9242547874,"Jun 10, 2023, 4:44:03 PM",Macerata - Loreto,Hike,"",39943,25.84,150.0,35,false,,Nike Pegasus 39,activities/9915320887.fit.gz,,,39943.0,19662.0,25846.4,2.511,1.315,248.0,282.0,22.6,170.2,33.1,-0.2,,,123.0,57.0,,88.0,,,1317.0,,26.0,35.0,,,,,,,,,,,0.0,,0.0,,1.0,,,,,,,,,,,,,,,,,11905578.0,,,,,,,,,,0.0,0.647,760.9,,,,,,,,,,,,,,,,,,,,,""
9231222776,"Jun 9, 2023, 8:02:09 AM",Corsa mattutina,Run,,3277,7.01,170.0,30,false,,Nike Infinity Run,activities/9903380254.fit.gz,,,3277.0,3272.0,7011.7,3.383,2.143,99.0,99.0,154.0,226.6,20.8,0.0,,,87.0,75.0,,136.0,,,566.0,,28.0,30.0,,,,,,,,,,,,,0.0,,1.0,7302.4,,,,,,,,,,,,,,,,13405248.0,,,,,,,,,,0.0,2.14,479.6,,,,8220.0,,,,,,,,,,,,,,,,,""
9218602340,"Jun 7, 2023, 8:10:02 AM",Allenamento con i pesi mattutino,Weight Training,,2945,0,139.0,6,false,,,activities/9890049362.fit.gz,,,2945.0,2945.0,0.0,0.0,0.0,0.0,,,,0.0,0.0,,,,,,95.0,,,231.0,,29.0,6.0,,,,,,,,,,,,,0.0,,1.0,,,,,,,,,,,,,,,,,,,,,,,,,,,0.0,0.0,0.0,,,,,,,,,,,,,,,,,,,,,""
9215481124,"Jun 6, 2023, 5:40:21 PM",Corsa serale,Run,,3409,7.83,174.0,39,false,,Nike Infinity Run,activities/9886779285.fit.gz,,,3409.0,3386.0,7836.0,4.562,2.314,147.0,146.0,223.4,307.4,18.9,0.0,,,125.0,77.0,,143.0,,,621.0,,25.0,39.0,,,,,,,,,,,,,0.0,,1.0,8243.0,,,,,,,,,,,,,,,,13405248.0,,,,,,,,,,0.0,2.299,0.0,,,,8700.0,,,,,,,,,,,,,,,,,""
9201476051,"Jun 4, 2023, 11:52:32 AM",Escursione pomeridiana,Hike,,1662,0.97,90.0,1,false,,ASICS Novablast 2,activities/9872004188.fit.gz,,,1662.0,976.0,970.9,2.384,0.995,0.0,159.0,416.8,576.8,6.6,-16.4,,,64.0,57.0,,73.0,,,63.0,,30.0,1.0,,,,,,,,,,,,,0.0,,1.0,,,,,,,,,,,,,,,,,10952994.0,,,,,,,,,,0.0,0.584,918.1,,,,,,,,,,,,,,,,,,,,,""
9199618421,"Jun 4, 2023, 9:30:07 AM",Escursione dell'ora di pranzo,Hike,,1966,0.87,135.0,2,false,,ASICS Novablast 2,activities/9870037468.fit.gz,,,1966.0,1027.0,875.8,2.29,0.853,140.0,1.0,417.2,556.2,41.6,15.8,,,80.0,53.0,,108.0,,,172.0,,29.0,2.0,,,,,,,,,,,,,0.0,,1.0,,,,,,,,,,,,,,,,,10952994.0,,,,,,,,,,0.0,0.445,875.8,,,,,,,,,,,,,,,,,,,,,""
9174614854,"May 31, 2023, 8:08:12 AM",Escursione mattutina,Hike,,8629,10.38,155.0,22,false,,ASICS Novablast 2,activities/9843599106.fit.gz,,,8629.0,7770.0,10384.9,2.682,1.337,517.0,507.0,529.2,1005.6,40.7,0.1,,,125.0,58.0,,111.0,,,802.0,,24.0,22.0,,,,,,,,,,,,,0.0,,1.0,,,,,,,,,,,,,,,,,10952994.0,,,,,,,,,,0.0,1.203,10384.9,,,,,,,,,,,,,,,,,,,,,""
9169122177,"May 30, 2023, 12:33:19 PM",Corsa pomeridiana,Run,,2980,6.43,175.0,46,false,,Nike Infinity Run,activities/9837823143.fit.gz,,,2980.0,2955.0,6434.2,3.48,2.177,106.0,104.0,153.8,227.8,26.0,0.0,,,87.0,74.0,,144.0,,,523.0,,30.0,46.0,,,,,,,,,,,,,0.0,,1.0,6727.9,,,,,,,,,,,,,,,,13405248.0,,,,,,,,,,0.0,2.159,515.6,,,,7338.0,,,,,,,,,,,,,,,,,""
9157616672,"May 28, 2023, 1:19:26 PM",Giro pomeridiano,Ride,"",7125,50.93,187.0,118,false,,Scott Addict,activities/9825560310.fit.gz,,,7125.0,6724.0,50933.7,15.658,7.575,417.0,402.0,33.0,238.0,39.4,0.0,,,,,,151.0,,138.0,1245.0,,31.0,118.0,,,,,,,,,,,0.0,,0.0,,1.0,,,,,,,,,,,,,,,,8484514.0,,,,,,,,,,,0.0,7.149,83.9,,,,,,,,,,,,,,,,,,,,,""
9154927093,"May 28, 2023, 7:22:24 AM",Corsa mattutina,Run,,3301,7.08,173.0,35,false,,Nike Infinity Run,activities/9822700844.fit.gz,,,3301.0,3291.0,7087.0,2.858,2.153,100.0,100.0,152.2,224.2,19.3,0.0,,,123.0,76.0,,139.0,,,575.0,,28.0,35.0,,,,,,,,,,,,,0.0,,1.0,7370.2,,,,,,,,,,,,,,,,13405248.0,,,,,,,,,,0.0,2.147,476.1,,,,8338.0,,,,,,,,,,,,,,,,,""
9138293717,"May 25, 2023, 2:00:17 PM",Allenamento con i pesi pomeridiano,Weight Training,,2938,0,142.0,6,false,,,activities/9804707303.fit.gz,,,2938.0,2938.0,0.0,0.0,0.0,0.0,,,,0.0,0.0,,,,,,101.0,,,268.0,,28.0,6.0,,,,,,,,,,,,,0.0,,1.0,,,,,,,,,,,,,,,,,,,,,,,,,,,0.0,0.0,0.0,,,,,,,,,,,,,,,,,,,,,""
9133311248,"May 24, 2023, 5:36:32 PM",Allenamento con i pesi serale,Weight Training,,1211,0,129.0,2,false,,,activities/9798380860.fit.gz,,,1211.0,1211.0,0.0,0.0,0.0,0.0,,,,0.0,0.0,,,,,,96.0,,,104.0,,30.0,2.0,,,,,,,,,,,,,0.0,,1.0,,,,,,,,,,,,,,,,,,,,,,,,,,,0.0,0.0,0.0,,,,,,,,,,,,,,,,,,,,,""
9123743899,"May 23, 2023, 7:47:06 AM",Corsa mattutina,Run,,2809,6.00,176.0,37,false,,Nike Infinity Run,activities/9787140391.fit.gz,,,2809.0,2795.0,6008.5,3.193,2.15,98.0,104.0,137.0,230.4,17.7,-0.1,,,123.0,75.0,,140.0,,,491.0,,28.0,37.0,,,,,,,,,,,,,0.0,,1.0,6284.9,,,,,,,,,,,,,,,,13405248.0,,,,,,,,,,0.0,2.139,495.3,,,,6976.0,,,,,,,,,,,,,,,,,""
9110743524,"May 21, 2023, 7:52:18 AM",Corsa mattutina,Run,,2846,6.49,176.0,46,false,,Nike Infinity Run,activities/9773329934.fit.gz,,,2846.0,2846.0,6498.2,3.149,2.283,98.0,99.0,153.8,225.6,19.5,0.0,,,88.0,77.0,,143.0,,,546.0,,27.0,46.0,,,,,,,,,,,,,0.0,,1.0,6784.2,,,,,,,,,,,,,,,,13405248.0,,,,,,,,,,0.0,2.283,490.4,,,,7312.0,,,,,,,,,,,,,,,,,""
9101601010,"May 19, 2023, 4:42:18 PM",Corsa serale,Run,"",3019,7.00,176.0,26,false,,ASICS Novablast 2,activities/9763629742.fit.gz,,,3019.0,3007.0,7003.9,5.54,2.329,144.0,141.0,221.8,307.8,19.9,0.0,,,123.0,76.0,,138.0,,,549.0,,20.0,26.0,,,,,,,,,,,0.0,,0.0,,1.0,7415.7,,,,,,,,,,,,,,,,10952994.0,,,,,,,,,,0.0,2.32,0.0,,,,7668.0,,,,,,,,,,,,,,,,,""
9100738342,"May 19, 2023, 6:53:32 AM",Giro mattutino,Ride,"",29950,3.33,167.0,5,false,,,activities/9762713594.fit.gz,,8.5,29950.0,596.0,3330.4,9.41,5.588,22.0,17.0,40.6,51.8,34.8,0.2,,,,,,133.0,,102.0,143.0,,25.0,5.0,,,,,,,,,,,0.0,,0.0,,1.0,,,,,,,,,,,,,,,,,,,,,,,,,,,0.0,0.111,0.0,,,,,,,,,,,,,,,,,,,,,""
9095956156,"May 18, 2023, 5:34:42 PM",Corsa serale,Run,,2120,4.49,154.0,11,false,,Nike Infinity Run,activities/9757674460.fit.gz,,,2120.0,2103.0,4497.1,3.838,2.138,87.0,80.0,159.2,226.4,20.1,0.1,,,123.0,74.0,,132.0,,,355.0,,23.0,11.0,,,,,,,,,,,,,0.0,,1.0,4782.7,,,,,,,,,,,,,,,,13405248.0,,,,,,,,,,0.0,2.121,478.3,,,,5156.0,,,,,,,,,,,,,,,,,""
9093224104,"May 18, 2023, 10:55:15 AM",Giro dell'ora di pranzo,Ride,"",680,3.59,131.0,1,false,,,activities/9754793086.fit.gz,,8.5,680.0,551.0,3598.8,10.285,6.531,20.0,22.0,34.2,44.4,15.7,-0.1,,,,,,100.0,,106.0,74.0,,29.0,1.0,,,,,,,,,,,0.0,,0.0,,1.0,,,,,,,,,,,,,,,,,,,,,,,,,,,0.0,5.292,0.0,,,,,,,,,,,,,,,,,,,,,""
9067900437,"May 14, 2023, 7:35:51 AM",Corsa mattutina,Run,,2709,6.00,176.0,27,false,,Nike Infinity Run,activities/9727958824.fit.gz,,,2709.0,2686.0,6004.4,3.632,2.235,130.0,3220.0,-500.0,225.6,20.9,-12.1,,,123.0,76.0,,139.0,,,446.0,,19.0,27.0,,,,,,,,,,,,,0.0,,1.0,6128.4,,,,,,,,,,,,,,,,13405248.0,,,,,,,,,,0.0,2.216,491.6,,,,6796.0,,,,,,,,,,,,,,,,,""
9063958706,"May 13, 2023, 1:24:01 PM",Giro pomeridiano,Ride,,2633,18.48,187.0,7,false,,Scott Addict,activities/9723724677.fit.gz,,8.5,2633.0,2558.0,18486.7,14.97,7.227,161.0,154.0,17.2,125.6,33.2,0.0,,,,,,104.0,,144.0,336.0,,20.0,7.0,,,,,,,,,,,,,0.0,,1.0,,,,,,,,,,,,,,,,8484514.0,,,,,,,,,,,0.0,7.021,102.4,,,,,,,,,,,,,,,,,,,,,""
9052928514,"May 11, 2023, 4:15:23 PM",Corsa serale,Run,"",2713,6.25,175.0,32,false,,Nike Infinity Run,activities/9712097526.fit.gz,,,2713.0,2701.0,6252.3,5.196,2.315,109.0,115.0,127.6,225.0,49.8,-0.1,,,124.0,77.0,,141.0,,,504.0,,24.0,32.0,,,,,,,,,,,0.0,,0.0,,1.0,6625.0,,,,,,,,,,,,,,,,13405248.0,,,,,,,,,,0.0,2.305,486.7,,,,6904.0,,,,,,,,,,,,,,,,,""
9038053583,"May 9, 2023, 7:21:47 AM",Corsa mattutina,Run,"",3238,7.22,182.0,31,false,,Nike Infinity Run,activities/9696327494.fit.gz,,,3238.0,3225.0,7219.6,4.302,2.239,145.0,165.0,205.4,301.2,39.6,-0.3,,,120.0,76.0,,139.0,,,575.0,,25.0,31.0,,,,,,,,,,,0.0,,0.0,,1.0,7675.3,,,,,,,,,,,,,,,,13405248.0,,,,,,,,,,0.0,2.23,0.0,,,,8140.0,,,,,,,,,,,,,,,,,""
9031445455,"May 7, 2023, 4:27:06 PM",Corsa serale,Run,"",2800,6.09,175.0,26,false,,Nike Infinity Run,activities/9689310281.fit.gz,,,2800.0,2794.0,6095.7,3.381,2.182,105.0,132.0,125.4,225.4,46.8,-0.4,,,122.0,75.0,,137.0,,,491.0,,24.0,26.0,,,,,,,,,,,0.0,,0.0,,1.0,6458.2,,,,,,,,,,,,,,,,13405248.0,,,,,,,,,,0.0,2.177,491.6,,,,6966.0,,,,,,,,,,,,,,,,,""
9023261103,"May 6, 2023, 11:56:52 AM",Escursione pomeridiana,Hike,"",6258,13.63,137.0,10,false,,Nike Infinity Run,activities/9680560985.fit.gz,,,6258.0,5710.0,13631.9,22.004,2.387,350.0,614.0,698.4,1194.8,49.3,-2.0,,,124.0,54.0,,90.0,,,397.0,,28.0,10.0,,,,,,,,,,,0.0,,0.0,,1.0,,,,,,,,,,,,,,,,,13405248.0,,,,,,,,,,0.0,2.178,1996.9,,,,,,,,,,,,,,,,,,,,,""
9003061259,"May 3, 2023, 2:17:32 PM",Giro pomeridiano,Ride,,1301,6.83,181.0,12,false,,Scott Addict,activities/9659249929.fit.gz,,8.5,1301.0,1248.0,6833.4,12.824,5.476,137.0,137.0,204.2,288.4,48.4,0.0,,,,,,141.0,,144.0,249.0,,25.0,12.0,,,,,,,,,,,,,0.0,,1.0,,,,,,,,,,,,,,,,8484514.0,,,,,,,,,,,0.0,5.252,0.0,,,,,,,,,,,,,,,,,,,,,""
8981855295,"Apr 30, 2023, 7:29:13 AM",Corsa mattutina,Run,"",2350,4.94,169.0,21,false,,Nike Infinity Run,activities/9636711301.fit.gz,,,2350.0,2330.0,4941.4,5.0,2.121,103.0,1568.0,-500.0,225.0,48.4,-14.7,,,123.0,74.0,,135.0,,,413.0,,25.0,21.0,,,,,,,,,,,0.0,,0.0,,1.0,5334.2,,,,,,,,,,,,,,,,13405248.0,,,,,,,,,,0.0,2.103,476.0,,,,5768.0,,,,,,,,,,,,,,,,,""
8934176613,"Apr 22, 2023, 6:23:00 AM",Corsa mattutina,Run,,2858,6.34,162.0,24,false,,ASICS Novablast 2,activities/9585892553.fit.gz,,,2858.0,2855.0,6346.0,4.704,2.223,117.0,124.0,121.0,225.2,33.4,-0.1,,,124.0,76.0,,135.0,,,509.0,,21.0,24.0,,,,,,,,,,,,,0.0,,1.0,6708.6,,,,,,,,,,,,,,,,10952994.0,,,,,,,,,,0.0,2.22,494.8,,,,7322.0,,,,,,,,,,,,,,,,,""
8918710115,"Apr 19, 2023, 12:13:24 PM",Corsa pomeridiana,Run,,3320,7.02,175.0,52,false,,ASICS Novablast 2,activities/9569598056.fit.gz,,,3320.0,3287.0,7025.4,9.81,2.137,100.4,3249.0,153.2,225.9,18.3,0.0,,,120.0,74.0,,147.0,,,635.0,,27.0,52.0,,,,,,,,,,,,,0.0,,1.0,7303.5,,,,,,,,,,,,,,,,10952994.0,,,,,,,,,,0.0,2.116,479.5,,,,8052.0,,,,,,,,,,,,,,,,,""
8907998942,"Apr 17, 2023, 4:18:01 PM",Corsa serale,Run,,1905,4.21,171.0,20,false,,ASICS Novablast 2,activities/9558308084.fit.gz,,,1905.0,1905.0,4211.4,4.911,2.211,83.0,94.0,144.8,225.0,28.9,-0.3,,,98.0,76.0,,142.0,,,356.0,,22.0,20.0,,,,,,,,,,,,,0.0,,1.0,4480.6,,,,,,,,,,,,,,,,10952994.0,,,,,,,,,,0.0,2.211,475.0,,,,4798.0,,,,,,,,,,,,,,,,,""
8876461649,"Apr 12, 2023, 8:02:57 AM",Corsa mattutina,Run,,2615,5.00,157.0,11,false,,ASICS Novablast 2,activities/9524771237.fit.gz,,,2615.0,2601.0,5006.4,4.274,1.925,204.0,2988.0,-500.0,225.0,0.0,-14.5,,,118.0,70.0,,124.0,,,365.0,,18.0,11.0,,,,,,,,,,,,,0.0,,1.0,5006.4,,,,,,,,,,,,,,,,10952994.0,,,,,,,,,,0.0,1.914,0.0,,,,6090.0,,,,,,,,,,,,,,,,,""
8863806992,"Apr 10, 2023, 6:53:01 AM",Corsa mattutina,Run,,3693,8.01,188.0,53,false,,ASICS Novablast 2,activities/9510906006.fit.gz,,,3693.0,3693.0,8010.3,3.539,2.169,117.0,125.0,109.2,225.0,29.6,-0.1,,,122.0,74.0,,144.0,,,681.0,,20.0,53.0,,,,,,,,,,,,,0.0,,1.0,8332.1,,,,,,,,,,,,,,,,10952994.0,,,,,,,,,,0.0,2.169,461.6,,,,9102.0,,,,,,,,,,,,,,,,,""
8855836748,"Apr 8, 2023, 8:46:59 AM",Escursione mattutina,Hike,,20226,8.85,161.0,24,false,,ASICS Novablast 2,activities/9502411390.fit.gz,,,20226.0,7654.0,8858.6,2.392,1.157,286.0,285.0,-14.0,121.2,49.1,0.0,,,122.0,55.0,,116.0,,,873.0,,23.0,24.0,,,,,,,,,,,,,0.0,,1.0,,,,,,,,,,,,,,,,,10952994.0,,,,,,,,,,0.0,0.438,6265.0,,,,,,,,,,,,,,,,,,,,,""
8838790740,"Apr 5, 2023, 2:40:52 PM",Corsa pomeridiana,Run,,2833,6.17,173.0,24,false,,ASICS Novablast 2,activities/9484450576.fit.gz,,,2833.0,2792.0,6178.1,4.67,2.213,146.0,154.0,211.0,306.8,24.2,-0.1,,,122.0,74.0,,139.0,,,499.0,,19.0,24.0,,,,,,,,,,,,,0.0,,1.0,6632.0,,,,,,,,,,,,,,,,10952994.0,,,,,,,,,,0.0,2.181,0.0,,,,6900.0,,,,,,,,,,,,,,,,,""
8791664781,"Mar 28, 2023, 1:57:50 PM",Escursione pomeridiana,Hike,,1302,1.84,107.0,2,false,,ASICS Novablast 2,activities/9434874898.fit.gz,,,1302.0,1302.0,1841.8,1.743,1.415,0.0,2.0,164.2,168.2,3.1,-0.2,,,61.0,58.0,,98.0,,,106.0,,27.0,2.0,,,,,,,,,,,,,0.0,,1.0,,,,,,,,,,,,,,,,,10952994.0,,,,,,,,,,0.0,1.415,0.0,,,,,,,,,,,,,,,,,,,,,""
8778429232,"Mar 26, 2023, 7:13:22 AM",Corsa mattutina,Run,,2852,6.01,152.0,8,false,,ASICS Novablast 2,activities/9420922340.fit.gz,,,2852.0,2846.0,6013.3,3.613,2.113,138.0,140.0,219.6,301.8,29.1,0.0,,,89.0,72.0,,112.0,,,400.0,,21.0,8.0,,,,,,,,,,,,,0.0,,1.0,6420.3,,,,,,,,,,,,,,,,10952994.0,,,,,,,,,,0.0,2.108,0.0,,,,6850.0,,,,,,,,,,,,,,,,,""
8775378927,"Mar 25, 2023, 10:13:28 AM",Escursione dell'ora di pranzo,Hike,,973,1.23,128.0,2,false,,ASICS Novablast 2,activities/9417673530.fit.gz,,,973.0,952.0,1236.3,3.414,1.299,75.0,192.0,213.0,275.8,34.4,4.0,,,88.0,58.0,,97.0,,,80.0,,25.0,2.0,,,,,,,,,,,,,0.0,,1.0,,,,,,,,,,,,,,,,,10952994.0,,,,,,,,,,0.0,1.271,0.0,,,,,,,,,,,,,,,,,,,,,""
8608679136,"Feb 23, 2023, 11:07:42 AM",Corsa dell'ora di pranzo,Run,,2399,4.46,178.0,22,false,,ASICS Novablast 2,activities/9241811364.fit.gz,,,2399.0,1917.0,4468.4,4.332,2.331,89.0,90.0,139.6,214.0,22.4,0.0,,,89.0,76.0,,142.0,,,361.0,,22.0,22.0,,,,,,,,,,,,,0.0,,1.0,4771.3,,,,,,,,,,,,,,,,10952994.0,,,,,,,,,,0.0,1.863,482.3,,,,5076.0,,,,,,,,,,,,,,,,,""
8525359334,"Feb 8, 2023, 9:22:54 AM",Corsa mattutina,Run,,1755,4.23,167.0,16,false,,ASICS Novablast 2,activities/9150671990.fit.gz,,,1755.0,1755.0,4237.2,4.013,2.414,95.0,100.0,162.4,240.2,28.7,-0.1,,,124.0,76.0,,143.0,,,324.0,,18.0,16.0,,,,,,,,,,,,,0.0,,1.0,4603.1,,,,,,,,,,,,,,,,10952994.0,,,,,,,,,,0.0,2.414,472.2,,,,4432.0,,,,,,,,,,,,,,,,,""
8421595072,"Jan 20, 2023, 10:13:47 AM",Corsa dell'ora di pranzo,Run,"",1812,4.42,176.0,28,false,,Nike Pegasus 39,activities/9034288057.fit.gz,,,1812.0,1812.0,4419.5,4.219,2.439,91.0,102.0,132.0,213.4,33.2,-0.2,,,88.0,78.0,,151.0,,,346.0,,18.0,28.0,,,,,,,,,,,0.0,,0.0,,1.0,4762.7,,,,,,,,,,,,,,,,11905578.0,,,,,,,,,,0.0,2.439,474.8,,,,4688.0,,,,,,,,,,,,,,,,,""
8239921888,"Dec 12, 2022, 2:45:15 PM",Giro pomeridiano,Ride,,1870,11.55,145.0,7,false,,Scott Addict,activities/8830338300.fit.gz,,8.5,1870.0,1870.0,11550.2,16.042,6.177,234.0,128.0,78.4,221.6,24.8,0.9,,,,,,128.0,,154.0,293.0,,5.0,7.0,,,,,,,,,,,,,0.0,,1.0,,,,,,,,,,,,,,,,8484514.0,,,,,,,,,,,0.0,6.177,411.3,,,,,,,,,,,,,,,,,,,,,""
8239822585,"Dec 12, 2022, 1:56:19 PM",Corsa pomeridiana,Ride,"",2210,9.71,130.0,5,false,,Scott Addict,activities/8830225609.fit.gz,,,2210.0,2210.0,9716.7,6.6,4.397,51.0,43.0,65.0,102.8,12.9,0.0,,,108.0,62.0,,102.0,,43.0,198.0,,6.0,5.0,,,,,,,,,,,0.0,,0.0,,1.0,9754.5,,,,,,,,,,,,,,,8484514.0,,,,,,,,,,,0.0,4.397,9556.5,,,,,,,,,,,,,,,,,,,,,""
8239671020,"Dec 12, 2022, 1:23:07 PM",Giro pomeridiano,Ride,,1969,12.74,152.0,6,false,,Scott Addict,activities/8830053917.fit.gz,,8.5,1969.0,1761.0,12743.2,19.652,7.236,136.0,298.0,57.6,219.6,17.0,-1.2,,,,,,125.0,,118.0,265.0,,7.0,6.0,,,,,,,,,,,,,0.0,,1.0,,,,,,,,,,,,,,,,8484514.0,,,,,,,,,,,0.0,6.472,1534.0,,,,,,,,,,,,,,,,,,,,,""
8236582126,"Dec 11, 2022, 3:08:09 PM",Escursione pomeridiana,Hike,,3544,4.27,136.0,6,false,,ASICS Novablast 2,activities/8826516030.fit.gz,,,3544.0,3429.0,4271.3,6.352,1.246,659.0,87.0,177.8,675.4,49.5,10.1,,,123.0,55.0,,93.0,,,242.0,,15.0,6.0,,,,,,,,,,,,,0.0,,1.0,,,,,,,,,,,,,,,,,10952994.0,,,,,,,,,,0.0,1.205,2820.0,,,,,,,,,,,,,,,,,,,,,""
8215191617,"Dec 6, 2022, 3:16:58 PM",Corsa pomeridiana,Run,"",1630,4.34,171.0,20,false,,Nike Pegasus 39,activities/8801953669.fit.gz,,,1630.0,1618.0,4344.4,4.252,2.685,90.0,298.0,-500.0,-500.0,0.0,0.0,,,89.0,80.0,,147.0,,,307.0,,18.0,20.0,,,,,,,,,,,0.0,,0.0,,1.0,4344.4,,,,,,,,,,,,,,,,11905578.0,,,,,,,,,,0.0,2.665,1657.3,,,,,,,,,,,,,,,,,,,,,""
8153394845,"Nov 22, 2022, 3:13:35 PM",Corsa pomeridiana,Run,,1680,4.51,167.0,24,false,,ASICS Novablast 2,activities/8732373884.fit.gz,,,1680.0,1675.0,4513.5,4.067,2.695,107.0,191.0,82.2,231.4,24.3,-1.9,,,114.0,83.0,,150.0,,,339.0,,17.0,24.0,,,,,,,,,,,,,0.0,,1.0,4988.9,,,,,,,,,,,,,,,,10952994.0,,,,,,,,,,0.0,2.687,1798.9,,,,,,,,,,,,,,,,,,,,,""
8080783155,"Nov 7, 2022, 6:15:43 AM",Corsa mattutina,Run,"",2986,8.05,165.0,40,false,,Nike Pegasus 39,activities/8650268250.fit.gz,,,2986.0,2986.0,8049.5,4.874,2.696,678.0,3369.0,-500.0,213.0,0.0,-8.9,,,115.0,85.0,,150.0,,,582.0,,16.0,40.0,,,,,,,,,,,0.0,,0.0,,1.0,8049.5,,,,,,,,,,,,,,,,11905578.0,,,,,,,,,,0.0,2.696,2464.9,,,,,,,,,,,,,,,,,,,,,""
8075441652,"Nov 6, 2022, 7:15:16 AM",Corsa mattutina,Run,"",3540,9.99,160.0,23,false,,Nike Pegasus 39,activities/8644134474.fit.gz,,,3540.0,3426.0,9997.6,6.392,2.918,251.0,240.0,15.2,59.2,48.5,-0.1,,,90.0,85.0,,144.0,,,612.0,,17.0,23.0,,,,,,,,,,,0.0,,0.0,,1.0,11087.0,,,,,,,,,,,,,,,,11905578.0,,,,,,,,,,0.0,2.824,946.2,,,,,,,,,,,,,,,,,,,,,""
8056245417,"Nov 2, 2022, 7:03:41 AM",Corsa mattutina,Run,"",2592,6.63,172.0,27,false,,Nike Pegasus 39,activities/8622368340.fit.gz,,,2592.0,2585.0,6630.9,3.508,2.565,132.0,124.0,103.6,222.8,37.2,0.1,,,88.0,80.0,,145.0,,,474.0,,20.0,27.0,,,,,,,,,,,0.0,,0.0,,1.0,7114.9,,,,,,,,,,,,,,,,11905578.0,,,,,,,,,,0.0,2.558,1559.9,,,,,,,,,,,,,,,,,,,,,""
8027063666,"Oct 27, 2022, 12:34:13 PM",Corsa pomeridiana,Run,"",1903,5.00,169.0,31,false,,Nike Pegasus 39,activities/8589122051.fit.gz,,,1903.0,1903.0,5008.6,4.442,2.632,185.0,217.0,179.8,263.8,48.7,-0.7,,,114.0,85.0,,152.0,,,378.0,,26.0,31.0,,,,,,,,,,,0.0,,0.0,,1.0,5827.2,1666872064.0,2.0,22.2,22.3,15.9,0.67,1027.1,0.9,1.6,352.0,0.0,1666849536.0,1666887296.0,0.08,,11905578.0,0.0,,0.43,16093.0,3.0,268.9,,,,0.0,2.632,2456.2,,,,,,,,,,,,,,,,,,,,,""
8011005196,"Oct 24, 2022, 8:51:34 AM",Defa,Run,"",510,0.65,150.0,2,false,,ASICS Novablast 2,activities/8571031031.fit.gz,,,510.0,490.0,650.5,1.67,1.328,10.0,2506.0,-500.0,146.0,8.8,-99.0,,,59.0,55.0,,136.0,,,91.0,,27.0,2.0,,,,,,,,,,,0.0,,0.0,,1.0,665.9,1666598400.0,2.0,17.8,18.0,16.0,0.89,1023.2,2.1,3.4,139.0,0.0,1666590080.0,1666628352.0,0.98,,10952994.0,0.0,,0.86,16093.0,1.0,286.9,,,,0.0,1.276,650.7,,,,,,,,,,,,,,,,,,,,,""
8011004729,"Oct 24, 2022, 8:06:54 AM",Corsa mattutina,Run,,2633,7.63,177.0,54,false,,ASICS Novablast 2,activities/8571030493.fit.gz,,,2633.0,2633.0,7630.4,3.77,2.898,172.0,256.0,112.0,231.8,26.1,-1.1,,,89.0,86.0,,154.0,,,564.0,,25.0,54.0,,,,,,,,,,,,,0.0,,1.0,8032.4,1666598400.0,2.0,17.8,18.0,16.0,0.89,1023.2,2.1,3.4,139.0,0.0,1666590080.0,1666628352.0,0.98,,10952994.0,0.0,,0.86,16093.0,1.0,286.9,,,,0.0,2.898,1044.7,,,,,,,,,,,,,,,,,,,,,""
7991746898,"Oct 20, 2022, 10:54:20 AM",Giro dell'ora di pranzo,Ride,,551,3.58,156.0,2,false,,Scott Addict,activities/8549121549.fit.gz,,8.5,551.0,526.0,3588.9,10.68,6.823,202.0,173.0,-500.0,-500.0,0.0,0.0,,,,,,126.0,,102.0,89.0,,29.0,2.0,,,,,,,,,,,,,0.0,,1.0,,1666259968.0,2.0,21.0,21.0,14.3,0.66,1021.0,0.8,1.8,91.0,0.0,1666244224.0,1666283136.0,0.84,8484514.0,,0.0,,0.39,16093.0,3.0,255.0,,,,0.0,6.513,312.3,,,,,,,,,,,,,,,,,,,,,""
7924798741,"Oct 7, 2022, 10:08:22 AM",Corsa dell'ora di pranzo,Run,,3408,10.00,191.0,114,false,,ASICS Novablast 2,activities/8472463216.fit.gz,,,3408.0,3249.0,10008.4,4.397,3.08,215.0,2587.0,-500.0,293.8,47.6,-7.9,,,92.0,88.0,,169.0,,,759.0,,26.0,114.0,,,,,,,,,,,,,0.0,,1.0,10682.6,1665136768.0,2.0,21.3,21.3,14.9,0.67,1025.0,0.9,1.3,36.0,0.0,1665120000.0,1665161216.0,0.43,,10952994.0,0.0,,0.5,16093.0,4.0,288.1,,,,0.0,2.937,0.0,,,,,,,,,,,,,,,,,,,,,""
7921070487,"Oct 6, 2022, 3:11:20 PM",Corsa pomeridiana,Run,,2234,5.01,155.0,9,false,,ASICS Novablast 2,activities/8468204303.fit.gz,,,2234.0,2234.0,5010.7,3.775,2.243,103.0,140.0,190.8,295.8,16.5,-0.7,,,88.0,75.0,,131.0,,,345.0,,27.0,9.0,,,,,,,,,,,,,0.0,,1.0,5237.5,1665068416.0,2.0,24.1,24.1,12.4,0.48,1026.2,1.3,1.3,316.0,0.0,1665033600.0,1665074944.0,0.39,,10952994.0,0.0,,0.62,16093.0,1.0,289.0,,,,0.0,2.243,2506.8,,,,,,,,,,,,,,,,,,,,,""
7911104244,"Oct 4, 2022, 4:59:36 PM",Corsa serale,Run,,798,1.40,158.0,6,false,,ASICS Novablast 2,activities/8457046117.fit.gz,,,798.0,758.0,1407.9,3.164,1.857,69.0,259.0,-500.0,-500.0,0.0,0.0,,,90.0,67.0,,144.0,,,150.0,,23.0,6.0,,,,,,,,,,,,,0.0,,1.0,1407.9,1664899200.0,2.0,22.3,22.3,14.2,0.6,1021.6,1.3,1.3,322.0,0.0,1664860672.0,1664902400.0,0.32,,10952994.0,0.0,,0.85,16093.0,0.0,289.4,,,,0.0,1.764,882.8,,,,,,,,,,,,,,,,,,,,,""
7911103129,"Oct 4, 2022, 4:08:08 PM",Corsa serale,Run,,3056,9.11,183.0,82,false,,ASICS Novablast 2,activities/8457044862.fit.gz,,,3056.0,3053.0,9110.0,4.582,2.984,536.0,3369.0,-500.0,231.4,40.8,-8.0,,,119.0,85.0,,162.0,,,647.0,,23.0,82.0,,,,,,,,,,,,,0.0,,1.0,10309.5,1664899200.0,2.0,22.3,22.3,14.2,0.6,1021.6,1.3,1.3,322.0,0.0,1664860672.0,1664902400.0,0.32,,10952994.0,0.0,,0.85,16093.0,0.0,289.4,,,,0.0,2.981,850.8,,,,,,,,,,,,,,,,,,,,,""
7898010017,"Oct 2, 2022, 7:17:29 AM",Corri la Vita,Run,"",2953,9.92,163.0,41,false,,ASICS Novablast 2,activities/8442287824.fit.gz,,,2953.0,2950.0,9927.2,8.238,3.365,739.0,744.0,-500.0,-500.0,0.0,0.0,,,101.0,89.0,,150.0,,,580.0,,25.0,41.0,,,,,,,,,,,0.0,,0.0,,1.0,9927.2,1664694016.0,2.0,18.4,18.5,15.5,0.83,1020.5,2.3,4.4,124.0,0.0,1664687744.0,1664729728.0,0.24,,10952994.0,0.03,5.0,0.8,16093.0,1.0,287.2,,,,0.0,3.362,2.2,,,,,,,,,,,,,,,,,,,,,""
7897816001,"Oct 2, 2022, 6:48:16 AM",Corsa mattutina,Run,,1044,2.97,166.0,14,false,,ASICS Novablast 2,activities/8442067673.fit.gz,,,1044.0,973.0,2973.3,4.481,3.056,272.0,1614.0,-500.0,71.0,0.0,-19.2,,,93.0,85.0,,147.0,,,194.0,,23.0,14.0,,,,,,,,,,,,,0.0,,1.0,2973.3,1664690432.0,2.0,17.0,17.1,15.0,0.88,1020.2,2.0,5.8,190.0,0.1,1664687744.0,1664729728.0,0.24,,10952994.0,0.05,5.0,0.84,16093.0,0.0,285.4,,,,0.0,2.848,2368.3,,,,,,,,,,,,,,,,,,,,,""
7875299329,"Sep 27, 2022, 2:43:07 PM",Interval Training ,Run,"",3242,8.90,187.0,78,false,,ASICS Novablast 2,activities/8416800689.fit.gz,,,3242.0,3203.0,8906.9,5.215,2.781,203.0,2597.0,-500.0,362.2,22.0,-9.7,,,99.0,81.0,,160.0,,,640.0,,24.0,78.0,,,,,,,,,,,0.0,,0.0,,1.0,9599.4,,,,,,,,,,,,,,,,10952994.0,,,,,,,,,,0.0,2.747,1786.0,,,,,,,,,,,,,,,,,,,,,""
7870818378,"Sep 26, 2022, 4:20:57 PM",Corsa serale,Run,,3059,8.01,168.0,25,false,,ASICS Novablast 2,activities/8411802481.fit.gz,,,3059.0,3053.0,8015.4,5.255,2.625,191.0,1597.0,-500.0,308.2,31.7,-9.1,,,109.0,83.0,,143.0,,,532.0,,22.0,25.0,,,,,,,,,,,,,0.0,,1.0,8662.4,,,,,,,,,,,,,,,,10952994.0,,,,,,,,,,0.0,2.62,2509.8,,,,,,,,,,,,,,,,,,,,,""
7864169950,"Sep 25, 2022, 11:00:02 AM",Corsa pomeridiana,Run,,503,0.82,174.0,13,false,,ASICS Novablast 2,activities/8404144830.fit.gz,,,503.0,503.0,824.1,3.076,1.638,73.0,2843.0,-500.0,-434.0,38.6,-0.5,,,89.0,63.0,,161.0,,,109.0,,27.0,13.0,,,,,,,,,,,,,0.0,,1.0,1215.9,,,,,,,,,,,,,,,,10952994.0,,,,,,,,,,0.0,1.638,824.1,,,,,,,,,,,,,,,,,,,,,""
7864168968,"Sep 25, 2022, 9:43:35 AM",Medio,Run,"",4553,14.22,185.0,145,false,,ASICS Novablast 2,activities/8404143683.fit.gz,,,4553.0,4553.0,14224.5,4.7,3.124,572.0,1277.0,-500.0,213.0,12.5,-5.0,,,93.0,86.0,,167.0,,,1012.0,,24.0,145.0,,,,,,,,,,,0.0,,0.0,,1.0,14259.0,,,,,,,,,,,,,,,,10952994.0,,,,,,,,,,0.0,3.124,844.1,,,,,,,,,,,,,,,,,,,,,""
7850444452,"Sep 22, 2022, 4:31:30 PM",Corsa serale,Run,,2900,8.00,182.0,56,false,,ASICS Novablast 2,activities/8388648673.fit.gz,,,2900.0,2898.0,8000.8,5.164,2.761,128.0,325.0,31.0,280.4,45.2,-2.5,,,95.0,85.0,,156.0,,,564.0,,21.0,56.0,,,,,,,,,,,,,0.0,,1.0,8420.6,,,,,,,,,,,,,,,,10952994.0,,,,,,,,,,0.0,2.759,2559.2,,,,,,,,,,,,,,,,,,,,,""
7838709669,"Sep 20, 2022, 3:01:08 PM",Corsa pomeridiana,Run,,508,0.60,157.0,3,false,,ASICS Novablast 2,activities/8375526279.fit.gz,,,508.0,496.0,600.6,1.546,1.211,326.0,949.0,-500.0,161.6,0.0,0.0,,,58.0,52.0,,143.0,,,95.0,,28.0,3.0,,,,,,,,,,,,,0.0,,1.0,600.6,,,,,,,,,,,,,,,,10952994.0,,,,,,,,,,0.0,1.182,600.6,,,,,,,,,,,,,,,,,,,,,""
7838709283,"Sep 20, 2022, 1:50:51 PM",Corsa pomeridiana,Run,,4148,10.51,178.0,87,false,,ASICS Novablast 2,activities/8375525738.fit.gz,,,4148.0,4146.0,10511.3,5.714,2.535,152.9,1968.0,118.1,306.7,13.1,-0.5,,,116.0,80.0,,158.0,,,830.0,,27.0,87.0,,,,,,,,,,,,,0.0,,1.0,10818.8,,,,,,,,,,,,,,,,10952994.0,,,,,,,,,,0.0,2.534,1287.5,,,,,,,,,,,,,,,,,,,,,""
7817646900,"Sep 16, 2022, 2:11:08 PM",Corsa pomeridiana,Run,,2357,6.50,181.0,45,false,,ASICS Novablast 2,activities/8351717251.fit.gz,,,2357.0,2354.0,6502.5,5.164,2.762,289.0,1237.0,-500.0,293.4,49.4,-11.0,,,95.0,84.0,,154.0,,,477.0,,28.0,45.0,,,,,,,,,,,,,0.0,,1.0,8699.3,,,,,,,,,,,,,,,,10952994.0,,,,,,,,,,0.0,2.759,2557.4,,,,,,,,,,,,,,,,,,,,,""
7809515569,"Sep 14, 2022, 9:04:36 PM",Allenamento con i pesi notturno,Weight Training,,5223,0,121.0,7,false,,,activities/8342603015.fit.gz,,,5223.0,5223.0,0.0,0.0,0.0,0.0,,,,0.0,0.0,,,,,,81.0,,,211.0,,31.0,7.0,,,,,,,,,,,,,0.0,,1.0,,,,,,,,,,,,,,,,,,,,,,,,,,,0.0,0.0,0.0,,,,,,,,,,,,,,,,,,,,,""
7802968999,"Sep 13, 2022, 5:00:25 PM",Corsa serale,Run,,569,0.77,163.0,5,false,,ASICS Novablast 2,activities/8335276189.fit.gz,,,569.0,566.0,771.4,1.898,1.363,391.0,560.0,-22.2,367.6,45.3,-22.5,,,60.0,56.0,,144.0,,,104.0,,30.0,5.0,,,,,,,,,,,,,0.0,,1.0,1598.1,,,,,,,,,,,,,,,,10952994.0,,,,,,,,,,0.0,1.356,772.8,,,,,,,,,,,,,,,,,,,,,""
7802589662,"Sep 13, 2022, 4:16:34 PM",Corsa serale,Run,,2564,7.39,188.0,94,false,,ASICS Novablast 2,activities/8334861952.fit.gz,,,2564.0,2563.0,7390.9,5.174,2.884,64.5,2274.0,104.5,169.4,3.7,0.5,,,96.0,85.0,,171.0,,,563.0,,27.0,94.0,,,,,,,,,,,,,0.0,,1.0,7500.7,,,,,,,,,,,,,,,,10952994.0,,,,,,,,,,0.0,2.883,0.0,,,,,,,,,,,,,,,,,,,,,""
7802584262,"Sep 13, 2022, 3:57:51 PM",Corsa pomeridiana,Run,,1064,2.81,155.0,5,false,,ASICS Novablast 2,activities/8334856018.fit.gz,,,1064.0,1064.0,2814.6,3.448,2.645,107.0,432.0,-111.6,321.4,38.0,-11.5,,,86.0,82.0,,132.0,,,183.0,,28.0,5.0,,,,,,,,,,,,,0.0,,1.0,2798.7,,,,,,,,,,,,,,,,10952994.0,,,,,,,,,,0.0,2.645,792.8,,,,,,,,,,,,,,,,,,,,,""
7797493796,"Sep 12, 2022, 4:30:25 PM",Corsa serale,Run,,3864,4.58,167.0,22,false,,ASICS Novablast 2,activities/8329168586.fit.gz,,,3864.0,1783.0,4583.3,4.225,2.571,259.0,240.0,-500.0,292.4,47.1,-15.6,,,88.0,82.0,,148.0,,,342.0,,27.0,22.0,,,,,,,,,,,,,0.0,,1.0,5142.8,,,,,,,,,,,,,,,,10952994.0,,,,,,,,,,0.0,1.186,1211.1,,,,,,,,,,,,,,,,,,,,,""
7754930754,"Sep 4, 2022, 4:27:48 PM",Risc + 10km Z3 +defa,Run,"",4800,13.17,177.0,130,false,,ASICS Novablast 2,activities/8281044444.fit.gz,,,4800.0,4795.0,13174.5,3.55,2.748,1194.0,1672.0,-500.0,-500.0,0.0,0.0,,,91.0,86.0,,164.0,,,1016.0,,27.0,130.0,,,,,,,,,,,0.0,,0.0,,1.0,13174.5,,,,,,,,,,,,,,,,10952994.0,,,,,,,,,,0.0,2.745,0.0,,,,,,,,,,,,,,,,,,,,,""
7743120910,"Sep 2, 2022, 4:21:13 PM",Corsa serale,Run,,3767,9.41,178.0,60,false,,ASICS Novablast 2,activities/8267518985.fit.gz,,,3767.0,3750.0,9414.4,5.354,2.511,1338.0,3539.0,-500.0,86.4,49.6,-6.2,,,113.0,80.0,,153.0,,,724.0,,27.0,60.0,,,,,,,,,,,,,0.0,,1.0,10060.1,,,,,,,,,,,,,,,,10952994.0,,,,,,,,,,0.0,2.499,54.4,,,,,,,,,,,,,,,,,,,,,""
7694508976,"Aug 24, 2022, 7:37:45 PM",Allenamento con i pesi notturno,Weight Training,,2492,0,107.0,3,false,,,activities/8212652269.fit.gz,,,2492.0,2492.0,0.0,0.0,0.0,0.0,,,,0.0,0.0,,,,,,78.0,,,77.0,,30.0,3.0,,,,,,,,,,,,,0.0,,1.0,,,,,,,,,,,,,,,,,,,,,,,,,,,0.0,0.0,0.0,,,,,,,,,,,,,,,,,,,,,""
7687794315,"Aug 23, 2022, 4:47:54 PM",Risc. + (1' forte - 1' lento) x 10 + def.,Run,"",3008,8.69,192.0,84,false,,ASICS Novablast 2,activities/8205164156.fit.gz,,,3008.0,3008.0,8696.2,4.692,2.891,510.0,1958.0,-500.0,86.4,49.1,-6.7,,,121.0,84.0,,164.0,,,634.0,,29.0,84.0,,,,,,,,,,,0.0,,0.0,,1.0,9814.4,,,,,,,,,,,,,,,,10952994.0,,,,,,,,,,0.0,2.891,75.9,,,,,,,,,,,,,,,,,,,,,""
7682062038,"Aug 22, 2022, 5:01:06 PM",10km Z1,Run,"",3705,9.63,165.0,34,false,,ASICS Novablast 2,activities/8198762237.fit.gz,,,3705.0,3705.0,9630.9,3.345,2.599,596.0,608.0,-85.6,86.4,49.8,-0.1,,,87.0,84.0,,144.0,,,658.0,,28.0,34.0,,,,,,,,,,,0.0,,0.0,,1.0,10468.1,,,,,,,,,,,,,,,,10952994.0,,,,,,,,,,0.0,2.599,82.2,,,,,,,,,,,,,,,,,,,,,""
7677067892,"Aug 21, 2022, 4:39:30 PM",Lento Z2 ( in teoria) con Walowalo,Run,"",3377,10.06,178.0,97,false,,ASICS Novablast 2,activities/8193085464.fit.gz,,,3377.0,3374.0,10061.8,6.778,2.982,563.0,2609.0,-500.0,97.6,49.2,-5.7,,,89.0,85.0,,165.0,,,755.0,,29.0,97.0,,,,,,,,,,,0.0,,0.0,,1.0,11106.0,,,,,,,,,,,,,,,,10952994.0,,,,,,,,,,0.0,2.979,6673.4,,,,,,,,,,,,,,,,,,,,,""
7665451564,"Aug 19, 2022, 5:29:41 PM",Defa,Run,"",464,0.49,143.0,0,false,,ASICS Novablast 2,activities/8179919688.fit.gz,,,464.0,387.0,492.0,1.6,1.271,167.0,114.0,-500.0,-500.0,0.0,0.0,,,82.0,53.0,,92.0,,,52.0,,26.0,0.0,,,,,,,,,,,0.0,,0.0,,1.0,492.0,,,,,,,,,,,,,,,,10952994.0,,,,,,,,,,0.0,1.06,493.2,,,,,,,,,,,,,,,,,,,,,""
7665451240,"Aug 19, 2022, 4:20:42 PM",8km Z1 (in teoria) + andature + 8 allunghi 100m,Run,"",4095,10.02,180.0,51,false,,ASICS Novablast 2,activities/8179919244.fit.gz,,,4095.0,4088.0,10021.1,5.393,2.451,74.5,2968.0,111.2,220.0,11.9,-0.5,,,114.0,81.0,,149.0,,,753.0,,27.0,51.0,,,,,,,,,,,0.0,,0.0,,1.0,10059.5,,,,,,,,,,,,,,,,10952994.0,,,,,,,,,,0.0,2.447,1126.3,,,,,,,,,,,,,,,,,,,,,""
7648503862,"Aug 16, 2022, 3:42:17 PM",Corsa pomeridiana,Run,,1707,4.33,189.0,36,false,,ASICS Novablast 2,activities/8161022151.fit.gz,,,1707.0,1672.0,4329.5,3.658,2.589,114.0,1589.0,-500.0,213.2,47.4,-16.5,,,89.0,83.0,,152.0,,,345.0,,30.0,36.0,,,,,,,,,,,,,0.0,,1.0,4913.4,,,,,,,,,,,,,,,,10952994.0,,,,,,,,,,0.0,2.536,1652.5,,,,,,,,,,,,,,,,,,,,,""
7588144700,"Aug 5, 2022, 5:44:44 PM",Corsa serale,Run,,1961,5.10,177.0,20,false,,ASICS Novablast 2,activities/8093690094.fit.gz,,,1961.0,1834.0,5103.5,4.036,2.783,59.0,65.0,233.0,267.2,37.7,-0.3,,,88.0,84.0,,147.0,,,353.0,,29.0,20.0,,,,,,,,,,,,,0.0,,1.0,5218.3,,,,,,,,,,,,,,,,10952994.0,,,,,,,,,,0.0,2.603,0.0,,,,,,,,,,,,,,,,,,,,,""
7569940860,"Aug 2, 2022, 3:35:21 AM",Marcia Francescana - Tappa 7 - Porziuncola ,Hike,"",35986,18.40,117.0,26,false,"",ASICS DS Trainer 23,activities/8073524616.fit.gz,,,35986.0,15335.0,18403.5,1.766,1.2,104.0,101.0,179.2,234.6,45.0,0.0,,,116.0,55.0,,87.0,,,913.0,,28.0,26.0,,,,,,,,,,,0.0,,0.0,,1.0,,,,,,,,,,,,,,,,,7503783.0,,,,,,,,,,0.0,0.511,1221.2,,,,,,,,,,,,,,,,,,,,,""
7557923532,"Jul 31, 2022, 3:11:18 AM",Marcia Francescana - Tappa 6,Hike,"",18542,14.55,144.0,28,false,"",ASICS DS Trainer 23,activities/8060152787.fit.gz,,,18542.0,13805.0,14549.2,1.818,1.054,819.0,187.0,346.8,1105.0,46.8,5.2,,,106.0,52.0,,94.0,,,929.0,,24.0,28.0,,,,,,,,,,,0.0,,0.0,,1.0,,,,,,,,,,,,,,,,,7503783.0,,,,,,,,,,0.0,0.785,2634.3,,,,,,,,,,,,,,,,,,,,,media/a4c7027e-abc9-4a12-8540-3fbffd4d7f9d.jpg|media/ad1f38c9-582a-43d9-9ddf-b39e2e8c4cb0.jpg|media/ec7b0cd3-b22a-4f0b-a4a7-4e81bf9a48b1.jpg
7554658186,"Jul 30, 2022, 4:56:55 AM",Marcia Francescana - Tappa 5,Hike,"",37305,18.42,138.0,26,false,"",ASICS DS Trainer 23,activities/8056483245.fit.gz,,,37305.0,15691.0,18428.2,2.466,1.174,185.0,237.0,335.4,429.8,48.1,-0.3,,,99.0,55.0,,86.0,,,848.0,,31.0,26.0,,,,,,,,,,,0.0,,0.0,,1.0,,,,,,,,,,,,,,,,,7503783.0,,,,,,,,,,0.0,0.494,5790.6,,,,,,,,,,,,,,,,,,,,,""
7549226901,"Jul 29, 2022, 3:31:27 AM",Marcia Francescana - Tappa 4 (TAPPONE),Hike,"",46145,27.35,128.0,48,false,"",ASICS DS Trainer 23,activities/8050448701.fit.gz,,,46145.0,24887.0,27356.9,2.594,1.099,1001.0,779.0,302.4,1025.6,40.3,0.4,,,125.0,53.0,,92.0,,,1540.0,,30.0,48.0,,,,,,,,,,,0.0,,0.0,,1.0,,,,,,,,,,,,,,,,,7503783.0,,,,,,,,,,0.0,0.593,253.4,,,,,,,,,,,,,,,,,,,,,""
7544437703,"Jul 28, 2022, 4:47:24 AM",Marcia Francescana - Tappa 3,Hike,"",45362,27.06,126.0,42,false,"",ASICS DS Trainer 23,activities/8045119735.fit.gz,,,45362.0,23503.0,27066.7,2.654,1.152,1673.0,1698.0,-500.0,136.6,49.5,-0.1,,,116.0,54.0,,89.0,,,1362.0,,32.0,42.0,,,,,,,,,,,0.0,,0.0,,1.0,,,,,,,,,,,,,,,,,7503783.0,,,,,,,,,,0.0,0.597,6591.6,,,,,,,,,,,,,,,,,,,,,""
7538293661,"Jul 27, 2022, 5:30:02 AM",Marcia Francescana - Tappa 2,Hike,"",37884,18.06,127.0,28,false,"",ASICS DS Trainer 23,activities/8038350329.fit.gz,,,37884.0,15618.0,18067.0,2.248,1.157,392.0,579.0,90.8,303.8,48.2,-0.9,,,122.0,55.0,,90.0,,,963.0,,32.0,28.0,,,,,,,,,,,0.0,,0.0,,1.0,,,,,,,,,,,,,,,,,7503783.0,,,,,,,,,,0.0,0.477,2158.7,,,,,,,,,,,,,,,,,,,,,""
7533737835,"Jul 26, 2022, 6:05:14 AM",Marcia Francescana - Tappa 1,Hike,"",34097,22.31,146.0,30,false,"",ASICS DS Trainer 23,activities/8033317318.fit.gz,,,34097.0,13952.0,22318.7,10.95,1.6,1594.0,2429.0,-500.0,1821.4,49.5,-3.4,,,116.0,55.0,,97.0,,,1048.0,,32.0,30.0,,,,,,,,,,,0.0,,0.0,,1.0,,,,,,,,,,,,,,,,,7503783.0,,,,,,,,,,0.0,0.655,0.0,,,,,,,,,,,,,,,,,,,,,""
7533733864,"Jul 25, 2022, 1:18:57 PM",Marcia Francescana - Tappa 0,Hike,"",5437,7.04,138.0,13,false,"",ASICS DS Trainer 23,activities/8033313067.fit.gz,,,5437.0,5371.0,7043.3,5.794,1.311,285.0,228.0,152.6,253.2,49.7,0.9,,,124.0,57.0,,103.0,,,430.0,,34.0,13.0,,,,,,,,,,,0.0,,0.0,,1.0,,,,,,,,,,,,,,,,,7503783.0,,,,,,,,,,0.0,1.295,0.0,,,,,,,,,,,,,,,,,,,,,""
7508306611,"Jul 22, 2022, 5:02:10 AM",Corsa mattutina con la Franci,Run,"",2844,6.81,161.0,35,false,,ASICS Novablast 2,activities/8004989564.fit.gz,,,2844.0,2363.0,6818.3,6.21,2.885,620.0,585.0,-106.8,39.0,47.2,-1.4,,,87.0,83.0,,151.0,,,459.0,,27.0,35.0,,,,,,,,,,,0.0,,0.0,,1.0,7859.0,,,,,,,,,,,,,,,,10952994.0,,,,,,,,,,0.0,2.397,0.0,,,,,,,,,,,,,,,,,,,,,""
7498265870,"Jul 20, 2022, 8:10:33 AM",Escursione mattutina,Hike,"",3131,2.93,98.0,3,false,"",ASICS DS Trainer 23,activities/7993952613.fit.gz,,,3131.0,2621.0,2931.2,1.73,1.118,1.0,46.0,128.4,174.8,11.9,-1.5,,,84.0,54.0,,80.0,,,136.0,,33.0,3.0,,,,,,,,,,,,,0.0,,1.0,,,,,,,,,,,,,,,,,7503783.0,,,,,,,,,,0.0,0.936,0.0,,,,,,,,,,,,,,,,,,,,,""
7495345228,"Jul 19, 2022, 5:36:19 PM",Corsa serale,Run,,1961,5.26,166.0,34,false,,ASICS Novablast 2,activities/7990747818.fit.gz,,,1961.0,1953.0,5265.7,4.348,2.696,131.0,157.0,204.4,257.8,48.1,-0.4,,,89.0,82.0,,152.0,,,394.0,,32.0,34.0,,,,,,,,,,,,,0.0,,1.0,5761.3,,,,,,,,,,,,,,,,10952994.0,,,,,,,,,,0.0,2.685,0.0,,,,,,,,,,,,,,,,,,,,,""
7485408021,"Jul 17, 2022, 4:47:58 PM",Con il Moro acciaccato,Run,"",3394,10.00,190.0,101,false,,ASICS Novablast 2,activities/7979784103.fit.gz,,,3394.0,3394.0,10003.5,4.642,2.947,227.0,265.0,31.0,100.0,47.6,-0.3,,,89.0,85.0,,165.0,,,803.0,,32.0,101.0,,,,,,,,,,,0.0,,0.0,,1.0,10778.7,,,,,,,,,,,,,,,,10952994.0,,,,,,,,,,0.0,2.947,10003.5,,,,,,,,,,,,,,,,,,,,,""
7462155793,"Jul 13, 2022, 7:23:06 AM",Escursione mattutina,Hike,"",9057,7.89,147.0,12,false,"",ASICS DS Trainer 23,activities/7954120702.fit.gz,,,9057.0,7384.0,7891.3,3.18,1.069,114.0,151.0,152.0,302.6,36.3,-0.5,,,110.0,54.0,,86.0,,,493.0,,33.0,12.0,,,,,,,,,,,,,0.0,,1.0,,,,,,,,,,,,,,,,,7503783.0,,,,,,,,,,0.0,0.871,2157.1,,,,,,,,,,,,,,,,,,,,,""
7458202604,"Jul 12, 2022, 5:49:08 PM",Corsa serale,Run,,2713,7.01,164.0,33,false,,ASICS Novablast 2,activities/7949782697.fit.gz,,,2713.0,2704.0,7016.1,5.048,2.595,71.0,81.0,222.8,264.8,11.6,-0.1,,,94.0,82.0,,146.0,,,527.0,,29.0,33.0,,,,,,,,,,,,,0.0,,1.0,7141.4,,,,,,,,,,,,,,,,10952994.0,,,,,,,,,,0.0,2.586,0.0,,,,,,,,,,,,,,,,,,,,,""
7446357146,"Jul 10, 2022, 9:54:17 AM",Anello Vallombrosa - Secchieta,Hike,"",16151,9.74,138.0,19,false,"",ASICS DS Trainer 23,activities/7936792068.fit.gz,,,16151.0,10615.0,9747.0,2.152,0.918,444.0,492.0,1010.8,1472.0,49.9,0.1,,,116.0,56.0,,90.0,,,764.0,,28.0,19.0,,,,,,,,,,,0.0,,0.0,,1.0,,,,,,,,,,,,,,,,,7503783.0,,,,,,,,,,0.0,0.603,7965.0,,,,,,,,,,,,,,,,,,,,,""
7410068806,"Jul 3, 2022, 4:35:40 PM",Con il Moro e Fede,Run,"",3116,8.33,191.0,124,false,,ASICS Novablast 2,activities/7896980758.fit.gz,,,3116.0,2972.0,8332.3,4.938,2.804,403.0,466.0,-75.4,90.0,45.6,-1.3,,,88.0,82.0,,173.0,,,725.0,,32.0,124.0,,,,,,,,,,,0.0,,0.0,,1.0,10619.4,,,,,,,,,,,,,,,,10952994.0,,,,,,,,,,0.0,2.674,3536.2,,,,,,,,,,,,,,,,,,,,,""
7383341799,"Jun 28, 2022, 5:26:42 PM",Corsa serale,Run,,2357,6.99,185.0,82,false,,ASICS Novablast 2,activities/7867718313.fit.gz,,,2357.0,2357.0,6994.6,4.772,2.968,192.0,178.0,230.6,296.2,43.8,0.2,,,97.0,84.0,,170.0,,,569.0,,28.0,82.0,,,,,,,,,,,,,0.0,,1.0,7626.2,,,,,,,,,,,,,,,,10952994.0,,,,,,,,,,0.0,2.968,0.0,,,,,,,,,,,,,,,,,,,,,""
7362031128,"Jun 24, 2022, 5:03:10 PM",Con il Moro,Run,"",2446,7.52,198.0,102,false,,ASICS Novablast 2,activities/7844317233.fit.gz,,,2446.0,2446.0,7528.0,5.048,3.078,207.0,218.0,51.4,119.4,45.9,-0.2,,,89.0,86.0,,173.0,,,614.0,,29.0,102.0,,,,,,,,,,,0.0,,0.0,,1.0,8359.5,,,,,,,,,,,,,,,,10952994.0,,,,,,,,,,0.0,3.078,1448.2,,,,,,,,,,,,,,,,,,,,,""
7357035497,"Jun 23, 2022, 5:09:51 PM",Corsa serale,Run,"",1946,5.26,193.0,41,false,,ASICS Novablast 2,activities/7838842487.fit.gz,,,1946.0,1938.0,5259.5,4.478,2.714,98.0,489.0,-393.6,3.8,38.2,-7.4,,,88.0,79.0,,157.0,,,392.0,,29.0,41.0,,,,,,,,,,,0.0,,0.0,,1.0,5840.7,,,,,,,,,,,,,,,,10952994.0,,,,,,,,,,0.0,2.703,0.0,,,,,,,,,,,,,,,,,,,,,""
7324872628,"Jun 17, 2022, 5:24:52 PM",Corsa serale,Run,,1865,5.00,172.0,30,false,,HOKA Clifton 7,activities/7803627277.fit.gz,,,1865.0,1865.0,5000.8,4.168,2.681,137.0,137.0,236.2,278.4,44.2,0.0,,,89.0,80.0,,152.0,,,380.0,,28.0,30.0,,,,,,,,,,,,,0.0,,1.0,5587.1,,,,,,,,,,,,,,,,9328660.0,,,,,,,,,,0.0,2.681,0.0,,,,,,,,,,,,,,,,,,,,,""
7315784408,"Jun 15, 2022, 5:18:56 PM",Corsa serale,Run,,2345,6.00,172.0,31,false,,HOKA Clifton 7,activities/7793663775.fit.gz,,,2345.0,2311.0,6003.3,4.444,2.598,107.0,125.0,233.6,285.6,45.4,-0.3,,,120.0,80.0,,147.0,,,443.0,,28.0,31.0,,,,,,,,,,,,,0.0,,1.0,6430.1,,,,,,,,,,,,,,,,9328660.0,,,,,,,,,,0.0,2.56,0.0,,,,,,,,,,,,,,,,,,,,,""
7281247327,"Jun 9, 2022, 4:27:27 PM",Corsa serale,Run,,1658,4.00,170.0,18,false,,HOKA Clifton 7,activities/7755956764.fit.gz,,,1658.0,1649.0,4003.2,5.05,2.428,95.0,107.0,156.8,228.8,38.3,-0.3,,,93.0,77.0,,145.0,,,309.0,,25.0,18.0,,,,,,,,,,,,,0.0,,1.0,4390.0,,,,,,,,,,,,,,,,9328660.0,,,,,,,,,,0.0,2.414,0.0,,,,,,,,,,,,,,,,,,,,,""
7234608172,"May 31, 2022, 10:37:57 PM",Escursione notturna,Hike,,1082,1.82,147.0,2,false,,HOKA Clifton 7,activities/7705200118.fit.gz,,,1082.0,1062.0,1820.9,3.76,1.715,32.0,29.0,183.2,204.8,25.6,0.2,,,86.0,64.0,,102.0,,,96.0,,24.0,2.0,,,,,,,,,,,,,0.0,,1.0,,,,,,,,,,,,,,,,,9328660.0,,,,,,,,,,0.0,1.683,0.0,,,,,,,,,,,,,,,,,,,,,""
7227729147,"May 30, 2022, 4:08:21 PM",Corsa serale,Run,,1084,3.02,185.0,20,false,,HOKA Clifton 7,activities/7697690507.fit.gz,,,1084.0,1070.0,3026.1,4.995,2.828,31.0,39.0,25.6,42.6,22.0,-0.4,,,94.0,80.0,,155.0,,,218.0,,29.0,20.0,,,,,,,,,,,,,0.0,,1.0,3118.6,,,,,,,,,,,,,,,,9328660.0,,,,,,,,,,0.0,2.792,0.0,,,,,,,,,,,,,,,,,,,,,""
7227728268,"May 30, 2022, 3:37:37 PM",Corsa pomeridiana,Run,,893,2.57,177.0,10,false,,HOKA Clifton 7,activities/7697689649.fit.gz,,,893.0,875.0,2575.5,5.237,2.943,13.0,17.0,44.4,49.8,7.4,-0.2,,,91.0,80.0,,144.0,,,162.0,,30.0,10.0,,,,,,,,,,,,,0.0,,1.0,2593.1,,,,,,,,,,,,,,,,9328660.0,,,,,,,,,,0.0,2.884,0.0,,,,,,,,,,,,,,,,,,,,,""
7131274900,"May 12, 2022, 4:22:09 PM",Corsa serale,Run,,2217,5.29,172.0,28,false,,HOKA Clifton 7,activities/7592547059.fit.gz,,,2217.0,2205.0,5298.3,4.172,2.403,73.0,70.0,225.6,261.2,24.8,0.0,,,119.0,78.0,,146.0,,,414.0,,26.0,28.0,,,,,,,,,,,,,0.0,,1.0,5486.3,,,,,,,,,,,,,,,,9328660.0,,,,,,,,,,0.0,2.39,0.0,,,,,,,,,,,,,,,,,,,,,""
7125361288,"May 11, 2022, 3:35:08 PM",Giro pomeridiano,Walk,"",1202,1.88,120.0,2,false,,HOKA Clifton 7,activities/7586134583.fit.gz,,8.5,1202.0,1187.0,1886.1,1.913,1.589,14.2,15.0,30.6,36.0,13.3,-0.1,,,,,,101.0,,,109.0,,29.0,2.0,,,,,,,,,,,0.0,,0.0,,1.0,,,,,,,,,,,,,,,,,9328660.0,,,,,,,,,,0.0,1.569,822.8,,,,,,,,,,,,,,,,,,,,,""
7119642103,"May 10, 2022, 3:24:43 PM",Corsa pomeridiana,Run,,2551,5.30,166.0,10,false,,HOKA Clifton 7,activities/7579953410.fit.gz,,,2551.0,2317.0,5303.1,4.182,2.289,71.0,67.0,207.2,238.2,29.6,0.1,,,90.0,74.0,,133.0,,,376.0,,26.0,10.0,,,,,,,,,,,,,0.0,,1.0,5482.5,,,,,,,,,,,,,,,,9328660.0,,,,,,,,,,0.0,2.079,0.0,,,,,,,,,,,,,,,,,,,,,""
7107185667,"May 8, 2022, 9:08:44 AM",Giro dell'ora di pranzo,Ride,,5253,37.05,144.0,14,false,,Scott Addict,activities/7566391349.fit.gz,,8.5,5253.0,5005.0,37056.4,17.502,7.404,320.0,333.0,-46.6,178.0,38.9,0.0,,,,,,110.0,,134.0,522.0,,23.0,14.0,,,,,,,,,,,,,0.0,,1.0,,,,,,,,,,,,,,,,8484514.0,,,,,,,,,,,0.0,7.054,0.0,,,,,,,,,,,,,,,,,,,,,""
7056968804,"Apr 27, 2022, 3:07:03 PM",Escursione pomeridiana,Hike,,2075,3.37,129.0,3,false,,HOKA Clifton 7,activities/7511756657.fit.gz,,,2075.0,1622.0,3375.3,12.742,2.081,13.0,15.0,20.4,29.0,15.8,-0.1,,,124.0,63.0,,95.0,,,136.0,,29.0,3.0,,,,,,,,,,,,,0.0,,1.0,,,,,,,,,,,,,,,,,9328660.0,,,,,,,,,,0.0,1.627,0.0,,,,,,,,,,,,,,,,,,,,,""
6977441121,"Apr 11, 2022, 5:23:36 PM",Corsa serale,Run,,1501,3.05,145.0,4,false,,HOKA Clifton 7,activities/7425480134.fit.gz,,,1501.0,1495.0,3052.0,3.584,2.041,104.0,50.0,217.6,243.2,36.3,0.1,,,116.0,71.0,,116.0,,,188.0,,20.0,4.0,,,,,,,,,,,,,0.0,,1.0,3192.4,,,,,,,,,,,,,,,,9328660.0,,,,,,,,,,0.0,2.033,0.0,,,,,,,,,,,,,,,,,,,,,""
6906272275,"Mar 28, 2022, 5:23:38 PM",Corsa serale,Run,,1858,4.51,169.0,22,false,,HOKA Clifton 7,activities/7348427743.fit.gz,,,1858.0,1844.0,4517.6,4.81,2.45,127.0,59.0,224.8,258.8,29.5,0.1,,,88.0,76.0,,147.0,,,331.0,,19.0,22.0,,,,,,,,,,,,,0.0,,1.0,4676.0,,,,,,,,,,,,,,,,9328660.0,,,,,,,,,,0.0,2.431,0.0,,,,,,,,,,,,,,,,,,,,,""
6797336352,"Mar 7, 2022, 11:33:03 AM",Corsa dell'ora di pranzo,Run,,1294,2.99,182.0,5,false,,HOKA Clifton 7,activities/7230579702.fit.gz,,,1294.0,1229.0,2998.2,4.25,2.44,63.0,70.0,195.2,239.8,33.1,-0.1,,,89.0,77.0,,123.0,,,167.0,,19.0,5.0,,,,,,,,,,,,,0.0,,1.0,3172.4,,,,,,,,,,,,,,,,9328660.0,,,,,,,,,,0.0,2.317,0.0,,,,,,,,,,,,,,,,,,,,,""
6797334743,"Mar 6, 2022, 3:14:22 PM",Corsa pomeridiana,Run,,1617,4.39,170.0,25,false,,HOKA Clifton 7,activities/7230577995.fit.gz,,,1617.0,1578.0,4392.3,3.758,2.783,74.0,56.0,216.4,271.4,20.8,0.3,,,89.0,82.0,,149.0,,,303.0,,16.0,25.0,,,,,,,,,,,,,0.0,,1.0,4597.2,,,,,,,,,,,,,,,,9328660.0,,,,,,,,,,0.0,2.716,0.0,,,,,,,,,,,,,,,,,,,,,""
6767404817,"Mar 3, 2022, 4:33:11 PM",Corsa pomeridiana,Run,,1534,4.03,148.0,5,false,,HOKA Clifton 7,activities/7198286088.fit.gz,,,1534.0,1466.0,4029.7,4.247,2.749,49.0,61.0,238.4,270.8,32.0,-0.4,,,90.0,81.0,,129.0,,,202.0,,17.0,5.0,,,,,,,,,,,,,0.0,,1.0,4162.8,,,,,,,,,,,,,,,,9328660.0,,,,,,,,,,0.0,2.627,0.0,,,,,,,,,,,,,,,,,,,,,""
6767403964,"Mar 3, 2022, 4:25:06 PM",Corsa pomeridiana,Run,,393,1.03,132.0,1,false,,HOKA Clifton 7,activities/7198285214.fit.gz,,,393.0,376.0,1037.1,3.577,2.758,23.0,16.0,216.0,238.0,14.3,0.8,,,122.0,82.0,,121.0,,,52.0,,22.0,1.0,,,,,,,,,,,,,0.0,,1.0,1107.7,,,,,,,,,,,,,,,,9328660.0,,,,,,,,,,0.0,2.639,0.0,,,,,,,,,,,,,,,,,,,,,""
6757749500,"Mar 1, 2022, 6:30:56 PM",Corsa serale,Run,,780,2.16,159.0,5,false,,HOKA rincon 2,activities/7187910595.fit.gz,,,780.0,697.0,2164.2,4.528,3.105,36.0,43.0,216.0,241.8,14.7,-0.7,,,90.0,85.0,,146.0,,,128.0,,18.0,5.0,,,,,,,,,,,0.0,,0.0,,1.0,2247.1,,,,,,,,,,,,,,,,9110137.0,,,,,,,,,,0.0,2.775,0.0,,,,,,,,,,,,,,,,,,,,,""
6752123665,"Feb 28, 2022, 4:46:02 PM",Corsa pomeridiana,Run,,1034,2.76,170.0,18,false,,HOKA Clifton 7,activities/7181845607.fit.gz,,,1034.0,1031.0,2760.7,4.404,2.678,61.0,52.0,214.6,240.6,17.9,0.3,,,88.0,79.0,,154.0,,,203.0,,16.0,18.0,,,,,,,,,,,,,0.0,,1.0,2961.0,,,,,,,,,,,,,,,,9328660.0,,,,,,,,,,0.0,2.67,0.0,,,,,,,,,,,,,,,,,,,,,""
6752123058,"Feb 28, 2022, 4:34:05 PM",Corsa pomeridiana,Run,,627,1.69,169.0,12,false,,HOKA Clifton 7,activities/7181844963.fit.gz,,,627.0,603.0,1690.3,3.854,2.803,38.0,44.0,202.2,241.2,10.9,-0.5,,,87.0,83.0,,156.0,,,122.0,,20.0,12.0,,,,,,,,,,,,,0.0,,1.0,1756.5,,,,,,,,,,,,,,,,9328660.0,,,,,,,,,,0.0,2.696,0.0,,,,,,,,,,,,,,,,,,,,,""
6713067473,"Feb 20, 2022, 10:31:05 AM",Corsa dell'ora di pranzo,Run,,2996,9.02,184.0,98,false,,HOKA Clifton 7,activities/7139671655.fit.gz,,,2996.0,2990.0,9019.5,6.01,3.017,301.0,345.0,66.6,126.6,49.0,0.2,,,89.0,84.0,,169.0,,,665.0,,24.0,98.0,,,,,,,,,,,,,0.0,,1.0,10555.4,,,,,,,,,,,,,,,,9328660.0,,,,,,,,,,0.0,3.01,9009.3,,,,,,,,,,,,,,,,,,,,,""
6666904287,"Feb 11, 2022, 3:48:55 PM",Corsa pomeridiana,Run,,3110,8.74,170.0,51,false,,HOKA Clifton 7,activities/7089928384.fit.gz,,,3110.0,3099.0,8747.0,4.338,2.823,168.0,163.0,213.2,277.2,48.4,0.1,,,90.0,83.0,,152.0,,,582.0,,17.0,51.0,,,,,,,,,,,,,0.0,,1.0,9278.8,,,,,,,,,,,,,,,,9328660.0,,,,,,,,,,0.0,2.813,0.0,,,,,,,,,,,,,,,,,,,,,""
6666566226,"Feb 10, 2022, 6:17:01 AM",Corsa mattutina,Run,,1421,2.26,164.0,20,false,,HOKA Clifton 7,activities/7089565411.fit.gz,,,1421.0,1037.0,2267.4,4.02,2.187,83.0,103.0,132.8,208.8,44.1,-0.9,,,92.0,83.0,,155.0,,,291.0,,16.0,20.0,,,,,,,,,,,,,0.0,,1.0,2606.4,,,,,,,,,,,,,,,,9328660.0,,,,,,,,,,0.0,1.596,0.0,,,,,,,,,,,,,,,,,,,,,""
6666565747,"Feb 6, 2022, 10:58:29 AM",Corsa dell'ora di pranzo,Run,,2818,8.00,187.0,72,false,,HOKA Clifton 7,activities/7089564816.fit.gz,,,2818.0,2804.0,8003.5,4.976,2.854,204.0,199.0,232.8,296.0,48.5,0.0,,,88.0,82.0,,163.0,,,616.0,,21.0,72.0,,,,,,,,,,,,,0.0,,1.0,8825.3,,,,,,,,,,,,,,,,9328660.0,,,,,,,,,,0.0,2.84,0.0,,,,,,,,,,,,,,,,,,,,,""
6666564542,"Jan 28, 2022, 3:29:37 PM",Corsa pomeridiana,Run,,1567,3.52,163.0,11,false,,HOKA Clifton 7,activities/7089563608.fit.gz,,,1567.0,1437.0,3524.1,4.097,2.452,46.0,42.0,375.2,404.0,11.5,0.1,,,117.0,74.0,,140.0,,,258.0,,19.0,11.0,,,,,,,,,,,,,0.0,,1.0,3645.9,,,,,,,,,,,,,,,,9328660.0,,,,,,,,,,0.0,2.249,0.0,,,,,,,,,,,,,,,,,,,,,""
6434950875,"Dec 27, 2021, 2:24:51 PM",Corsa pomeridiana,Run,,1816,5.20,174.0,38,false,,HOKA Clifton 7,activities/6841401638.fit.gz,,,1816.0,1810.0,5199.6,5.192,2.873,56.0,69.0,234.0,268.0,14.5,-0.2,,,87.0,80.0,,157.0,,,380.0,,19.0,38.0,,,,,,,,,,,,,0.0,,1.0,5293.1,,,,,,,,,,,,,,,,9328660.0,,,,,,,,,,0.0,2.863,0.0,,,,,,,,,,,,,,,,,,,,,""
6317054976,"Nov 28, 2021, 7:35:32 AM",Firenze Marathon 2021,Run,"",13122,42.09,187.0,311,false,"",HOKA Clifton 7,activities/6714155764.fit.gz,,,13122.0,13113.0,42095.5,5.764,3.21,1404.0,1401.0,20.4,113.0,49.9,0.0,,,90.0,84.0,,160.0,,,2380.0,,17.0,311.0,,,,,,,,,,,0.0,,0.0,,1.0,49437.3,,,,,,,,,,,,,,,,9328660.0,,,,,,,,,,0.0,3.208,0.0,,,,,,,,,,,,,,,,,,,,,""
6308726085,"Nov 26, 2021, 10:01:07 AM",Corsa dell'ora di pranzo,Run,,1673,5.19,157.0,15,false,,HOKA Clifton 7,activities/6705182677.fit.gz,,,1673.0,1668.0,5193.0,5.088,3.113,232.0,231.0,14.0,87.6,48.8,0.1,,,88.0,82.0,,144.0,,,319.0,,17.0,15.0,,,,,,,,,,,,,0.0,,1.0,6495.0,,,,,,,,,,,,,,,,9328660.0,,,,,,,,,,0.0,3.104,126.9,,,,,,,,,,,,,,,,,,,,,""
6298025071,"Nov 23, 2021, 6:23:46 PM",Corsa serale,Run,,3280,10.17,153.0,14,false,,HOKA Clifton 7,activities/6693709932.fit.gz,,,3280.0,3273.0,10169.9,4.66,3.107,151.0,150.0,217.4,254.4,18.6,0.0,,,90.0,83.0,,132.0,,,496.0,,17.0,14.0,,,,,,,,,,,,,0.0,,1.0,10497.6,,,,,,,,,,,,,,,,9328660.0,,,,,,,,,,0.0,3.101,0.0,,,,,,,,,,,,,,,,,,,,,""
6275214947,"Nov 18, 2021, 3:16:09 PM",Corsa pomeridiana,Run,,3249,10.00,154.0,15,false,,HOKA Clifton 7,activities/6669210856.fit.gz,,,3249.0,3243.0,10003.6,4.707,3.085,23.0,23.0,44.2,56.2,19.0,0.0,,,119.0,82.0,,138.0,,,539.0,,20.0,15.0,,,,,,,,,,,,,0.0,,1.0,10041.0,,,,,,,,,,,,,,,,9328660.0,,,,,,,,,,0.0,3.079,4071.6,,,,,,,,,,,,,,,,,,,,,""
6270876152,"Nov 17, 2021, 3:42:16 PM",Corsa pomeridiana,Run,,3424,10.57,163.0,35,false,,HOKA rincon 2,activities/6664580354.fit.gz,,,3424.0,3399.0,10576.7,4.288,3.112,316.0,290.0,190.4,252.0,49.2,0.2,,,116.0,82.0,,147.0,,,622.0,,20.0,35.0,,,,,,,,,,,0.0,,0.0,,1.0,11951.1,,,,,,,,,,,,,,,,9110137.0,,,,,,,,,,0.0,3.089,954.7,,,,,,,,,,,,,,,,,,,,,""
6267034925,"Nov 16, 2021, 6:35:39 PM",Corsa serale,Run,,3353,10.00,175.0,63,false,,HOKA Clifton 7,activities/6660484684.fit.gz,,,3353.0,3328.0,10005.9,4.64,3.007,255.0,277.0,204.6,265.2,49.1,-0.2,,,87.0,82.0,,155.0,,,679.0,,17.0,63.0,,,,,,,,,,,,,0.0,,1.0,11131.3,,,,,,,,,,,,,,,,9328660.0,,,,,,,,,,0.0,2.984,0.0,,,,,,,,,,,,,,,,,,,,,""
6253192922,"Nov 13, 2021, 3:30:21 PM",Corsa pomeridiana,Run,,10143,30.24,179.0,254,false,,HOKA Clifton 7,activities/6645661221.fit.gz,,,10143.0,9896.0,30247.1,5.61,3.056,954.0,920.0,12.8,68.2,49.5,0.0,,,90.0,83.0,,162.0,,,1972.0,,17.0,254.0,,,,,,,,,,,,,0.0,,1.0,33905.4,,,,,,,,,,,,,,,,9328660.0,,,,,,,,,,0.0,2.982,1183.4,,,,,,,,,,,,,,,,,,,,,""
6248351771,"Nov 12, 2021, 5:03:31 PM",Corsa serale,Run,,3583,12.02,177.0,62,false,,HOKA Clifton 7,activities/6640494972.fit.gz,,,3583.0,3583.0,12021.1,4.341,3.355,234.0,153.0,35.2,134.2,47.9,0.7,,,90.0,84.0,,154.0,,,715.0,,18.0,62.0,,,,,,,,,,,,,0.0,,1.0,12920.0,,,,,,,,,,,,,,,,9328660.0,,,,,,,,,,0.0,3.355,0.0,,,,,,,,,,,,,,,,,,,,,""
6244055448,"Nov 11, 2021, 4:46:56 PM",Corsa pomeridiana,Run,,3003,8.86,151.0,12,false,,HOKA Clifton 7,activities/6635915829.fit.gz,,,3003.0,2854.0,8859.0,5.062,3.104,76.0,84.0,31.6,47.4,15.5,-0.1,,,91.0,82.0,,136.0,,,453.0,,20.0,12.0,,,,,,,,,,,,,0.0,,1.0,9090.8,,,,,,,,,,,,,,,,9328660.0,,,,,,,,,,0.0,2.95,0.0,,,,,,,,,,,,,,,,,,,,,""
6239045529,"Nov 10, 2021, 3:15:51 PM",Corsa pomeridiana,Run,,3955,12.71,181.0,86,false,,HOKA Clifton 7,activities/6630593051.fit.gz,,,3955.0,3901.0,12718.7,4.268,3.26,192.0,182.0,23.8,59.6,32.8,0.1,,,114.0,82.0,,159.0,,,817.0,,21.0,86.0,,,,,,,,,,,,,0.0,,1.0,13344.5,,,,,,,,,,,,,,,,9328660.0,,,,,,,,,,0.0,3.216,2011.5,,,,,,,,,,,,,,,,,,,,,""
6226225795,"Nov 7, 2021, 2:33:05 PM",Corsa pomeridiana,Run,,12692,37.01,173.0,168,false,,HOKA Clifton 7,activities/6616887353.fit.gz,,,12692.0,12102.0,37013.8,4.43,3.058,750.0,739.0,-8.4,49.0,49.7,0.0,,,111.0,83.0,,151.0,,,2036.0,,20.0,168.0,,,,,,,,,,,,,0.0,,1.0,39635.1,,,,,,,,,,,,,,,,9328660.0,,,,,,,,,,0.0,2.916,15519.2,,,,,,,,,,,,,,,,,,,,,""
6221005100,"Nov 6, 2021, 5:19:07 PM",Corsa serale,Run,,4242,12.19,173.0,42,false,,HOKA Clifton 7,activities/6611286086.fit.gz,,,4242.0,4235.0,12197.4,4.972,2.88,415.0,432.0,206.0,262.2,47.7,-0.1,,,88.0,83.0,,145.0,,,771.0,,16.0,42.0,,,,,,,,,,,,,0.0,,1.0,13861.5,,,,,,,,,,,,,,,,9328660.0,,,,,,,,,,0.0,2.875,0.0,,,,,,,,,,,,,,,,,,,,,""
6215938285,"Nov 5, 2021, 4:39:25 PM",Corsa pomeridiana,Run,,4799,14.01,163.0,34,false,,HOKA Clifton 7,activities/6605869601.fit.gz,,,4799.0,4777.0,14011.5,4.468,2.933,322.0,317.0,-4.8,77.4,49.8,0.0,,,88.0,83.0,,142.0,,,814.0,,19.0,34.0,,,,,,,,,,,,,0.0,,1.0,15558.3,,,,,,,,,,,,,,,,9328660.0,,,,,,,,,,0.0,2.92,345.9,,,,,,,,,,,,,,,,,,,,,""
6207371517,"Nov 3, 2021, 5:31:57 PM",Corsa serale,Run,,4969,15.23,170.0,75,false,,HOKA rincon 2,activities/6596655626.fit.gz,,,4969.0,4951.0,15232.5,5.668,3.077,713.0,673.0,-11.2,75.6,47.9,0.2,,,88.0,82.0,,151.0,,,906.0,,23.0,75.0,,,,,,,,,,,0.0,,0.0,,1.0,18544.8,,,,,,,,,,,,,,,,9110137.0,,,,,,,,,,0.0,3.066,1342.6,,,,,,,,,,,,,,,,,,,,,""
6204736346,"Nov 2, 2021, 6:43:44 PM",Corsa serale,Run,,4129,12.00,174.0,80,false,,HOKA Clifton 7,activities/6593832450.fit.gz,,,4129.0,4053.0,12003.4,6.186,2.962,520.0,537.0,198.8,305.8,48.2,-0.3,,,88.0,83.0,,155.0,,,833.0,,19.0,80.0,,,,,,,,,,,,,0.0,,1.0,14708.3,,,,,,,,,,,,,,,,9328660.0,,,,,,,,,,0.0,2.907,0.0,,,,,,,,,,,,,,,,,,,,,""
6194205997,"Oct 31, 2021, 4:38:35 PM",Corsa pomeridiana,Run,,11709,35.00,175.0,110,false,,HOKA Clifton 7,activities/6582563727.fit.gz,,,11709.0,11324.0,35008.8,5.414,3.092,740.0,727.0,-3.8,74.4,48.4,0.1,,,91.0,83.0,,147.0,,,1887.0,,21.0,110.0,,,,,,,,,,,,,0.0,,1.0,37563.4,,,,,,,,,,,,,,,,9328660.0,,,,,,,,,,0.0,2.99,4665.3,,,,,,,,,,,,,,,,,,,,,""
6183901702,"Oct 29, 2021, 4:28:59 PM",Corsa serale,Run,,3469,9.99,152.0,15,false,,HOKA Clifton 7,activities/6571543775.fit.gz,,,3469.0,3360.0,9995.3,5.084,2.975,62.0,75.0,13.2,37.4,36.1,-0.1,,,91.0,83.0,,138.0,,,571.0,,19.0,15.0,,,,,,,,,,,,,0.0,,1.0,10159.9,,,,,,,,,,,,,,,,9328660.0,,,,,,,,,,0.0,2.881,392.3,,,,,,,,,,,,,,,,,,,,,""
6179836852,"Oct 28, 2021, 4:54:30 PM",Corsa serale,Run,,4203,12.09,173.0,84,false,,HOKA Clifton 7,activities/6567217533.fit.gz,,,4203.0,4200.0,12097.6,4.207,2.88,125.0,133.0,230.2,281.8,24.8,-0.1,,,88.0,82.0,,156.0,,,868.0,,17.0,84.0,,,,,,,,,,,,,0.0,,1.0,12345.1,,,,,,,,,,,,,,,,9328660.0,,,,,,,,,,0.0,2.878,0.0,,,,,,,,,,,,,,,,,,,,,""
6174312792,"Oct 27, 2021, 1:58:18 PM",Corsa pomeridiana,Run,,4608,15.00,182.0,89,false,,HOKA rincon 2,activities/6561367132.fit.gz,,,4608.0,4541.0,15003.4,4.03,3.304,300.0,298.0,89.6,190.6,49.8,0.0,,,87.0,84.0,,156.0,,,895.0,,23.0,89.0,,,,,,,,,,,0.0,,0.0,,1.0,15872.0,,,,,,,,,,,,,,,,9110137.0,,,,,,,,,,0.0,3.256,87.8,,,,,,,,,,,,,,,,,,,,,""
6170527829,"Oct 26, 2021, 5:29:07 PM",Corsa serale,Run,,4182,12.47,182.0,81,false,,HOKA Clifton 7,activities/6557350307.fit.gz,,,4182.0,4155.0,12469.7,5.006,3.001,139.0,149.0,223.6,281.8,18.2,-0.1,,,89.0,83.0,,155.0,,,861.0,,16.0,81.0,,,,,,,,,,,,,0.0,,1.0,12745.9,,,,,,,,,,,,,,,,9328660.0,,,,,,,,,,0.0,2.982,0.0,,,,,,,,,,,,,,,,,,,,,""
6161524111,"Oct 24, 2021, 1:32:41 PM",25 ritmo lento+ 5 ritmo maratona,Run,,9837,30.01,171.0,122,false,,HOKA Clifton 7,activities/6547780830.fit.gz,,,9837.0,9787.0,30009.0,4.492,3.066,334.0,371.0,-5.2,63.2,37.9,-0.1,,,91.0,84.0,,150.0,,,1681.0,,20.0,122.0,,,,,,,,,,,0.0,,0.0,,1.0,30913.1,,,,,,,,,,,,,,,,9328660.0,,,,,,,,,,0.0,3.051,12653.1,,,,,,,,,,,,,,,,,,,,,""
6150787801,"Oct 22, 2021, 3:47:28 PM",Corsa pomeridiana,Run,,4429,11.70,167.0,45,false,,HOKA Clifton 7,activities/6536346739.fit.gz,,,4429.0,3850.0,11703.8,5.802,3.04,245.0,242.0,-36.2,7.6,45.0,0.0,,,89.0,83.0,,148.0,,,705.0,,22.0,45.0,,,,,,,,,,,,,0.0,,1.0,12687.1,,,,,,,,,,,,,,,,9328660.0,,,,,,,,,,0.0,2.643,1896.9,,,,,,,,,,,,,,,,,,,,,""
6141728375,"Oct 20, 2021, 3:12:55 PM",Corsa pomeridiana,Run,,5326,17.10,174.0,112,false,,HOKA rincon 2,activities/6526750046.fit.gz,,,5326.0,5302.0,17101.9,4.314,3.226,380.0,386.0,73.8,153.2,25.0,0.0,,,88.0,83.0,,158.0,,,1082.0,,22.0,112.0,,,,,,,,,,,0.0,,0.0,,1.0,18209.5,,,,,,,,,,,,,,,,9110137.0,,,,,,,,,,0.0,3.211,59.2,,,,,,,,,,,,,,,,,,,,,""
6138351101,"Oct 19, 2021, 5:48:40 PM",Corsa serale,Run,,2687,8.00,168.0,16,false,,HOKA Clifton 7,activities/6523172997.fit.gz,,,2687.0,2687.0,8002.3,4.537,2.978,257.0,323.0,145.0,255.0,49.5,-0.8,,,90.0,82.0,,141.0,,,434.0,,21.0,16.0,,,,,,,,,,,,,0.0,,1.0,9436.2,,,,,,,,,,,,,,,,9328660.0,,,,,,,,,,0.0,2.978,0.0,,,,,,,,,,,,,,,,,,,,,""
6127799107,"Oct 17, 2021, 1:47:50 PM",Corsa pomeridiana,Run,,8392,25.00,165.0,87,false,,HOKA Clifton 7,activities/6511980908.fit.gz,,,8392.0,8256.0,25002.1,5.1,3.028,583.0,707.0,-125.8,63.2,46.8,-0.5,,,111.0,83.0,,148.0,,,1354.0,,22.0,87.0,,,,,,,,,,,,,0.0,,1.0,27419.6,,,,,,,,,,,,,,,,9328660.0,,,,,,,,,,0.0,2.979,9367.1,,,,,,,,,,,,,,,,,,,,,""
6117438742,"Oct 15, 2021, 4:51:08 PM",Corsa serale,Run,,2988,9.05,172.0,50,false,,HOKA Clifton 7,activities/6500970975.fit.gz,,,2988.0,2971.0,9054.7,4.7,3.048,186.0,167.0,28.2,82.0,31.0,0.2,,,88.0,83.0,,153.0,,,581.0,,19.0,50.0,,,,,,,,,,,,,0.0,,1.0,9783.0,,,,,,,,,,,,,,,,9328660.0,,,,,,,,,,0.0,3.03,0.0,,,,,,,,,,,,,,,,,,,,,""
6113628366,"Oct 14, 2021, 3:39:40 PM",Corsa pomeridiana,Run,,2418,7.07,158.0,12,false,,HOKA Clifton 7,activities/6496947859.fit.gz,,,2418.0,2407.0,7076.9,3.9,2.94,189.0,204.0,218.4,282.6,46.9,-0.2,,,88.0,83.0,,140.0,,,408.0,,18.0,12.0,,,,,,,,,,,,,0.0,,1.0,7905.4,,,,,,,,,,,,,,,,9328660.0,,,,,,,,,,0.0,2.927,0.0,,,,,,,,,,,,,,,,,,,,,""
6108521473,"Oct 13, 2021, 5:48:38 PM",Corsa serale,Run,,3304,9.91,162.0,19,false,,HOKA rincon 2,activities/6491555131.fit.gz,,,3304.0,3294.0,9912.0,4.9,3.009,148.0,164.0,202.6,263.6,46.6,-0.2,,,113.0,81.0,,138.0,,,520.0,,18.0,19.0,,,,,,,,,,,0.0,,0.0,,1.0,10404.9,,,,,,,,,,,,,,,,9110137.0,,,,,,,,,,0.0,3.0,0.0,,,,,,,,,,,,,,,,,,,,,""
6093411881,"Oct 10, 2021, 1:04:50 PM",Corsa pomeridiana,Run,,11544,30.11,170.0,83,false,,HOKA Clifton 7,activities/6475530317.fit.gz,,,11544.0,10442.0,30112.8,5.2,2.884,939.0,991.0,31.4,138.4,48.8,0.1,,,89.0,84.0,,144.0,,,1648.0,,23.0,83.0,,,,,,,,,,,,,0.0,,1.0,34033.0,,,,,,,,,,,,,,,,9328660.0,,,,,,,,,,0.0,2.609,,,,,,,,,,,,,,,,,,,,,,""
6088222769,"Oct 9, 2021, 3:21:22 PM",Corsa pomeridiana,Run,,4557,13.00,158.0,25,false,,HOKA Clifton 7,activities/6470002507.fit.gz,,,4557.0,4547.0,13002.9,4.0,2.86,558.0,578.0,153.8,280.6,48.9,-0.2,,,89.0,83.0,,140.0,,,710.0,,19.0,25.0,,,,,,,,,,,,,0.0,,1.0,15818.1,,,,,,,,,,,,,,,,9328660.0,,,,,,,,,,0.0,2.853,,,,,,,,,,,,,,,,,,,,,,""
6077873667,"Oct 7, 2021, 3:09:50 PM",Lento svelto + 10×150m rip. in salita,Run,,4054,12.36,164.0,42,false,,HOKA Clifton 7,activities/6459120036.fit.gz,,,4054.0,4047.0,12359.5,5.3,3.054,381.0,433.0,191.8,274.4,46.9,-0.4,,,98.0,83.0,,148.0,,,724.0,,19.0,42.0,,,,,,,,,,,0.0,,0.0,,1.0,13866.5,,,,,,,,,,,,,,,,9328660.0,,,,,,,,,,0.0,3.049,,,,,,,,,,,,,,,,,,,,,,""
6073431409,"Oct 6, 2021, 4:39:22 PM",Corsa serale,Run,,3963,12.50,171.0,62,false,,HOKA rincon 2,activities/6454450298.fit.gz,,,3963.0,3958.0,12501.3,4.5,3.158,167.0,207.0,-20.0,34.8,46.7,-0.3,,,117.0,82.0,,151.0,,,733.0,,22.0,62.0,,,,,,,,,,,,,0.0,,1.0,12993.7,,,,,,,,,,,,,,,,9110137.0,,,,,,,,,,0.0,3.155,,,,,,,,,,,,,,,,,,,,,,""
6068598881,"Oct 5, 2021, 5:22:33 PM",Corsa serale,Run,"",4336,12.69,160.0,22,false,"",HOKA Clifton 7,activities/6449340513.fit.gz,,,4336.0,4336.0,12696.8,6.4,2.928,460.0,477.0,216.4,272.6,45.9,-0.1,,,98.0,83.0,,140.0,,,676.0,,21.0,22.0,,,,,,,,,,,,,0.0,,1.0,15035.1,,,,,,,,,,,,,,,,9328660.0,,,,,,,,,,0.0,2.928,,,,,,,,,,,,,,,,,,,,,,""
6056884210,"Oct 3, 2021, 8:19:23 AM",Corsa mattutina,Run,"",10008,28.01,173.0,136,false,"",HOKA Clifton 7,activities/6437016881.fit.gz,,,10008.0,9279.0,28009.1,5.8,3.019,640.0,610.0,36.4,104.0,40.6,0.0,,,88.0,85.0,,152.0,,,1657.0,,27.0,136.0,,,,,,,,,,,,,0.0,,1.0,30152.5,,,,,,,,,,,,,,,,9328660.0,,,,,,,,,,0.0,2.799,,,,,,,,,,,,,,,,,,,,,,""
6053561221,"Oct 2, 2021, 4:25:36 PM",Corsa serale,Run,"",2440,7.01,165.0,15,false,"",HOKA Clifton 7,activities/6433508716.fit.gz,,,2440.0,2437.0,7013.5,3.8,2.878,87.0,102.0,227.4,290.0,42.7,-0.2,,,122.0,83.0,,141.0,,,414.0,,23.0,15.0,,,,,,,,,,,,,0.0,,1.0,7210.7,,,,,,,,,,,,,,,,9328660.0,,,,,,,,,,0.0,2.874,,,,,,,,,,,,,,,,,,,,,,""
6043718005,"Sep 30, 2021, 4:30:58 PM",Corsa serale,Run,"",3389,10.01,161.0,35,false,"",HOKA Clifton 7,activities/6423193175.fit.gz,,,3389.0,3362.0,10011.9,4.8,2.978,288.0,284.0,186.8,257.8,49.8,0.0,,,90.0,82.0,,147.0,,,627.0,,25.0,35.0,,,,,,,,,,,,,0.0,,1.0,11422.9,,,,,,,,,,,,,,,,9328660.0,,,,,,,,,,0.0,2.954,,,,,,,,,,,,,,,,,,,,,,""
6039480143,"Sep 29, 2021, 5:26:28 PM",Corsa serale,Run,,3317,10.29,180.0,40,false,,HOKA rincon 2,activities/6418732385.fit.gz,,,3317.0,3309.0,10298.8,4.2,3.112,263.0,272.0,219.2,269.8,37.4,-0.1,,,88.0,83.0,,148.0,,,616.0,,23.0,40.0,,,,,,,,,,,,,0.0,,1.0,11174.0,,,,,,,,,,,,,,,,9110137.0,,,,,,,,,,0.0,3.105,,,,,,,,,,,,,,,,,,,,,,""
6034150589,"Sep 28, 2021, 5:31:16 PM",Corsa serale,Run,"",3906,10.96,170.0,34,false,,HOKA Clifton 7,activities/6413161009.fit.gz,,,3906.0,3883.0,10964.1,5.6,2.824,382.0,359.0,237.4,283.2,49.3,0.2,,,110.0,81.0,,144.0,,,672.0,,25.0,34.0,,,,,,,,,,,,,0.0,,1.0,12713.0,,,,,,,,,,,,,,,,9328660.0,,,,,,,,,,0.0,2.807,,,,,,,,,,,,,,,,,,,,,,""
6024264053,"Sep 26, 2021, 2:56:26 PM",Lungo lento,Run,Ultimi 2km ritmo maratona.,11069,25.00,173.0,66,false,,HOKA rincon 2,activities/6402790624.fit.gz,,,11069.0,8546.0,25008.3,5.4,2.926,908.0,954.0,16.4,196.8,49.1,0.4,,,89.0,83.0,,145.0,,,1469.0,,22.0,66.0,,,,,,,,,,,0.0,,0.0,,1.0,29185.7,,,,,,,,,,,,,,,,9110137.0,,,,,,,,,,0.0,2.259,,,,,,,,,,,,,,,,,,,,,,media/65173786-7682-4318-b57d-4b7364f7419f.jpg
6008018847,"Sep 23, 2021, 5:40:38 PM",Corsa serale,Run,,3796,10.85,161.0,26,false,,HOKA rincon 2,activities/6385714354.fit.gz,,,3796.0,3762.0,10851.9,5.0,2.885,290.0,309.0,193.2,259.2,44.2,-0.2,,,114.0,83.0,,143.0,,,628.0,,23.0,26.0,,,,,,,,,,,,,0.0,,1.0,12208.2,,,,,,,,,,,,,,,,9110137.0,,,,,,,,,,0.0,2.859,,,,,,,,,,,,,,,,,,,,,,""
6002736896,"Sep 22, 2021, 5:26:20 PM",Corsa serale,Run,,2964,8.99,158.0,17,false,,HOKA rincon 2,activities/6380181268.fit.gz,,,2964.0,2961.0,8996.9,4.7,3.038,188.0,199.0,224.6,270.2,49.6,-0.1,,,90.0,82.0,,139.0,,,475.0,,22.0,17.0,,,,,,,,,,,,,0.0,,1.0,9702.5,,,,,,,,,,,,,,,,9110137.0,,,,,,,,,,0.0,3.035,,,,,,,,,,,,,,,,,,,,,,""
5997385107,"Sep 21, 2021, 5:30:28 PM",Corsa serale,Run,,3444,10.20,161.0,39,false,,HOKA rincon 2,activities/6374579625.fit.gz,,,3444.0,3416.0,10203.7,4.8,2.987,300.0,316.0,233.0,294.8,47.0,-0.1,,,94.0,84.0,,147.0,,,625.0,,22.0,39.0,,,,,,,,,,,,,0.0,,1.0,11763.9,,,,,,,,,,,,,,,,9110137.0,,,,,,,,,,0.0,2.963,,,,,,,,,,,,,,,,,,,,,,""
5987008220,"Sep 19, 2021, 3:20:25 PM",Corsa pomeridiana,Run,,5363,16.40,168.0,75,false,,HOKA rincon 2,activities/6363689868.fit.gz,,,5363.0,5316.0,16405.3,6.3,3.086,564.0,544.0,237.4,292.6,48.9,0.1,,,123.0,84.0,,150.0,,,945.0,,24.0,75.0,,,,,,,,,,,,,0.0,,1.0,18905.2,,,,,,,,,,,,,,,,9110137.0,,,,,,,,,,0.0,3.059,,,,,,,,,,,,,,,,,,,,,,""
5970342942,"Sep 16, 2021, 3:27:53 PM",Corsa pomeridiana,Run,,3546,10.01,165.0,30,false,,HOKA rincon 2,activities/6346197942.fit.gz,,,3546.0,3543.0,10010.7,4.3,2.825,325.0,329.0,200.6,264.4,43.7,-0.1,,,88.0,81.0,,141.0,,,605.0,,28.0,30.0,,,,,,,,,,,,,0.0,,1.0,11284.6,,,,,,,,,,,,,,,,9110137.0,,,,,,,,,,0.0,2.823,,,,,,,,,,,,,,,,,,,,,,""
5965007754,"Sep 15, 2021, 3:25:13 PM",Corsa pomeridiana,Run,,2861,9.00,169.0,40,false,,HOKA rincon 2,activities/6340642844.fit.gz,,,2861.0,2861.0,9003.0,4.6,3.147,233.0,239.0,224.4,273.2,35.9,-0.1,,,89.0,84.0,,150.0,,,543.0,,26.0,40.0,,,,,,,,,,,,,0.0,,1.0,9775.3,,,,,,,,,,,,,,,,9110137.0,,,,,,,,,,0.0,3.147,,,,,,,,,,,,,,,,,,,,,,""
5960258420,"Sep 14, 2021, 5:20:55 PM",Corsa serale,Run,,2384,7.00,163.0,16,false,,Kiprun KS Light,activities/6335661336.fit.gz,,,2384.0,2384.0,7007.7,4.6,2.939,193.0,212.0,214.6,271.6,49.3,-0.3,,,88.0,83.0,,142.0,,,407.0,,26.0,16.0,,,,,,,,,,,0.0,,0.0,,1.0,7747.7,,,,,,,,,,,,,,,,7691287.0,,,,,,,,,,0.0,2.939,,,,,,,,,,,,,,,,,,,,,,""
5949864056,"Sep 12, 2021, 2:20:11 PM",Corsa pomeridiana,Run,,9264,25.00,170.0,158,false,,HOKA rincon 2,activities/6324761612.fit.gz,,,9264.0,8650.0,24999.4,6.2,2.89,769.0,792.0,16.4,117.2,40.7,0.0,,,117.0,83.0,,154.0,,,1563.0,,30.0,158.0,,,,,,,,,,,,,0.0,,1.0,28043.0,,,,,,,,,,,,,,,,9110137.0,,,,,,,,,,0.0,2.699,,,,,,,,,,,,,,,,,,,,,,""
5933448592,"Sep 9, 2021, 6:12:00 PM",Corsa serale,Run,,199,0.51,154.0,1,false,,HOKA rincon 2,activities/6307552804.fit.gz,,,199.0,195.0,511.7,5.3,2.624,2.0,7.0,219.4,227.6,12.4,-0.6,,,93.0,72.0,,140.0,,,37.0,,25.0,1.0,,,,,,,,,,,,,0.0,,1.0,514.8,,,,,,,,,,,,,,,,9110137.0,,,,,,,,,,0.0,2.571,,,,,,,,,,,,,,,,,,,,,,""
5933448237,"Sep 9, 2021, 5:15:57 PM",Corsa serale,Run,,3272,10.00,167.0,48,false,,HOKA rincon 2,activities/6307552416.fit.gz,,,3272.0,3239.0,9999.0,4.6,3.087,171.0,202.0,214.2,275.6,47.8,-0.3,,,89.0,83.0,,151.0,,,644.0,,24.0,48.0,,,,,,,,,,,,,0.0,,1.0,10530.5,,,,,,,,,,,,,,,,9110137.0,,,,,,,,,,0.0,3.056,,,,,,,,,,,,,,,,,,,,,,""
5927770386,"Sep 8, 2021, 4:52:43 PM",Corsa serale,Run,,2396,7.01,166.0,22,false,,HOKA rincon 2,activities/6301619658.fit.gz,,,2396.0,2372.0,7018.2,4.7,2.959,92.0,136.0,-40.4,52.4,45.6,-0.8,,,88.0,79.0,,143.0,,,403.0,,27.0,22.0,,,,,,,,,,,,,0.0,,1.0,7368.2,,,,,,,,,,,,,,,,9110137.0,,,,,,,,,,0.0,2.929,,,,,,,,,,,,,,,,,,,,,,""
5922175016,"Sep 7, 2021, 4:28:45 PM",Corsa serale,Run,,3657,10.62,163.0,38,false,,HOKA rincon 2,activities/6295792132.fit.gz,,,3657.0,3573.0,10625.7,6.2,2.974,197.0,230.0,209.0,287.0,42.8,-0.3,,,114.0,82.0,,147.0,,,644.0,,25.0,38.0,,,,,,,,,,,,,0.0,,1.0,11420.1,,,,,,,,,,,,,,,,9110137.0,,,,,,,,,,0.0,2.906,,,,,,,,,,,,,,,,,,,,,,""
5911145781,"Sep 5, 2021, 2:16:02 PM",Corsa pomeridiana,Run,,6736,19.02,174.0,119,false,,HOKA rincon 2,activities/6284235596.fit.gz,,,6736.0,6671.0,19024.2,4.1,2.852,254.0,283.0,34.0,101.8,37.0,-0.1,,,87.0,82.0,,155.0,,,1308.0,,30.0,119.0,,,,,,,,,,,,,0.0,,1.0,19861.3,,,,,,,,,,,,,,,,9110137.0,,,,,,,,,,0.0,2.824,,,,,,,,,,,,,,,,,,,,,,""
5893980616,"Sep 2, 2021, 3:34:46 PM",Corsa pomeridiana,Run,"",2741,6.65,159.0,18,false,"",HOKA rincon 2,activities/6266293852.fit.gz,,,2741.0,2726.0,6658.3,5.2,2.443,89.0,187.0,-74.0,39.8,48.6,-1.5,,,91.0,75.0,,133.0,,,416.0,,30.0,18.0,,,,,,,,,,,,,0.0,,1.0,7129.8,,,,,,,,,,,,,,,,9110137.0,,,,,,,,,,,2.429,,,,,,,,,,,,,,,,,,,,,,""
5888561285,"Sep 1, 2021, 3:30:56 PM",Corsa pomeridiana,Run,,2658,8.01,187.0,72,false,,Kiprun KS Light,activities/6260640335.fit.gz,,,2658.0,2502.0,8009.8,4.2,3.201,161.0,136.0,117.8,167.6,47.7,0.2,,,107.0,84.0,,166.0,,,559.0,,30.0,72.0,,,,,,,,,,,,,0.0,,1.0,8551.3,,,,,,,,,,,,,,,,7691287.0,,,,,,,,,,,3.013,,,,,,,,,,,,,,,,,,,,,,""
5883498057,"Aug 31, 2021, 4:34:33 PM",Corsa serale,Run,,3704,10.59,180.0,88,false,,Kiprun KS Light,activities/6255373282.fit.gz,,,3704.0,3466.0,10596.4,5.8,3.057,288.0,346.0,165.6,262.0,44.6,-0.7,,,97.0,83.0,,161.0,,,713.0,,26.0,88.0,,,,,,,,,,,,,0.0,,1.0,11774.6,,,,,,,,,,,,,,,,7691287.0,,,,,,,,,,,2.861,,,,,,,,,,,,,,,,,,,,,,""
5873384829,"Aug 29, 2021, 2:40:02 PM",Corsa pomeridiana,Run,,7841,16.00,173.0,58,false,,Kiprun KS Light,activities/6244784718.fit.gz,,,7841.0,6416.0,16001.4,5.3,2.494,317.0,331.0,222.6,316.4,49.5,0.3,,,93.0,78.0,,141.0,,,1010.0,,26.0,58.0,,,,,,,,,,,,,0.0,,1.0,17074.6,,,,,,,,,,,,,,,,7691287.0,,,,,,,,,,,2.041,,,,,,,,,,,,,,,,,,,,,,""
5847527772,"Aug 24, 2021, 12:06:16 PM",Escursione pomeridiana,Hike,,7689,5.33,142.0,7,false,,Kiprun KS Light,activities/6217718420.fit.gz,,,7689.0,4498.0,5333.5,2.0,1.186,27.0,310.0,148.4,460.4,37.2,-5.7,,,125.0,57.0,,83.0,,,256.0,,31.0,7.0,,,,,,,,,,,,,0.0,,1.0,,,,,,,,,,,,,,,,,7691287.0,,,,,,,,,,,0.694,,,,,,,,,,,,,,,,,,,,,,""
5843519864,"Aug 24, 2021, 5:35:52 AM",Escursione mattutina,Hike,,8039,8.50,97.0,6,false,,Kiprun KS Light,activities/6213546921.fit.gz,,,8039.0,6642.0,8504.7,3.2,1.28,292.0,89.0,129.4,389.0,38.0,2.1,,,113.0,56.0,,67.0,,,202.0,,25.0,6.0,,,,,,,,,,,,,0.0,,1.0,,,,,,,,,,,,,,,,,7691287.0,,,,,,,,,,,1.058,,,,,,,,,,,,,,,,,,,,,,""
5832746149,"Aug 22, 2021, 7:14:41 AM",Corsa mattutina,Run,,4171,12.02,179.0,96,false,,Kiprun KS Light,activities/6202248190.fit.gz,,,4171.0,4116.0,12024.9,4.4,2.922,333.0,346.0,29.4,61.2,45.8,-0.1,,,87.0,82.0,,159.0,,,856.0,,26.0,96.0,,,,,,,,,,,,,0.0,,1.0,13357.4,,,,,,,,,,,,,,,,7691287.0,,,,,,,,,,,2.883,,,,,,,,,,,,,,,,,,,,,,""
5802987469,"Aug 16, 2021, 4:45:16 PM",Corsa serale,Run,,2698,7.78,183.0,60,false,,Kiprun KS Light,activities/6171127678.fit.gz,,,2698.0,2590.0,7788.4,7.8,3.007,162.0,203.0,-48.6,2.8,47.3,-0.6,,,93.0,81.0,,159.0,,,537.0,,29.0,60.0,,,,,,,,,,,,,0.0,,1.0,8452.0,,,,,,,,,,,,,,,,7691287.0,,,,,,,,,,,2.887,,,,,,,,,,,,,,,,,,,,,,""
5796985774,"Aug 14, 2021, 5:08:14 PM",Corsa serale,Run,,2898,7.60,174.0,53,false,,Kiprun KS Light,activities/6164825251.fit.gz,,,2898.0,2675.0,7605.6,4.3,2.843,168.0,132.0,79.2,124.4,43.7,0.4,,,88.0,81.0,,155.0,,,532.0,,31.0,53.0,,,,,,,,,,,,,0.0,,1.0,8211.3,,,,,,,,,,,,,,,,7691287.0,,,,,,,,,,,2.624,,,,,,,,,,,,,,,,,,,,,,""
5787146800,"Aug 13, 2021, 4:41:59 PM",Giro serale,Ride,,3877,26.73,179.0,42,false,,Scott Addict,activities/6154470719.fit.gz,,8.5,3877.0,3805.0,26730.7,18.0,7.025,583.0,522.0,172.8,391.2,47.6,0.2,,,,,,143.0,,193.0,601.0,,32.0,42.0,,,,,,,,,,,,,0.0,,1.0,,,,,,,,,,,,,,,,8484514.0,,,,,,,,,,,,6.895,,,,,,,,,,,,,,,,,,,,,,""
5778932623,"Aug 11, 2021, 7:09:31 AM",Escursione mattutina,Hike,,34134,25.63,129.0,32,false,,Kiprun KS Light,activities/6145865872.fit.gz,,,34134.0,23982.0,25631.6,3.5,1.069,839.0,424.0,41.2,485.6,49.6,1.4,,,111.0,52.0,,77.0,,,1051.0,,33.0,32.0,,,,,,,,,,,,,0.0,,1.0,,,,,,,,,,,,,,,,,7691287.0,,,,,,,,,,,0.751,,,,,,,,,,,,,,,,,,,,,,""
5765323455,"Aug 9, 2021, 5:50:45 PM",Corsa serale,Run,,2511,7.26,176.0,53,false,,Kiprun KS Light,activities/6131688047.fit.gz,,,2511.0,2507.0,7263.3,6.6,2.897,175.0,186.0,229.8,281.8,36.5,-0.1,,,101.0,81.0,,156.0,,,488.0,,27.0,53.0,,,,,,,,,,,,,0.0,,1.0,7910.2,,,,,,,,,,,,,,,,7691287.0,,,,,,,,,,,2.893,,,,,,,,,,,,,,,,,,,,,,""
5744538634,"Aug 5, 2021, 5:48:44 PM",Corsa serale,Run,,2498,7.72,177.0,53,false,,Kiprun KS Light,activities/6109886103.fit.gz,,,2498.0,2487.0,7725.8,5.6,3.106,106.0,125.0,227.8,286.6,43.6,-0.2,,,110.0,82.0,,157.0,,,505.0,,24.0,53.0,,,,,,,,,,,,,0.0,,1.0,8012.9,,,,,,,,,,,,,,,,7691287.0,,,,,,,,,,,3.093,,,,,,,,,,,,,,,,,,,,,,""
5735733501,"Aug 4, 2021, 4:58:32 AM",Corsa mattutina,Run,,2164,6.72,171.0,49,false,,Kiprun KS Light,activities/6100702545.fit.gz,,,2164.0,2161.0,6722.6,5.4,3.111,58.0,79.0,206.6,265.8,12.0,-0.3,,,90.0,84.0,,158.0,,,448.0,,23.0,49.0,,,,,,,,,,,,,0.0,,1.0,6805.0,,,,,,,,,,,,,,,,7691287.0,,,,,,,,,,,3.107,,,,,,,,,,,,,,,,,,,,,,""
5727890958,"Aug 2, 2021, 5:50:15 PM",Corsa serale,Run,,2254,7.01,175.0,52,false,,Kiprun KS Light,activities/6092525844.fit.gz,,,2254.0,2254.0,7010.3,6.0,3.11,76.0,90.0,234.8,288.4,19.8,-0.2,,,98.0,83.0,,158.0,,,467.0,,25.0,52.0,,,,,,,,,,,,,0.0,,1.0,7129.4,,,,,,,,,,,,,,,,7691287.0,,,,,,,,,,,3.11,,,,,,,,,,,,,,,,,,,,,,""
5707477087,"Jul 29, 2021, 5:58:12 PM",Corsa serale,Run,,2395,6.84,178.0,46,false,,Kiprun KS Light,activities/6070918057.fit.gz,,,2395.0,2387.0,6847.0,5.3,2.868,92.0,73.0,239.2,286.2,46.4,0.3,,,92.0,80.0,,156.0,,,481.0,,28.0,46.0,,,,,,,,,,,,,0.0,,1.0,7122.5,,,,,,,,,,,,,,,,7691287.0,,,,,,,,,,,2.859,,,,,,,,,,,,,,,,,,,,,,""
5670105395,"Jul 22, 2021, 5:36:43 PM",Corsa serale,Run,,2002,5.65,169.0,38,false,,Kiprun KS Light,activities/6031826196.fit.gz,,,2002.0,1982.0,5649.0,5.7,2.85,44.0,53.0,119.8,162.0,14.0,-0.2,,,94.0,80.0,,155.0,,,390.0,,29.0,38.0,,,,,,,,,,,,,0.0,,1.0,5712.9,,,,,,,,,,,,,,,,7691287.0,,,,,,,,,,,2.822,,,,,,,,,,,,,,,,,,,,,,""
5653718038,"Jul 19, 2021, 5:32:19 PM",Lento+allunghi,Run,"",2780,7.84,181.0,78,false,,Kiprun KS Light,activities/6014780265.fit.gz,,,2780.0,2749.0,7839.1,5.2,2.852,82.0,126.0,201.0,272.0,15.6,-0.5,,,92.0,80.0,,164.0,,,602.0,,29.0,78.0,,,,,,,,,,,0.0,,0.0,,1.0,7943.5,,,,,,,,,,,,,,,,7691287.0,,,,,,,,,,,2.82,,,,,,,,,,,,,,,,,,,,,,""
5642624432,"Jul 17, 2021, 3:41:55 PM",Lento,Run,"",2340,6.72,179.0,46,false,,Kiprun KS Light,activities/6003169769.fit.gz,,,2340.0,2334.0,6723.0,4.9,2.88,126.0,127.0,228.2,264.2,42.0,0.0,,,89.0,79.0,,155.0,,,471.0,,28.0,46.0,,,,,,,,,,,0.0,,0.0,,1.0,7169.8,,,,,,,,,,,,,,,,7691287.0,,,,,,,,,,,2.873,,,,,,,,,,,,,,,,,,,,,,""
5626544055,"Jul 14, 2021, 2:08:43 PM",Corsa pomeridiana,Run,,2652,7.53,189.0,72,false,,Kiprun KS Light,activities/5986411619.fit.gz,,,2652.0,2630.0,7535.1,5.8,2.865,62.0,85.0,30.4,60.6,14.2,-0.3,,,92.0,80.0,,162.0,,,557.0,,28.0,72.0,,,,,,,,,,,,,0.0,,1.0,7611.8,,,,,,,,,,,,,,,,7691287.0,,,,,,,,,,,2.841,,,,,,,,,,,,,,,,,,,,,,""
5613397228,"Jul 11, 2021, 3:18:45 PM",Escursione pomeridiana,Hike,,8154,11.68,116.0,12,false,,Kiprun KS Light,activities/5972707952.fit.gz,,,8154.0,8046.0,11685.3,3.2,1.452,57.0,77.0,54.0,76.8,40.5,-0.2,,,61.0,58.0,,83.0,,,405.0,,31.0,12.0,,,,,,,,,,,,,0.0,,1.0,,,,,,,,,,,,,,,,,7691287.0,,,,,,,,,,,1.433,,,,,,,,,,,,,,,,,,,,,,""
5585231647,"Jul 6, 2021, 4:44:01 PM",Giro serale,Ride,,2645,14.11,156.0,8,false,,Scott Addict,activities/5943318832.fit.gz,,8.5,2645.0,2452.0,14118.6,13.7,5.758,250.0,65.0,77.4,271.4,22.2,1.3,,,,,,116.0,,140.0,318.0,,31.0,8.0,,,,,,,,,,,,,0.0,,1.0,,,,,,,,,,,,,,,,8484514.0,,,,,,,,,,,,,,,,,,,,,,,,,,,,,,,,,,""
5583694281,"Jul 6, 2021, 11:41:21 AM",Giro pomeridiano,Ride,,1660,14.52,147.0,4,false,,Scott Addict,activities/5941719100.fit.gz,,8.5,1660.0,1660.0,14521.8,17.1,8.748,65.0,238.0,74.2,265.2,11.5,-1.2,,,,,,105.0,,131.0,202.0,,33.0,4.0,,,,,,,,,,,,,0.0,,1.0,,,,,,,,,,,,,,,,8484514.0,,,,,,,,,,,,,,,,,,,,,,,,,,,,,,,,,,""
5549146967,"Jun 29, 2021, 5:16:59 PM",Lento di ripartenza (si spera),Run,"",2814,8.00,177.0,60,false,,Kiprun KS Light,activities/5905667886.fit.gz,,,2814.0,2787.0,8007.0,4.6,2.873,81.0,66.0,41.8,65.2,13.1,0.1,,,87.0,79.0,,157.0,,,575.0,,29.0,60.0,,,,,,,,,,,0.0,,0.0,,1.0,8185.4,,,,,,,,,,,,,,,,7691287.0,,,,,,,,,,,,,,,,,,,,,,,,,,,,,,,,,""
5500645483,"Jun 20, 2021, 5:58:52 AM",Escursione mattutina,Hike,,23268,9.85,133.0,37,false,,Kiprun KS Light,activities/5855119294.fit.gz,,,23268.0,16649.0,9854.5,1.6,0.592,724.0,1410.0,485.0,1821.0,50.0,-7.1,,,94.0,55.0,,99.0,,,1463.0,,28.0,37.0,,,,,,,,,,,,,0.0,,1.0,,,,,,,,,,,,,,,,,7691287.0,,,,,,,,,,,,,,,,,,,,,,,,,,,,,,,,,""
5496584699,"Jun 19, 2021, 1:11:45 PM",Escursione pomeridiana,Hike,,13483,7.12,142.0,24,false,,Kiprun KS Light,activities/5850868576.fit.gz,,,13483.0,10850.0,7124.0,2.5,0.657,888.0,272.0,508.6,1304.4,50.0,8.6,,,79.0,53.0,,101.0,,,947.0,,28.0,24.0,,,,,,,,,,,,,0.0,,1.0,,,,,,,,,,,,,,,,,7691287.0,,,,,,,,,,,,,,,,,,,,,,,,,,,,,,,,,""
5475174797,"Jun 15, 2021, 5:20:59 PM",Si riprova a corricchiare,Run,Io dolore non si ripresenta per il momento,1639,5.02,165.0,26,false,,Kiprun KS Light,activities/5828566520.fit.gz,,,1639.0,1633.0,5019.3,5.5,3.074,104.0,103.0,42.0,70.8,25.5,0.0,,,91.0,83.0,,150.0,,,331.0,,29.0,26.0,,,,,,,,,,,0.0,,0.0,,1.0,5462.8,,,,,,,,,,,,,,,,7691287.0,,,,,,,,,,,,,,,,,,,,,,,,,,,,,,,,,""
5452266103,"Jun 11, 2021, 3:01:00 PM",Corsa pomeridiana,Run,,2298,6.79,173.0,44,false,,Kiprun KS Light,activities/5804714297.fit.gz,,,2298.0,2244.0,6789.0,4.0,3.025,121.0,126.0,223.8,270.0,28.1,-0.1,,,87.0,81.0,,155.0,,,471.0,,27.0,44.0,,,,,,,,,,,,,0.0,,1.0,7165.2,,,,,,,,,,,,,,,,7691287.0,,,,,,,,,,,,,,,,,,,,,,,,,,,,,,,,,""
5407305813,"Jun 3, 2021, 3:56:29 PM","Iniziato con lento, finito con camminata",Run,Fastidio dietro il ginocchio sinistro. Sembra infiammazione tendinea,1707,3.73,163.0,7,false,,Kiprun KS Light,activities/5757736287.fit.gz,,,1707.0,1680.0,3729.1,4.2,2.22,68.0,50.0,241.2,278.8,23.4,0.5,,,88.0,70.0,,120.0,,,228.0,,28.0,7.0,,,,,,,,,,,0.0,,0.0,,1.0,3942.4,,,,,,,,,,,,,,,,7691287.0,,,,,,,,,,,,,,,,,,,,,,,,,,,,,,,,,""
5395349983,"Jun 1, 2021, 3:34:47 PM",Corsa pomeridiana,Run,,3887,12.00,180.0,88,false,,Kiprun KS Light,activities/5745284363.fit.gz,,,3887.0,3852.0,12001.0,4.7,3.116,281.0,280.0,121.8,261.2,46.7,0.0,,,120.0,83.0,,159.0,,,798.0,,27.0,88.0,,,,,,,,,,,,,0.0,,1.0,13014.3,,,,,,,,,,,,,,,,7691287.0,,,,,,,,,,,,,,,,,,,,,,,,,,,,,,,,,""
5384782576,"May 30, 2021, 3:51:08 PM",4km lento+ 3km Medio+ 3km Vr,Run,"Ultimo km a ritmo VR sono scoppiato, forse anche colpa della leggera salita",3087,10.02,184.0,65,false,,Kiprun KS Light,activities/5734244524.fit.gz,,,3087.0,2994.0,10021.1,4.1,3.347,94.0,53.0,138.8,211.0,8.7,0.3,,,87.0,83.0,,159.0,,,630.0,,25.0,65.0,,,,,,,,,,,0.0,,0.0,,1.0,10228.4,,,,,,,,,,,,,,,,7691287.0,,,,,,,,,,,,,,,,,,,,,,,,,,,,,,,,,""
5372538031,"May 28, 2021, 3:14:48 PM",4km Lento+6km Medio,Run,"",3526,11.51,184.0,102,false,,Kiprun KS Light,activities/5721471541.fit.gz,,,3526.0,3526.0,11513.6,4.8,3.265,231.0,236.0,220.2,277.2,49.2,0.0,,,89.0,82.0,,165.0,,,773.0,,28.0,102.0,,,,,,,,,,,0.0,,0.0,,1.0,12347.9,,,,,,,,,,,,,,,,7691287.0,,,,,,,,,,,,,,,,,,,,,,,,,,,,,,,,,""
5367635209,"May 27, 2021, 4:27:47 PM",6 x 1km rec.3',Run,"",3541,11.04,171.0,62,false,,Kiprun KS Light,activities/5716369937.fit.gz,,,3541.0,3439.0,11043.8,5.0,3.211,111.0,137.0,194.6,248.0,25.4,-0.2,,,90.0,81.0,,154.0,,,655.0,,23.0,62.0,,,,,,,,,,,0.0,,0.0,,1.0,11285.1,,,,,,,,,,,,,,,,7691287.0,,,,,,,,,,,,,,,,,,,,,,,,,,,,,,,,,""
5354624749,"May 25, 2021, 9:57:14 AM",Corsa dell'ora di pranzo,Run,,3327,10.00,174.0,66,false,,Kiprun KS Light,activities/5702855851.fit.gz,,,3327.0,3226.0,10008.5,5.4,3.102,155.0,163.0,217.0,283.0,24.7,-0.1,,,88.0,82.0,,156.0,,,649.0,,24.0,66.0,,,,,,,,,,,,,0.0,,1.0,10381.4,,,,,,,,,,,,,,,,7691287.0,,,,,,,,,,,,,,,,,,,,,,,,,,,,,,,,,""
5342391444,"May 23, 2021, 5:18:23 AM",8km MEDIO+ 2km VR,Run,"",4125,13.02,177.0,78,false,,Kiprun KS Light,activities/5690096990.fit.gz,,,4125.0,3910.0,13026.1,4.7,3.331,127.0,134.0,226.4,278.6,12.7,-0.1,,,90.0,83.0,,154.0,,,756.0,,21.0,78.0,,,,,,,,,,,0.0,,0.0,,1.0,13249.3,,,,,,,,,,,,,,,,7691287.0,,,,,,,,,,,,,,,,,,,,,,,,,,,,,,,,,""
5335185343,"May 21, 2021, 5:39:42 PM",4 lento+3medio+3 tempo run+defa,Run,"",3478,11.50,178.0,60,false,,Kiprun KS Light,activities/5682535534.fit.gz,,,3478.0,3478.0,11502.3,4.9,3.307,129.0,115.0,236.6,303.2,20.0,0.1,,,89.0,83.0,,153.0,,,648.0,,19.0,60.0,,,,,,,,,,,0.0,,0.0,,1.0,11793.1,,,,,,,,,,,,,,,,7691287.0,,,,,,,,,,,,,,,,,,,,,,,,,,,,,,,,,""
5324051378,"May 19, 2021, 12:29:48 PM",Giro pomeridiano,Ride,,325,1.93,134.0,0,false,,Scott Addict,activities/5670978609.fit.gz,,8.5,325.0,325.0,1938.6,12.3,5.965,39.0,41.0,256.2,284.2,21.8,-0.1,,,,,,113.0,,168.0,36.0,,24.0,0.0,,,,,,,,,,,,,0.0,,1.0,,,,,,,,,,,,,,,,8484514.0,,,,,,,,,,,,,,,,,,,,,,,,,,,,,,,,,,""
5318851475,"May 18, 2021, 5:03:17 PM",Defaticamento con Salva,Run,"",864,2.01,161.0,8,false,,Kiprun KS Light,activities/5665587772.fit.gz,,,864.0,864.0,2017.9,3.0,2.336,29.0,23.0,42.2,60.8,14.4,0.3,,,89.0,77.0,,142.0,,,142.0,,21.0,8.0,,,,,,,,,,,0.0,,0.0,,1.0,2080.5,,,,,,,,,,,,,,,,7691287.0,,,,,,,,,,,,,,,,,,,,,,,,,,,,,,,,,""
5318643280,"May 18, 2021, 4:12:03 PM",Lento,Run,"",2933,8.86,175.0,55,false,,Kiprun KS Light,activities/5665374850.fit.gz,,,2933.0,2862.0,8866.9,5.1,3.098,142.0,134.0,9.6,50.4,47.9,0.0,,,89.0,81.0,,155.0,,,535.0,,22.0,55.0,,,,,,,,,,,0.0,,0.0,,1.0,9297.4,,,,,,,,,,,,,,,,7691287.0,,,,,,,,,,,,,,,,,,,,,,,,,,,,,,,,,""
5313065431,"May 17, 2021, 4:42:02 PM",Giro serale,Ride,,311,1.91,131.0,1,false,,Scott Addict,activities/5659603235.fit.gz,,8.5,311.0,311.0,1910.9,13.1,6.144,20.0,27.0,242.8,262.8,35.0,-0.2,,,,,,122.0,,136.0,41.0,,27.0,1.0,,,,,,,,,,,,,0.0,,1.0,,,,,,,,,,,,,,,,8484514.0,,,,,,,,,,,,,,,,,,,,,,,,,,,,,,,,,,""
5302093404,"May 15, 2021, 3:53:02 PM",Corsa pomeridiana,Run,,1322,4.35,166.0,15,false,,Kiprun KS Light,activities/5648141669.fit.gz,,,1322.0,1290.0,4350.8,5.2,3.373,31.0,7.0,37.0,65.4,19.2,0.5,,,92.0,82.0,,146.0,,,226.0,,23.0,15.0,,,,,,,,,,,,,0.0,,1.0,4437.0,,,,,,,,,,,,,,,,7691287.0,,,,,,,,,,,,,,,,,,,,,,,,,,,,,,,,,""
5296281842,"May 14, 2021, 3:49:56 PM",Lento,Run,"",1904,6.01,173.0,37,false,,Kiprun KS Light,activities/5642057860.fit.gz,,,1904.0,1904.0,6010.2,5.0,3.157,138.0,134.0,236.0,283.2,49.7,0.1,,,92.0,82.0,,156.0,,,355.0,,19.0,37.0,,,,,,,,,,,0.0,,0.0,,1.0,6483.2,,,,,,,,,,,,,,,,7691287.0,,,,,,,,,,,,,,,,,,,,,,,,,,,,,,,,,""
5284326914,"May 12, 2021, 1:22:47 PM",Ripetute 300+400+500,Run,"",3113,9.58,168.0,49,false,,Kiprun KS Light,activities/5629544454.fit.gz,,,3113.0,3009.0,9586.7,5.3,3.186,142.0,174.0,141.4,220.2,46.7,-0.4,,,91.0,83.0,,152.0,,,513.0,,22.0,49.0,,,,,,,,,,,0.0,,0.0,,1.0,10092.6,,,,,,,,,,,,,,,,7691287.0,,,,,,,,,,,,,,,,,,,,,,,,,,,,,,,,,""
5277085283,"May 11, 2021, 7:11:49 AM",Lento,Run,"",2554,8.01,177.0,53,false,,Kiprun KS Light,activities/5621965915.fit.gz,,,2554.0,2554.0,8013.4,4.5,3.138,88.0,109.0,215.4,283.0,10.4,-0.3,,,90.0,83.0,,157.0,,,455.0,,19.0,53.0,,,,,,,,,,,0.0,,0.0,,1.0,8122.4,,,,,,,,,,,,,,,,7691287.0,,,,,,,,,,,,,,,,,,,,,,,,,,,,,,,,,""
5239804679,"May 4, 2021, 10:11:15 AM",Lento,Run,"",2940,9.01,158.0,34,false,,Kiprun KS Light,activities/5582991500.fit.gz,,,2940.0,2913.0,9009.1,4.9,3.093,119.0,159.0,205.2,285.2,34.9,-0.5,,,91.0,83.0,,149.0,,,508.0,,22.0,34.0,,,,,,,,,,,0.0,,0.0,,1.0,9234.6,,,,,,,,,,,,,,,,7691287.0,,,,,,,,,,,,,,,,,,,,,,,,,,,,,,,,,""
5231679679,"May 2, 2021, 4:21:00 PM",Lento-Collinare,Run,"",3638,11.37,181.0,62,false,,Kiprun KS Light,activities/5574527057.fit.gz,,,3638.0,3638.0,11370.2,4.6,3.125,305.0,329.0,116.8,276.8,46.8,-0.2,,,90.0,84.0,,153.0,,,642.0,,20.0,62.0,,,,,,,,,,,0.0,,0.0,,1.0,12361.5,,,,,,,,,,,,,,,,7691287.0,,,,,,,,,,,,,,,,,,,,,,,,,,,,,,,,,""
5218034447,"Apr 30, 2021, 12:39:24 PM",Medio,Run,"",3312,10.67,182.0,77,false,,Kiprun KS Light,activities/5560335726.fit.gz,,,3312.0,3144.0,10678.5,4.9,3.396,286.0,295.0,229.8,296.4,43.0,0.0,,,120.0,84.0,,161.0,,,579.0,,25.0,77.0,,,,,,,,,,,0.0,,0.0,,1.0,11686.8,,,,,,,,,,,,,,,,7691287.0,,,,,,,,,,,,,,,,,,,,,,,,,,,,,,,,,""
5208597283,"Apr 28, 2021, 4:23:14 PM","10×400m rec. 1'30"" corsetta",Run,"",3147,10.00,182.0,67,false,,Kiprun KS Light,activities/5549976962.fit.gz,,,3147.0,3042.0,10001.3,5.6,3.288,255.0,241.0,246.6,297.6,39.6,0.2,,,91.0,84.0,,158.0,,,504.0,,18.0,67.0,,,,,,,,,,,0.0,,0.0,,1.0,10945.5,,,,,,,,,,,,,,,,7691287.0,,,,,,,,,,,,,,,,,,,,,,,,,,,,,,,,,""
5203171645,"Apr 27, 2021, 5:17:20 PM",Lento,Run,"",3067,9.36,169.0,46,false,,Kiprun KS Light,activities/5544356353.fit.gz,,,3067.0,3063.0,9361.7,5.4,3.056,279.0,302.0,207.6,279.2,46.6,-0.3,,,89.0,83.0,,150.0,,,472.0,,17.0,46.0,,,,,,,,,,,0.0,,0.0,,1.0,10615.7,,,,,,,,,,,,,,,,7691287.0,,,,,,,,,,,,,,,,,,,,,,,,,,,,,,,,,""
5189667814,"Apr 25, 2021, 6:29:26 AM",Determinazione VR,Run,"",1270,4.99,186.0,60,false,,Kiprun KS Light,activities/5530312728.tcx.gz,,,1270.0,1270.0,4998.5,5.1,3.936,8.3,4.6,40.0,44.5,15.0,0.1,,,97.0,88.0,,178.0,,,382.0,,,60.0,,,,,,,,,,,0.0,,0.0,,1.0,5024.9,,,,,,,,,,,,,,,,7691287.0,,,,,,,,,,,,,,,,,,,,,,,,,,,,,,,,,""
5189670645,"Apr 25, 2021, 6:20:37 AM",Riscaldamento,Run,"",468,1.19,157.0,1,false,,Kiprun KS Light,activities/5530315750.tcx.gz,,,468.0,468.0,1196.3,5.0,2.556,0.0,3.6,40.6,44.2,1.0,-0.3,,,91.0,79.0,,124.0,,,76.0,,,1.0,,,,,,,,,,,0.0,,0.0,,1.0,1191.5,,,,,,,,,,,,,,,,7691287.0,,,,,,,,,,,,,,,,,,,,,,,,,,,,,,,,,""
5179116885,"Apr 23, 2021, 4:33:10 PM",Corsa serale,Run,,2100,6.87,178.0,51,false,,Kiprun KS Light,activities/5519331084.tcx.gz,,,2100.0,2097.0,6874.1,5.6,3.278,65.6,68.3,227.3,271.2,14.9,0.0,,,90.0,83.0,,161.0,,,543.0,,,51.0,,,,,,,,,,,,,0.0,,1.0,7007.6,,,,,,,,,,,,,,,,7691287.0,,,,,,,,,,,,,,,,,,,,,,,,,,,,,,,,,""
5166825866,"Apr 21, 2021, 2:10:09 PM",10×300m,Run,"",2752,8.89,183.0,69,false,,Kiprun KS Light,activities/5506597782.tcx.gz,,,2752.0,2727.0,8889.9,5.7,3.26,73.4,77.2,227.3,260.0,16.5,0.0,,,94.0,86.0,,161.0,,,716.0,,,69.0,,,,,,,,,,,0.0,,0.0,,1.0,9014.9,,,,,,,,,,,,,,,,7691287.0,,,,,,,,,,,,,,,,,,,,,,,,,,,,,,,,,""
5151207191,"Apr 18, 2021, 2:42:09 PM",Lento in compagnia,Run,"",6842,12.49,181.0,62,false,,Kiprun KS Light,activities/5490365352.tcx.gz,,,6842.0,4278.0,12493.7,6.1,2.92,178.0,176.6,133.2,256.8,20.2,0.0,,,96.0,82.0,,151.0,,,1005.0,,,62.0,,,,,,,,,,,0.0,,0.0,,1.0,12788.7,,,,,,,,,,,,,,,,7691287.0,,,,,,,,,,,,,,,,,,,,,,,,,,,,,,,,,""
5138029498,"Apr 16, 2021, 5:05:32 PM",Collinare a caso,Run,"",3232,9.27,180.0,55,false,,Kiprun KS Light,activities/5476596046.tcx.gz,,,3232.0,3174.0,9273.3,5.6,2.922,173.2,185.1,117.7,260.0,38.4,-0.1,,,102.0,82.0,,153.0,,,771.0,,,55.0,,,,,,,,,,,0.0,,0.0,,1.0,9820.6,,,,,,,,,,,,,,,,7691287.0,,,,,,,,,,,,,,,,,,,,,,,,,,,,,,,,,""
5129720221,"Apr 14, 2021, 2:55:22 PM",Corsa pomeridiana,Run,"",4068,6.49,,,false,,Kiprun KS Light,activities/5467953866.tcx.gz,,,4068.0,3121.0,6495.3,5.9,2.081,64.0,89.0,113.1,183.2,14.3,-0.4,,,103.0,69.0,,,,,476.0,,,,,,,,,,,,,,0.0,,0.0,,1.0,6506.4,,,,,,,,,,,,,,,,7691287.0,,,,,,,,,,,,,,,,,,,,,,,,,,,,,,,,,""
5103742647,"Apr 10, 2021, 3:53:35 PM",Mezza Maratona,Run,"",6145,21.10,182.0,259,false,,Kiprun KS Light,activities/5440771721.tcx.gz,,,6145.0,6145.0,21106.0,4.6,3.435,14.1,13.8,43.2,48.4,7.8,0.0,,,91.0,84.0,,175.0,,,1816.0,,,259.0,,,,,,,,,,,0.0,,0.0,,1.0,21119.9,,,,,,,,,,,,,,,,7691287.0,,,,,,,,,,,,,,,,,,,,,,,,,,,,,,,,,media/4a95557d-5cc4-4932-b7d5-c976254012f6.jpg
5103731240,"Apr 10, 2021, 3:42:37 PM",Corsa pomeridiana,Run,,438,1.26,168.0,5,false,,Kiprun KS Light,activities/5440760355.tcx.gz,,,438.0,413.0,1260.0,5.4,3.051,0.0,0.1,45.9,47.8,9.9,0.0,,,86.0,82.0,,151.0,,,102.0,,,5.0,,,,,,,,,,,,,0.0,,1.0,1263.3,,,,,,,,,,,,,,,,7691287.0,,,,,,,,,,,,,,,,,,,,,,,,,,,,,,,,,""
5103745714,"Apr 9, 2021, 8:38:04 AM",Corsa mattutina,Run,,1943,5.22,169.0,28,false,,Kiprun KS Light,activities/5440775349.tcx.gz,,,1943.0,1796.0,5224.2,4.2,2.909,58.6,66.7,227.3,271.0,28.3,-0.2,,,91.0,82.0,,150.0,,,421.0,,,28.0,,,,,,,,,,,,,0.0,,1.0,5337.7,,,,,,,,,,,,,,,,7691287.0,,,,,,,,,,,,,,,,,,,,,,,,,,,,,,,,,""
5093152039,"Apr 7, 2021, 4:52:50 PM",Lento,Run,"",2281,6.84,162.0,30,false,,Kiprun KS Light,activities/5429689569.tcx.gz,,,2281.0,2236.0,6843.8,4.9,3.061,65.5,66.5,227.3,271.1,13.1,0.0,,,88.0,82.0,,150.0,,,522.0,,,30.0,,,,,,,,,,,0.0,,0.0,,1.0,6976.1,,,,,,,,,,,,,,,,7691287.0,,,,,,,,,,,,,,,,,,,,,,,,,,,,,,,,,""
5062766300,"Apr 3, 2021, 3:55:27 PM",Giro pomeridiano,Ride,,651,4.01,,,false,,Scott Addict,activities/5397903896.tcx.gz,,8.5,651.0,600.0,4016.0,16.2,6.693,51.6,34.5,222.3,246.3,34.1,0.4,,,,,,,,151.0,138.0,,,,,,,,,,,,,,,,0.0,,1.0,,,,,,,,,,,,,,,,8484514.0,,,,,,,,,,,,,,,,,,,,,,,,,,,,,,,,,,""
5056747774,"Apr 2, 2021, 3:59:03 PM",Ritmo medio,Run,"",2702,9.10,176.0,66,false,,Kiprun KS Light,activities/5391575567.tcx.gz,,,2702.0,2702.0,9102.1,5.6,3.369,90.4,100.6,227.3,271.2,18.3,-0.1,,,90.0,83.0,,161.0,,,703.0,,,66.0,,,,,,,,,,,0.0,,0.0,,1.0,9252.7,,,,,,,,,,,,,,,,7691287.0,,,,,,,,,,,,,,,,,,,,,,,,,,,,,,,,,""
5045094522,"Mar 31, 2021, 4:35:56 PM",Interval Training (FC scazzata),Run,"",2221,7.04,201.0,49,false,,Kiprun KS Light,activities/5379342713.tcx.gz,,,2221.0,2087.0,7045.1,4.9,3.376,66.6,73.9,227.3,271.0,15.2,-0.1,,,91.0,84.0,,159.0,,,544.0,,,49.0,,,,,,,,,,,0.0,,0.0,,1.0,7179.0,,,,,,,,,,,,,,,,7691287.0,,,,,,,,,,,,,,,,,,,,,,,,,,,,,,,,,""
5032985282,"Mar 29, 2021, 4:54:19 PM",Lento breve,Run,"",3305,10.46,160.0,38,false,,Kiprun KS Light,activities/5366700655.tcx.gz,,,3305.0,3299.0,10461.3,5.1,3.171,99.0,98.8,227.3,271.0,12.6,0.0,,,88.0,83.0,,149.0,,,755.0,,,38.0,,,,,,,,,,,0.0,,0.0,,1.0,10651.3,,,,,,,,,,,,,,,,7691287.0,,,,,,,,,,,,,,,,,,,,,,,,,,,,,,,,,""
5025074846,"Mar 28, 2021, 9:46:33 AM",Lento,Run,"",4196,13.09,219.0,203,false,,Kiprun KS Light,activities/5358383785.tcx.gz,,,4196.0,4190.0,13096.1,4.0,3.126,84.9,86.0,104.7,182.9,6.9,0.0,,,90.0,83.0,,189.0,,,841.0,,,203.0,,,,,,,,,,,0.0,,0.0,,1.0,13159.5,,,,,,,,,,,,,,,,7691287.0,,,,,,,,,,,,,,,,,,,,,,,,,,,,,,,,,""
5014517003,"Mar 26, 2021, 4:08:10 PM",Medio breve,Run,"",2671,8.91,173.0,65,false,,Kiprun KS Light,activities/5347256240.tcx.gz,,,2671.0,2667.0,8909.2,4.9,3.341,98.9,98.2,227.3,271.5,16.9,0.0,,,97.0,84.0,,161.0,,,694.0,,,65.0,,,,,,,,,,,0.0,,0.0,,1.0,9101.7,,,,,,,,,,,,,,,,7691287.0,,,,,,,,,,,,,,,,,,,,,,,,,,,,,,,,,""
5003517231,"Mar 24, 2021, 5:06:08 PM",Interval Training,Run,"",2103,7.09,184.0,52,false,,ASICS DS Trainer 23,activities/5335712953.tcx.gz,,,2103.0,2089.0,7095.1,4.7,3.396,66.4,76.2,227.3,271.0,15.0,-0.1,,,94.0,86.0,,161.0,,,545.0,,,52.0,,,,,,,,,,,0.0,,0.0,,1.0,7205.2,,,,,,,,,,,,,,,,7503783.0,,,,,,,,,,,,,,,,,,,,,,,,,,,,,,,,,""
4992308956,"Mar 22, 2021, 6:40:14 PM",Lento,Run,"",3146,10.03,157.0,37,false,,Kiprun KS Light,activities/5323993978.tcx.gz,,,3146.0,3146.0,10030.2,3.8,3.188,64.0,64.9,117.7,183.0,3.8,0.0,,,88.0,83.0,,149.0,,,727.0,,,37.0,,,,,,,,,,,,,0.0,,1.0,10072.9,,,,,,,,,,,,,,,,7691287.0,,,,,,,,,,,,,,,,,,,,,,,,,,,,,,,,,""
4984082249,"Mar 21, 2021, 10:18:16 AM",Lungo lento,Run,"",6397,18.99,164.0,93,false,,Kiprun KS Light,activities/5315367064.tcx.gz,,,6397.0,6384.0,18993.9,4.6,2.975,86.0,80.7,78.2,135.3,19.5,0.0,,,101.0,83.0,,151.0,,,1509.0,,,93.0,,,,,,,,,,,0.0,,0.0,,1.0,19127.0,,,,,,,,,,,,,,,,7691287.0,,,,,,,,,,,,,,,,,,,,,,,,,,,,,,,,,""
4973825769,"Mar 19, 2021, 4:51:06 PM",Medio,Run,"",3342,11.00,173.0,87,false,,Kiprun KS Light,activities/5304634016.tcx.gz,,,3342.0,3304.0,11004.5,5.0,3.331,90.0,93.4,227.3,271.0,20.7,0.0,,,94.0,86.0,,162.0,,,869.0,,,87.0,,,,,,,,,,,0.0,,0.0,,1.0,11174.7,,,,,,,,,,,,,,,,7691287.0,,,,,,,,,,,,,,,,,,,,,,,,,,,,,,,,,""
4952525595,"Mar 15, 2021, 6:00:03 PM",Medio (con metronomo 172bpm),Run,"",4260,14.17,173.0,105,false,,Kiprun KS Light,activities/5282385422.tcx.gz,,,4260.0,4178.0,14175.4,6.7,3.393,88.7,89.6,104.5,182.9,10.3,0.0,,,96.0,86.0,,161.0,,,1089.0,,,105.0,,,,,,,,,,,0.0,,0.0,,1.0,14237.3,,,,,,,,,,,,,,,,7691287.0,,,,,,,,,,,,,,,,,,,,,,,,,,,,,,,,,media/17bbf790-e0a1-4bd4-8c97-59dd9e6e73bd.jpg
4925374543,"Mar 10, 2021, 5:59:40 PM",Medio,Run,"",4264,14.00,172.0,106,false,,Kiprun KS Light,activities/5253723199.tcx.gz,,,4264.0,4209.0,14004.3,4.2,3.327,86.6,86.9,96.0,182.9,3.8,0.0,,,92.0,83.0,,161.0,,,1093.0,,,106.0,,,,,,,,,,,0.0,,0.0,,1.0,14066.1,,,,,,,,,,,,,,,,7691287.0,,,,,,,,,,,,,,,,,,,,,,,,,,,,,,,,,""
4906196155,"Mar 7, 2021, 10:27:49 AM",Lungo lento,Run,"",4204,13.01,166.0,57,false,,Kiprun KS Light,activities/5233469564.tcx.gz,,,4204.0,4189.0,13013.0,5.7,3.106,58.2,57.6,52.9,78.1,15.2,0.0,,,98.0,83.0,,151.0,,,984.0,,,57.0,,,,,,,,,,,0.0,,0.0,,1.0,13101.4,,,,,,,,,,,,,,,,7691287.0,,,,,,,,,,,,,,,,,,,,,,,,,,,,,,,,,""
4895356490,"Mar 5, 2021, 3:16:03 PM",Interval Training (4'+2') x 2,Run,"",1816,6.10,181.0,42,false,,Kiprun KS Light,activities/5222002336.tcx.gz,,,1816.0,1795.0,6107.4,5.2,3.402,4.7,7.1,42.4,47.7,4.7,0.0,,,90.0,84.0,,160.0,,,463.0,,,42.0,,,,,,,,,,,0.0,,0.0,,1.0,6108.3,,,,,,,,,,,,,,,,7691287.0,,,,,,,,,,,,,,,,,,,,,,,,,,,,,,,,,""
4873456418,"Mar 1, 2021, 6:06:22 PM",Medio,Run,"",3640,12.00,168.0,67,false,,Kiprun KS Light,activities/5199141545.tcx.gz,,,3640.0,3553.0,12007.2,5.6,3.379,108.8,111.8,227.3,271.2,28.7,0.0,,,97.0,84.0,,154.0,,,866.0,,,67.0,,,,,,,,,,,0.0,,0.0,,1.0,12210.3,,,,,,,,,,,,,,,,7691287.0,,,,,,,,,,,,,,,,,,,,,,,,,,,,,,,,,""
4864667733,"Feb 28, 2021, 10:15:38 AM",Lungo lento,Run,"",5556,16.84,167.0,82,false,,Kiprun KS Light,activities/5189065726.tcx.gz,,,5556.0,5490.0,16842.2,4.6,3.068,69.2,69.9,78.2,132.2,18.3,0.0,,,103.0,83.0,,151.0,,,1304.0,,,82.0,,,,,,,,,,,0.0,,0.0,,1.0,16925.2,,,,,,,,,,,,,,,,7691287.0,,,,,,,,,,,,,,,,,,,,,,,,,,,,,,,,,""
4855028383,"Feb 26, 2021, 5:56:07 AM",Medio breve,Run,"",2395,8.17,167.0,48,false,,Kiprun KS Light,activities/5178879895.tcx.gz,,,2395.0,2385.0,8170.7,5.1,3.426,93.7,93.8,227.3,284.5,12.0,0.0,,,91.0,85.0,,155.0,,,590.0,,,48.0,,,,,,,,,,,0.0,,0.0,,1.0,8366.2,,,,,,,,,,,,,,,,7691287.0,,,,,,,,,,,,,,,,,,,,,,,,,,,,,,,,,""
4843553254,"Feb 24, 2021, 6:19:35 PM",Interval Training (5'+2')*3,Run,"",2384,8.12,182.0,56,false,,Kiprun KS Light,activities/5166928067.tcx.gz,,,2384.0,2384.0,8128.6,4.7,3.41,54.9,54.9,118.7,173.7,3.8,0.0,,,92.0,84.0,,160.0,,,616.0,,,56.0,,,,,,,,,,,0.0,,0.0,,1.0,8165.8,,,,,,,,,,,,,,,,7691287.0,,,,,,,,,,,,,,,,,,,,,,,,,,,,,,,,,""
4831718955,"Feb 22, 2021, 5:48:04 PM",Medio,Run,"",4203,13.80,172.0,104,false,,Kiprun KS Light,activities/5154648432.tcx.gz,,,4203.0,4192.0,13803.7,4.1,3.293,84.8,85.7,104.7,182.9,4.3,0.0,,,87.0,82.0,,161.0,,,1089.0,,,104.0,,,,,,,,,,,0.0,,0.0,,1.0,13862.7,,,,,,,,,,,,,,,,7691287.0,,,,,,,,,,,,,,,,,,,,,,,,,,,,,,,,,""
4826493174,"Feb 21, 2021, 4:46:05 PM",Lungo lento,Run,"",5053,14.72,165.0,68,false,,Kiprun KS Light,activities/5149190298.tcx.gz,,,5053.0,5043.0,14726.3,4.9,2.92,168.9,166.5,211.9,284.7,18.6,0.0,,,96.0,81.0,,150.0,,,1179.0,,,68.0,,,,,,,,,,,0.0,,0.0,,1.0,15070.5,,,,,,,,,,,,,,,,7691287.0,,,,,,,,,,,,,,,,,,,,,,,,,,,,,,,,,""
4813423403,"Feb 19, 2021, 5:43:11 PM",Medio breve,Run,"",2438,7.41,170.0,39,false,,Kiprun KS Light,activities/5135585526.tcx.gz,,,2438.0,2383.0,7412.6,5.6,3.111,110.7,106.9,211.9,249.6,18.3,0.1,,,91.0,83.0,,153.0,,,574.0,,,39.0,,,,,,,,,,,0.0,,0.0,,1.0,7650.9,,,,,,,,,,,,,,,,7691287.0,,,,,,,,,,,,,,,,,,,,,,,,,,,,,,,,,""
4802373892,"Feb 17, 2021, 3:02:01 PM",Scarico con la Salva,Run,"",816,1.83,144.0,3,false,,Kiprun KS Light,activities/5124159833.tcx.gz,,,816.0,811.0,1836.5,3.3,2.264,3.4,2.3,44.2,47.7,6.8,0.1,,,88.0,78.0,,133.0,,,154.0,,,3.0,,,,,,,,,,,0.0,,0.0,,1.0,1842.7,,,,,,,,,,,,,,,,7691287.0,,,,,,,,,,,,,,,,,,,,,,,,,,,,,,,,,""
4802379229,"Feb 17, 2021, 2:18:37 PM",Interval Training 3×(5'+2'),Run,"",2402,7.81,185.0,64,false,,Kiprun KS Light,activities/5124165167.tcx.gz,,,2402.0,2399.0,7810.2,4.8,3.256,7.0,7.7,40.8,46.1,7.1,0.0,,,91.0,84.0,,163.0,,,637.0,,,64.0,,,,,,,,,,,0.0,,0.0,,1.0,7821.7,,,,,,,,,,,,,,,,7691287.0,,,,,,,,,,,,,,,,,,,,,,,,,,,,,,,,,""
4792714371,"Feb 15, 2021, 6:10:44 PM",Medio,Run,"",3868,11.53,173.0,90,false,,Kiprun KS Light,activities/5114175649.tcx.gz,,,3868.0,3850.0,11536.0,5.6,2.996,145.3,144.9,213.3,246.3,42.5,0.0,,,91.0,83.0,,160.0,,,988.0,,,90.0,,,,,,,,,,,0.0,,0.0,,1.0,11806.5,,,,,,,,,,,,,,,,7691287.0,,,,,,,,,,,,,,,,,,,,,,,,,,,,,,,,,""
4785413486,"Feb 14, 2021, 10:33:17 AM",Lungo lento,Run,"",4158,12.01,166.0,57,false,,Kiprun KS Light,activities/5106597190.tcx.gz,,,4158.0,4015.0,12009.4,3.8,2.991,77.3,78.0,104.7,182.8,4.0,0.0,,,89.0,83.0,,151.0,,,942.0,,,57.0,,,,,,,,,,,0.0,,0.0,,1.0,12065.4,,,,,,,,,,,,,,,,7691287.0,,,,,,,,,,,,,,,,,,,,,,,,,,,,,,,,,""
4769733477,"Feb 10, 2021, 4:19:16 PM",Interval Training,Run,"",1806,5.71,183.0,36,false,,Kiprun KS Light,activities/5090323719.tcx.gz,,,1806.0,1779.0,5711.7,6.7,3.211,49.3,61.1,227.3,260.0,12.3,-0.2,,,94.0,85.0,,156.0,,,447.0,,,36.0,,,,,,,,,,,0.0,,0.0,,1.0,5795.1,,,,,,,,,,,,,,,,7691287.0,,,,,,,,,,,,,,,,,,,,,,,,,,,,,,,,,""
4755640643,"Feb 8, 2021, 3:22:20 PM",Corsa pomeridiana,Run,,2169,6.86,171.0,48,false,,Kiprun KS Light,activities/5075738729.tcx.gz,,,2169.0,2165.0,6868.9,5.1,3.173,66.7,68.1,227.3,271.0,11.4,0.0,,,91.0,84.0,,158.0,,,548.0,,,48.0,,,,,,,,,,,,,0.0,,1.0,7001.1,,,,,,,,,,,,,,,,7691287.0,,,,,,,,,,,,,,,,,,,,,,,,,,,,,,,,,""
4749517655,"Feb 7, 2021, 9:57:07 AM",Lungo lento,Run,"",4715,13.59,158.0,61,false,,Kiprun KS Light,activities/5069363498.tcx.gz,,,4715.0,4621.0,13594.4,5.2,2.942,53.5,49.9,78.2,122.4,27.9,0.0,,,105.0,83.0,,150.0,,,1076.0,,,61.0,,,,,,,,,,,0.0,,0.0,,1.0,13673.5,,,,,,,,,,,,,,,,7691287.0,,,,,,,,,,,,,,,,,,,,,,,,,,,,,,,,,""
4737223844,"Feb 5, 2021, 6:06:21 AM",Medio breve,Run,"",2288,6.50,172.0,44,false,,Kiprun KS Light,activities/5056576826.tcx.gz,,,2288.0,2116.0,6503.3,5.1,3.073,65.0,67.6,227.3,271.0,13.0,0.0,,,91.0,83.0,,157.0,,,531.0,,,44.0,,,,,,,,,,,0.0,,0.0,,1.0,6649.1,,,,,,,,,,,,,,,,7691287.0,,,,,,,,,,,,,,,,,,,,,,,,,,,,,,,,,""
4728297268,"Feb 3, 2021, 3:22:25 PM",Interval Training 5'+2',Run,"",2121,6.43,184.0,44,false,,Kiprun KS Light,activities/5047358406.tcx.gz,,,2121.0,2105.0,6433.6,5.5,3.056,64.1,73.5,227.3,268.2,12.9,-0.1,,,91.0,83.0,,157.0,,,534.0,,,44.0,,,,,,,,,,,0.0,,0.0,,1.0,6542.1,,,,,,,,,,,,,,,,7691287.0,,,,,,,,,,,,,,,,,,,,,,,,,,,,,,,,,""
4722728901,"Feb 2, 2021, 3:23:59 PM",Medio,Run,"",3903,11.64,178.0,104,false,,Kiprun KS Light,activities/5041590197.tcx.gz,,,3903.0,3878.0,11645.4,5.2,3.003,139.3,145.4,212.0,271.0,13.1,-0.1,,,94.0,83.0,,163.0,,,1032.0,,,104.0,,,,,,,,,,,0.0,,0.0,,1.0,11887.7,,,,,,,,,,,,,,,,7691287.0,,,,,,,,,,,,,,,,,,,,,,,,,,,,,,,,,""
4706542632,"Jan 30, 2021, 3:06:36 PM",Lungo lento,Run,"",4606,12.20,165.0,60,false,,Kiprun KS Light,activities/5024717079.tcx.gz,,,4606.0,4451.0,12208.8,5.8,2.743,54.4,54.4,52.9,78.6,50.0,0.0,,,96.0,82.0,,150.0,,,1041.0,,,60.0,,,,,,,,,,,0.0,,0.0,,1.0,12303.1,,,,,,,,,,,,,,,,7691287.0,,,,,,,,,,,,,,,,,,,,,,,,,,,,,,,,,""
4706533428,"Jan 28, 2021, 2:01:27 PM",Giro pomeridiano,Ride,,4989,19.26,,,false,,Scott Addict,activities/5024707710.tcx.gz,,8.5,4989.0,4573.0,19263.2,15.7,4.212,331.2,330.3,40.0,242.8,29.0,0.0,,,,,,,,76.0,829.0,,,,,,,,,,,,,,,,0.0,,1.0,,,,,,,,,,,,,,,,8484514.0,,,,,,,,,,,,,,,,,,,,,,,,,,,,,,,,,,""
4679675366,"Jan 25, 2021, 2:53:43 PM",Medio,Run,Scarsetto,3304,9.61,177.0,92,false,,Kiprun KS Light,activities/4996808477.tcx.gz,,,3304.0,3291.0,9618.5,5.1,2.923,9.4,10.3,41.4,47.5,11.2,0.0,,,88.0,82.0,,165.0,,,891.0,,,92.0,,,,,,,,,,,0.0,,0.0,,1.0,9635.3,,,,,,,,,,,,,,,,7691287.0,,,,,,,,,,,,,,,,,,,,,,,,,,,,,,,,,""
4672635133,"Jan 24, 2021, 10:01:01 AM",Lento,Run,"",2702,7.64,158.0,42,false,,Kiprun KS Light,activities/4989458524.tcx.gz,,,2702.0,2702.0,7640.3,4.1,2.828,37.0,34.2,62.4,99.6,3.3,0.0,,,87.0,83.0,,151.0,,,633.0,,,42.0,,,,,,,,,,,0.0,,0.0,,1.0,7666.2,,,,,,,,,,,,,,,,7691287.0,,,,,,,,,,,,,,,,,,,,,,,,,,,,,,,,,""
4662107833,"Jan 22, 2021, 12:09:46 PM",Medio breve,Run,"",1803,4.99,172.0,32,false,,Kiprun KS Light,activities/4978472895.tcx.gz,,,1803.0,1793.0,4993.2,5.5,2.785,64.8,62.5,227.3,246.3,23.0,0.0,,,98.0,81.0,,153.0,,,430.0,,,32.0,,,,,,,,,,,0.0,,0.0,,1.0,5126.9,,,,,,,,,,,,,,,,7691287.0,,,,,,,,,,,,,,,,,,,,,,,,,,,,,,,,,""
4652569680,"Jan 20, 2021, 3:10:32 PM",Interval Training 4'+2',Run,"",1833,5.36,182.0,31,false,,Kiprun KS Light,activities/4968561553.tcx.gz,,,1833.0,1774.0,5359.5,6.1,3.021,45.6,56.2,227.3,260.0,13.8,-0.2,,,94.0,84.0,,155.0,,,440.0,,,31.0,,,,,,,,,,,0.0,,0.0,,1.0,5441.0,,,,,,,,,,,,,,,,7691287.0,,,,,,,,,,,,,,,,,,,,,,,,,,,,,,,,,""
4641810189,"Jan 18, 2021, 3:33:25 PM",Corsa pomeridiana,Run,"",2105,6.09,174.0,41,false,,Kiprun KS Light,activities/4957393882.tcx.gz,,,2105.0,2083.0,6092.2,5.8,2.925,65.3,66.5,227.3,260.0,16.0,0.0,,,88.0,82.0,,156.0,,,521.0,,,41.0,,,,,,,,,,,0.0,,0.0,,1.0,6237.7,,,,,,,,,,,,,,,,7691287.0,,,,,,,,,,,,,,,,,,,,,,,,,,,,,,,,,""
4637155960,"Jan 17, 2021, 3:13:58 PM",Corsa pomeridiana,Run,"",4204,11.60,170.0,65,false,,Kiprun KS Light,activities/4952519663.tcx.gz,,,4204.0,4183.0,11602.1,3.6,2.774,75.8,77.9,101.8,173.7,4.0,0.0,,,87.0,82.0,,153.0,,,1009.0,,,65.0,,,,,,,,,,,0.0,,0.0,,1.0,11653.4,,,,,,,,,,,,,,,,7691287.0,,,,,,,,,,,,,,,,,,,,,,,,,,,,,,,,,""
4625008329,"Jan 15, 2021, 3:20:39 PM",Medio zona 3,Run,"",2105,5.77,173.0,33,false,,Kiprun KS Light,activities/4939865689.tcx.gz,,,2105.0,2089.0,5774.2,5.4,2.764,72.4,77.8,227.3,246.3,11.5,-0.1,,,98.0,82.0,,152.0,,,498.0,,,33.0,,,,,,5.0,,,,,0.0,37.0,0.0,,1.0,5903.6,,,,,,,,,,,,,,,,7691287.0,,,,,,,,,,,,,,,,,,,,,,,,,,,,,,,,,""
4614455045,"Jan 13, 2021, 2:56:14 PM",Interval training 4' FC zona 4-5,Run,"",1804,5.12,187.0,39,false,,Kiprun KS Light,activities/4928848022.tcx.gz,,,1804.0,1778.0,5121.9,4.9,2.881,45.5,54.1,227.3,260.0,12.8,-0.2,,,94.0,83.0,,158.0,,,456.0,,,39.0,,,,,,6.0,,,,,0.0,46.0,0.0,,1.0,5208.4,,,,,,,,,,,,,,,,7691287.0,,,,,,,,,,,,,,,,,,,,,,,,,,,,,,,,,""
4609447334,"Jan 12, 2021, 3:22:15 PM",Medio,Run,"",3303,9.27,173.0,88,false,,Kiprun KS Light,activities/4923621067.tcx.gz,,,3303.0,3284.0,9277.6,5.8,2.825,108.8,112.1,221.0,271.0,12.2,0.0,,,88.0,82.0,,163.0,,,877.0,,,88.0,,,,,,7.0,,,,,0.0,104.0,0.0,,1.0,9479.2,,,,,,,,,,,,,,,,7691287.0,,,,,,,,,,,,,,,,,,,,,,,,,,,,,,,,,""
4577441842,"Jan 6, 2021, 3:37:59 PM",Interval training 4' FC zona 4-5,Run,"",2348,6.37,188.0,40,false,,ASICS DS Trainer 23,activities/4890092065.tcx.gz,,,2348.0,2345.0,6375.1,5.0,2.719,65.3,62.2,227.3,271.0,12.0,0.0,,,94.0,84.0,,154.0,,,569.0,,,40.0,,,,,,,,,,,0.0,,0.0,,1.0,6509.8,,,,,,,,,,,,,,,,7503783.0,,,,,,,,,,,,,,,,,,,,,,,,,,,,,,,,,""
4571645502,"Jan 5, 2021, 3:20:38 PM",Medio FC zona 3,Run,"",2449,6.90,176.0,58,false,,ASICS DS Trainer 23,activities/4884025738.tcx.gz,,,2449.0,2443.0,6902.9,4.1,2.826,68.8,68.5,227.3,271.0,12.8,0.0,,,90.0,84.0,,160.0,,,631.0,,,58.0,,,,,,,,,,,0.0,,0.0,,1.0,7040.7,,,,,,,,,,,,,,,,7503783.0,,,,,,,,,,,,,,,,,,,,,,,,,,,,,,,,,""
4561789878,"Jan 3, 2021, 3:06:25 PM",Lento: 40' FC zona 2 + 30' FC zona 3,Run,"",5127,12.88,185.0,101,false,,ASICS DS Trainer 23,activities/4873641258.tcx.gz,,,5127.0,5061.0,12881.2,3.7,2.545,63.7,56.7,78.2,118.7,23.0,0.1,,,96.0,83.0,,156.0,,,1264.0,,,101.0,,,,,,,,,,,0.0,,0.0,,1.0,12974.0,,,,,,,,,,,,,,,,7503783.0,,,,,,,,,,,,,,,,,,,,,,,,,,,,,,,,,""
4554951774,"Jan 2, 2021, 2:46:20 PM",Corsa pomeridiana,Run,,2595,6.60,187.0,54,false,,ASICS DS Trainer 23,activities/4866440554.tcx.gz,,,2595.0,2566.0,6603.6,5.2,2.573,65.7,66.2,227.3,271.0,22.2,0.0,,,95.0,78.0,,155.0,,,633.0,,,54.0,,,,,,,,,,,,,0.0,,1.0,6734.9,,,,,,,,,,,,,,,,7503783.0,,,,,,,,,,,,,,,,,,,,,,,,,,,,,,,,,""
4545311235,"Dec 31, 2020, 3:53:47 PM",Corsa pomeridiana,Run,,2707,7.43,175.0,63,false,,ASICS DS Trainer 23,activities/4856225252.tcx.gz,,,2707.0,2690.0,7434.0,6.3,2.764,82.0,81.7,227.3,253.0,12.3,0.0,,,97.0,82.0,,161.0,,,701.0,,,63.0,,,,,,,,,,,,,0.0,,1.0,7607.6,,,,,,,,,,,,,,,,7503783.0,,,,,,,,,,,,,,,,,,,,,,,,,,,,,,,,,""
4534897441,"Dec 29, 2020, 3:15:10 PM",Corsa pomeridiana,Run,,2741,7.23,173.0,60,false,,ASICS DS Trainer 23,activities/4845172265.tcx.gz,,,2741.0,2679.0,7236.0,4.2,2.701,79.1,75.8,227.3,271.0,21.9,0.0,,,91.0,83.0,,159.0,,,686.0,,,60.0,,,,,,,,,,,,,0.0,,1.0,7408.5,,,,,,,,,,,,,,,,7503783.0,,,,,,,,,,,,,,,,,,,,,,,,,,,,,,,,,""
4524028362,"Dec 27, 2020, 10:28:26 AM",Corsa dell'ora di pranzo,Run,,4204,11.33,187.0,121,false,,ASICS DS Trainer 23,activities/4833672155.tcx.gz,,,4204.0,4182.0,11331.3,6.8,2.71,113.6,111.3,44.1,70.6,17.6,0.0,,,103.0,83.0,,165.0,,,1131.0,,,121.0,,,,,,,,,,,,,0.0,,1.0,11634.2,,,,,,,,,,,,,,,,7503783.0,,,,,,,,,,,,,,,,,,,,,,,,,,,,,,,,,""
4513258658,"Dec 24, 2020, 3:53:16 PM",Corsa pomeridiana,Run,,2102,6.03,220.0,23,false,,ASICS DS Trainer 23,activities/4822219839.tcx.gz,,,2102.0,2087.0,6037.3,4.4,2.893,62.3,70.0,227.3,260.0,12.4,-0.1,,,90.0,83.0,,136.0,,,460.0,,,23.0,,,,,,,,,,,,,0.0,,1.0,6150.9,,,,,,,,,,,,,,,,7503783.0,,,,,,,,,,,,,,,,,,,,,,,,,,,,,,,,,""
4500437040,"Dec 21, 2020, 1:37:34 PM",Corsa pomeridiana,Run,,2485,6.40,218.0,67,false,,,activities/4808695494.tcx.gz,,,2485.0,2371.0,6405.8,4.5,2.702,65.4,67.0,227.3,271.0,13.0,0.0,,,90.0,80.0,,151.0,,,595.0,,,67.0,,,,,,,,,,,,,0.0,,1.0,6504.5,,,,,,,,,,,,,,,,,,,,,,,,,,,,,,,,,,,,,,,,,,,,,,,,,""
4497116730,"Dec 20, 2020, 3:04:03 PM",Corsa pomeridiana,Run,,3928,10.74,178.0,135,false,,,activities/4805159778.tcx.gz,,,3928.0,3888.0,10746.5,3.8,2.764,63.4,64.1,117.7,182.7,7.1,0.0,,,88.0,82.0,,160.0,,,967.0,,,135.0,,,,,,,,,,,,,0.0,,1.0,10792.6,,,,,,,,,,,,,,,,,,,,,,,,,,,,,,,,,,,,,,,,,,,,,,,,,""
4484366923,"Dec 17, 2020, 3:08:38 PM",Corsa pomeridiana,Run,,2252,6.07,190.0,84,false,,,activities/4791710621.tcx.gz,,,2252.0,2099.0,6071.5,4.8,2.893,61.1,50.8,227.3,273.5,16.2,0.2,,,94.0,84.0,,165.0,,,553.0,,,84.0,,,,,,,,,,,,,0.0,,1.0,6211.2,,,,,,,,,,,,,,,,,,,,,,,,,,,,,,,,,,,,,,,,,,,,,,,,,""
4471803329,"Dec 14, 2020, 3:24:46 PM",Corsa pomeridiana,Run,,2625,5.36,204.0,66,false,,,activities/4778470481.tcx.gz,,,2625.0,1916.0,5365.1,3.8,2.8,50.3,56.7,227.3,271.0,7.5,-0.1,,,92.0,84.0,,161.0,,,621.0,,,66.0,,,,,,,,,,,,,0.0,,1.0,5377.7,,,,,,,,,,,,,,,,,,,,,,,,,,,,,,,,,,,,,,,,,,,,,,,,,""
4469342111,"Dec 13, 2020, 6:38:59 PM",Corsa serale,Run,,2760,7.35,188.0,86,false,,,activities/4775864568.tcx.gz,,,2760.0,2703.0,7354.6,5.6,2.721,69.6,73.4,223.4,246.3,16.7,-0.1,,,107.0,81.0,,159.0,,,668.0,,,86.0,,,,,,,,,,,,,0.0,,1.0,7464.5,,,,,,,,,,,,,,,,,,,,,,,,,,,,,,,,,,,,,,,,,,,,,,,,,""
4463981947,"Dec 11, 2020, 9:28:40 PM",Attività notturna,Workout,,498,0,,,false,,,activities/4770214455.tcx.gz,,,498.0,498.0,0.0,0.0,0.0,0.0,,,,0.0,0.0,,,,,,,,,18.0,,,,,,,,,,,,,,,,0.0,,1.0,,,,,,,,,,,,,,,,,,,,,,,,,,,,,,,,,,,,,,,,,,,,,,,,,,""
4458751406,"Dec 11, 2020, 3:12:14 PM",Corsa pomeridiana,Run,,2450,5.92,235.0,82,false,,,activities/4764696912.tcx.gz,,,2450.0,2366.0,5922.1,4.0,2.503,111.5,117.1,184.0,246.1,14.0,-0.1,,,90.0,80.0,,161.0,,,606.0,,,82.0,,,,,,,,,,,,,0.0,,1.0,6146.2,,,,,,,,,,,,,,,,,,,,,,,,,,,,,,,,,,,,,,,,,,,,,,,,,""
4446597269,"Dec 8, 2020, 10:08:12 AM",Corsa dell'ora di pranzo,Run,,3984,10.38,191.0,216,false,,,activities/4751951776.tcx.gz,,,3984.0,3592.0,10388.8,5.9,2.892,207.6,200.8,92.9,246.1,15.5,0.1,,,94.0,84.0,,178.0,,,995.0,,,216.0,,,,,,,,,,,,,0.0,,1.0,10846.7,,,,,,,,,,,,,,,,,,,,,,,,,,,,,,,,,,,,,,,,,,,,,,,,,""
4436944612,"Dec 6, 2020, 10:40:15 AM",Corsa dell'ora di pranzo,Run,,2577,7.32,193.0,155,false,,,activities/4741766656.tcx.gz,,,2577.0,2522.0,7324.9,5.3,2.904,79.0,71.5,227.3,284.3,12.0,0.1,,,97.0,84.0,,180.0,,,712.0,,,155.0,,,,,,,,,,,,,0.0,,1.0,7506.8,,,,,,,,,,,,,,,,,,,,,,,,,,,,,,,,,,,,,,,,,,,,,,,,,""
4398697450,"Nov 27, 2020, 6:06:02 PM",Corsa serale,Run,,2386,5.69,182.0,72,false,,,activities/4701364875.tcx.gz,,,2386.0,2083.0,5691.5,6.0,2.732,77.8,80.7,224.3,246.1,40.6,-0.1,,,111.0,83.0,,159.0,,,491.0,,,72.0,,,,,,,,,,,,,0.0,,1.0,5852.1,,,,,,,,,,,,,,,,,,,,,,,,,,,,,,,,,,,,,,,,,,,,,,,,,""
2393899018,"May 24, 2019, 11:41:32 AM",Giro pomeridiano,Ride,,319,1.77,,,false,,,activities/2545469495.tcx.gz,66.0,,,268.0,1775.2,7.8,,4.1,,43.0,50.1,3.0,-0.1,,,,,,,,90.0,40.0,,,,,,,,,,,,,,,,,,,,,,,,,,,,,,,,,,,,,,,,,,,,,,,,,,,,,,,,,,,,,,,,,,,,""
2393898493,"May 24, 2019, 5:51:18 AM",Giro mattutino,Ride,,305,2.00,,,false,,,activities/2545468981.tcx.gz,66.0,,,305.0,2001.9,9.4,,7.1,,41.4,50.1,8.8,-0.1,,,,,,,,112.0,49.0,,,,,,,,,,,,,,,,,,,,,,,,,,,,,,,,,,,,,,,,,,,,,,,,,,,,,,,,,,,,,,,,,,,,""
2387243356,"May 20, 2019, 12:48:55 PM",Attività pomeridiana,Weight Training,,2494,0,,,false,,,activities/2538620077.tcx.gz,,,,2494.0,,0.0,,,,,,0.0,0.0,,,,,,,,,83.0,,,,,,,,,,,,,,,,,,,,,,,,,,,,,,,,,,,,,,,,,,,,,,,,,,,,,,,,,,,,,,,,,,,,""
2387246601,"May 17, 2019, 3:34:06 PM",Corsa pomeridiana,Run,,2474,5.23,,,false,,,activities/2538623277.tcx.gz,66.0,,,2043.0,5232.6,6.2,,122.7,,114.8,238.7,29.2,0.2,,,100.0,82.0,,,,,469.0,,,,,,,,,,,,,,,,,,,,,,,,,,,,,,,,,,,,,,,,,,,,,,,,,,,,,,,,,,,,,,,,,,,,""
2387247801,"May 15, 2019, 9:45:47 AM",Attività dell'ora di pranzo,Weight Training,,2740,0,,,false,,,activities/2538624558.tcx.gz,,,,2740.0,,0.0,,,,,,0.0,0.0,,,,,,,,,43.0,,,,,,,,,,,,,,,,,,,,,,,,,,,,,,,,,,,,,,,,,,,,,,,,,,,,,,,,,,,,,,,,,,,,""
2387249540,"May 14, 2019, 12:39:30 PM",Attività pomeridiana,Weight Training,,2743,0,,,false,,,activities/2538626291.tcx.gz,,,,2743.0,,0.0,,,,,,0.0,0.0,,,,,,,,,181.0,,,,,,,,,,,,,,,,,,,,,,,,,,,,,,,,,,,,,,,,,,,,,,,,,,,,,,,,,,,,,,,,,,,,""
2387247604,"May 7, 2019, 12:38:08 PM",Attività pomeridiana,Weight Training,,2802,0,,,false,,,activities/2538624368.tcx.gz,,,,2802.0,,0.0,,,,,,0.0,0.0,,,,,,,,,123.0,,,,,,,,,,,,,,,,,,,,,,,,,,,,,,,,,,,,,,,,,,,,,,,,,,,,,,,,,,,,,,,,,,,,""
2387247283,"May 6, 2019, 12:45:54 PM",Attività pomeridiana,Weight Training,,3462,0,,,false,,,activities/2538624017.tcx.gz,,,,3462.0,,0.0,,,,,,0.0,0.0,,,,,,,,,131.0,,,,,,,,,,,,,,,,,,,,,,,,,,,,,,,,,,,,,,,,,,,,,,,,,,,,,,,,,,,,,,,,,,,,""
2387247471,"May 2, 2019, 11:42:39 AM",Attività pomeridiana,Weight Training,,7252,0,,,false,,,activities/2538624201.tcx.gz,,,,7252.0,,0.0,,,,,,0.0,0.0,,,,,,,,,269.0,,,,,,,,,,,,,,,,,,,,,,,,,,,,,,,,,,,,,,,,,,,,,,,,,,,,,,,,,,,,,,,,,,,,""
2387246754,"Apr 29, 2019, 12:49:40 PM",Attività pomeridiana,Weight Training,,2123,0,,,false,,,activities/2538623493.tcx.gz,,,,2123.0,,0.0,,,,,,0.0,0.0,,,,,,,,,65.0,,,,,,,,,,,,,,,,,,,,,,,,,,,,,,,,,,,,,,,,,,,,,,,,,,,,,,,,,,,,,,,,,,,,""
2387247216,"Apr 26, 2019, 1:38:59 PM",Attività pomeridiana,Workout,,4177,0,,,false,,,activities/2538623963.tcx.gz,,,,4177.0,,0.0,,,,,,0.0,0.0,,,,,,,,,193.0,,,,,,,,,,,,,,,,,,,,,,,,,,,,,,,,,,,,,,,,,,,,,,,,,,,,,,,,,,,,,,,,,,,,""
2387245347,"Apr 17, 2019, 12:55:13 PM",Attività pomeridiana,Workout,,4224,0,,,false,,,activities/2538622055.tcx.gz,,,,4224.0,,0.0,,,,,,0.0,0.0,,,,,,,,,171.0,,,,,,,,,,,,,,,,,,,,,,,,,,,,,,,,,,,,,,,,,,,,,,,,,,,,,,,,,,,,,,,,,,,,""
2387249684,"Apr 17, 2019, 12:39:39 PM",Attività pomeridiana,Workout,,390,0,,,false,,,activities/2538626443.tcx.gz,,,,390.0,,0.0,,,,,,0.0,0.0,,,,,,,,,14.0,,,,,,,,,,,,,,,,,,,,,,,,,,,,,,,,,,,,,,,,,,,,,,,,,,,,,,,,,,,,,,,,,,,,""
2387250299,"Apr 15, 2019, 9:03:10 AM",Attività dell'ora di pranzo,Workout,,173615,0,,,false,,,activities/2538626521.tcx.gz,,,,173615.0,,0.0,,,,,,0.0,0.0,,,,,,,,,4117.0,,,,,,,,,,,,,,,,,,,,,,,,,,,,,,,,,,,,,,,,,,,,,,,,,,,,,,,,,,,,,,,,,,,,""
2387246934,"Apr 12, 2019, 1:21:58 PM",Attività pomeridiana,Workout,,3647,0,,,false,,,activities/2538623686.tcx.gz,,,,3647.0,,0.0,,,,,,0.0,0.0,,,,,,,,,230.0,,,,,,,,,,,,,,,,,,,,,,,,,,,,,,,,,,,,,,,,,,,,,,,,,,,,,,,,,,,,,,,,,,,,""
2261511243,"Jan 14, 2019, 3:02:33 PM",Corsa pomeridiana,Run,,3112,7.43,,,false,,,activities/2407717650.tcx.gz,66.0,,3112.0,2471.0,7435.5,4.2,,57.7,,225.9,284.2,16.7,-0.3,,,93.0,86.0,,,,,564.0,,,,,,,,,,,,,,,,0.0,,,,,,,,,,,,,,,,,,,,,,,,,,,,,,,,,,,,,,,,,,,,,,,,,,,,""
2261510357,"Dec 5, 2018, 10:46:58 AM",Corsa dell'ora di pranzo,Run,,371,1.54,,,false,,,activities/2407716778.tcx.gz,66.0,,371.0,325.0,1547.1,6.5,,4.2,,45.4,49.7,3.7,0.2,,,111.0,97.0,,,,,97.0,,,,,,,,,,,,,,,,0.0,,,,,,,,,,,,,,,,,,,,,,,,,,,,,,,,,,,,,,,,,,,,,,,,,,,,""
2261511605,"Nov 22, 2018, 2:21:56 PM",Corsa pomeridiana,Run,,4040,1.11,,,false,,,activities/2407718047.tcx.gz,66.0,,4040.0,446.0,1111.3,4.9,,0.0,,44.4,52.2,2.2,-0.7,,,94.0,80.0,,,,,101.0,,,,,,,,,,,,,,,,0.0,,,,,,,,,,,,,,,,,,,,,,,,,,,,,,,,,,,,,,,,,,,,,,,,,,,,""
1927882513,"Oct 24, 2018, 12:41:51 PM",Corsa pomeridiana,Run,,2114,5.96,,,false,,,activities/2063255409.tcx.gz,66.0,,2114.0,1538.0,5959.1,6.5,,13.0,,45.3,48.1,25.0,0.0,,,97.0,87.0,,,,,399.0,,,,,,,,,,,,,,,,0.0,,,,,,,,,,,,,,,,,,,,,,,,,,,,,,,,,,,,,,,,,,,,,,,,,,,,""
1927880945,"Oct 22, 2018, 1:04:37 PM",Corsa pomeridiana,Run,,3568,11.08,,,false,,,activities/2063253831.tcx.gz,66.0,,3568.0,2780.0,11087.8,5.4,,61.7,,45.4,48.8,4.7,0.0,,,97.0,87.0,,,,,710.0,,,,,,,,,,,,,,,,0.0,,,,,,,,,,,,,,,,,,,,,,,,,,,,,,,,,,,,,,,,,,,,,,,,,,,,""
2127613931,"Oct 19, 2018, 1:28:52 PM",Corsa pomeridiana,Run,,1523,3.69,,,false,,,activities/2271448706.tcx.gz,66.0,,1523.0,1257.0,3689.0,6.9,,8.4,,45.5,48.1,4.6,0.0,,,107.0,73.0,,,,,201.0,,,,,,,,,,,,,,,,0.0,,,,,,,,,,,,,,,,,,,,,,,,,,,,,,,,,,,,,,,,,,,,,,,,,,,,""
1927881418,"Oct 19, 2018, 12:25:58 PM",Corsa pomeridiana,Run,,1515,5.05,,,false,,,activities/2063254332.tcx.gz,66.0,,1515.0,1445.0,5057.5,4.5,,108.4,,45.8,154.6,20.2,0.0,,,94.0,87.0,,,,,338.0,,,,,,,,,,,,,,,,0.0,,,,,,,,,,,,,,,,,,,,,,,,,,,,,,,,,,,,,,,,,,,,,,,,,,,,""
1910558779,"Oct 17, 2018, 2:37:21 PM",Corsa pomeridiana,Run,,2079,6.39,,,false,,,activities/2045346549.tcx.gz,66.0,,2079.0,1500.0,6393.7,7.8,,23.1,,43.2,51.7,33.3,-0.1,,,100.0,92.0,,,,,422.0,,,,,,,,,,,,,,,,0.0,,,,,,,,,,,,,,,,,,,,,,,,,,,,,,,,,,,,,,,,,,,,,,,,,,,,""
1910558398,"Oct 12, 2018, 10:15:13 PM",Corsa notturna,Run,,1192,0.03,,,false,,,activities/2045346250.tcx.gz,66.0,,1192.0,1192.0,31.9,1.2,,0.0,,,,0.0,0.0,,,46.0,35.0,,,,,28.0,,,,,,,,,,,,,,,,0.0,,,,,,,,,,,,,,,,,,,,,,,,,,,,,,,,,,,,,,,,,,,,,,,,,,,,""
1927881877,"Oct 12, 2018, 2:38:13 PM",Corsa pomeridiana,Run,,1362,3.61,,,false,,,activities/2063254803.tcx.gz,66.0,,1362.0,1155.0,3614.9,6.6,,6.3,,45.6,48.2,4.7,0.0,,,111.0,75.0,,,,,199.0,,,,,,,,,,,,,,,,0.0,,,,,,,,,,,,,,,,,,,,,,,,,,,,,,,,,,,,,,,,,,,,,,,,,,,,""
2127613874,"Oct 12, 2018, 1:46:14 PM",Corsa pomeridiana,Run,,1429,5.03,,,false,,,activities/2271448635.tcx.gz,66.0,,1429.0,1418.0,5030.7,5.4,,106.7,,46.4,154.7,22.9,0.0,,,94.0,88.0,,,,,350.0,,,,,,,,,,,,,,,,0.0,,,,,,,,,,,,,,,,,,,,,,,,,,,,,,,,,,,,,,,,,,,,,,,,,,,,""
1910558826,"Oct 8, 2018, 7:06:34 AM",Corsa mattutina,Run,,19789,0.48,,,false,,,activities/2045346275.tcx.gz,66.0,,19789.0,247.0,483.2,4.5,,2.2,,41.7,44.1,33.3,0.1,,,77.0,52.0,,,,,545.0,,,,,,,,,,,,,,,,0.0,,,,,,,,,,,,,,,,,,,,,,,,,,,,,,,,,,,,,,,,,,,,,,,,,,,,""
1910558624,"Oct 3, 2018, 3:17:00 PM",Corsa pomeridiana,Run,,600,2.38,,,false,,,activities/2045346390.tcx.gz,66.0,,600.0,600.0,2382.7,6.3,,12.5,,48.6,51.7,3.9,0.0,,,97.0,90.0,,,,,153.0,,,,,,,,,,,,,,,,0.0,,,,,,,,,,,,,,,,,,,,,,,,,,,,,,,,,,,,,,,,,,,,,,,,,,,,""
1878848031,"Oct 1, 2018, 2:56:42 PM",Corsa pomeridiana,Run,,1201,4.81,,,false,,,activities/2012475365.tcx.gz,66.0,,1201.0,1201.0,4813.6,6.6,,0.0,,,,0.0,0.0,,,97.0,88.0,,,,,298.0,,,,,,,,,,,,,,,,0.0,,,,,,,,,,,,,,,,,,,,,,,,,,,,,,,,,,,,,,,,,,,,,,,,,,,,""
1878848308,"Sep 28, 2018, 3:07:56 PM",Corsa pomeridiana,Run,,1413,5.45,,,false,,,activities/2012475617.tcx.gz,66.0,,1413.0,1413.0,5449.6,5.9,,0.0,,,,0.0,0.0,,,94.0,88.0,,,,,356.0,,,,,,,,,,,,,,,,0.0,,,,,,,,,,,,,,,,,,,,,,,,,,,,,,,,,,,,,,,,,,,,,,,,,,,,""
1878848578,"Sep 28, 2018, 1:43:16 PM",Corsa pomeridiana,Run,,1575,5.76,,,false,,,activities/2012475878.tcx.gz,66.0,,1575.0,1575.0,5763.4,6.2,,0.0,,,,0.0,0.0,,,94.0,86.0,,,,,375.0,,,,,,,,,,,,,,,,0.0,,,,,,,,,,,,,,,,,,,,,,,,,,,,,,,,,,,,,,,,,,,,,,,,,,,,""
1878847801,"Sep 26, 2018, 1:33:30 PM",Corsa pomeridiana,Run,,2304,7.10,,,false,,,activities/2012475165.tcx.gz,66.0,,2304.0,1828.0,7101.3,10.4,,55.8,,42.1,51.7,17.8,-0.1,,,107.0,91.0,,,,,418.0,,,,,,,,,,,,,,,,0.0,,,,,,,,,,,,,,,,,,,,,,,,,,,,,,,,,,,,,,,,,,,,,,,,,,,,""
1878850142,"Sep 24, 2018, 2:54:44 PM",Corsa pomeridiana,Run,,1586,4.72,192.0,41,false,,,activities/2012477343.tcx.gz,66.0,,1586.0,1327.0,4722.7,5.2,,48.3,,43.1,51.7,33.3,0.0,,,97.0,88.0,192.0,159.0,,,392.0,,,41.0,,,,,,,,,,,,,0.0,,,,,,,,,,,,,,,,,,,,,,,,,,,,,,,,,,,,,,,,,,,,,,,,,,,,""
1878849542,"Sep 14, 2018, 3:12:31 PM",Corsa pomeridiana,Run,,1536,4.48,,,false,,,activities/2012476764.tcx.gz,66.0,,1536.0,1096.0,4480.4,5.2,,50.0,,42.3,51.7,9.6,-0.1,,,97.0,91.0,,,,,279.0,,,,,,,,,,,,,,,,0.0,,,,,,,,,,,,,,,,,,,,,,,,,,,,,,,,,,,,,,,,,,,,,,,,,,,,""
1878847111,"Sep 12, 2018, 3:25:26 PM",Corsa pomeridiana,Run,,1462,5.19,,,false,,,activities/2012474368.tcx.gz,66.0,,1462.0,1459.0,5190.2,4.9,,113.8,,42.6,155.0,33.6,0.0,,,94.0,86.0,,,,,341.0,,,,,,,,,,,,,,,,0.0,,,5494.2,,,,,,,,,,,,,,,,,,,,,,,,,,,,,,,,,,,,,,,,,,,,,,,,,""
1819763162,"Sep 3, 2018, 3:35:41 PM",Corsa pomeridiana,Run,,1394,3.02,,,false,,,activities/1951388285.tcx.gz,66.0,,1394.0,695.0,3025.1,5.1,,43.1,,43.0,51.7,23.9,-0.2,,,99.0,92.0,,,,,178.0,,,,,,,,,,,,,,,,0.0,,,,,,,,,,,,,,,,,,,,,,,,,,,,,,,,,,,,,,,,,,,,,,,,,,,,""
1809953605,"Aug 31, 2018, 3:10:34 PM",Corsa pomeridiana,Run,,585,1.89,,,false,,,activities/1941293109.tcx.gz,66.0,,585.0,564.0,1889.0,6.6,,12.5,,35.1,48.0,47.4,0.0,,,111.0,90.0,,,,,117.0,,,,,,,,,,,,,,,,0.0,,,,,,,,,,,,,,,,,,,,,,,,,,,,,,,,,,,,,,,,,,,,,,,,,,,,""
1809947272,"Aug 31, 2018, 2:11:21 PM",Corsa pomeridiana,Run,,831,2.70,,,false,,,activities/1941286430.tcx.gz,66.0,,831.0,788.0,2700.1,5.5,,4.8,,40.0,45.0,22.4,0.0,,,103.0,84.0,,,,,186.0,,,,,,,,,,,,,,,,0.0,,,,,,,,,,,,,,,,,,,,,,,,,,,,,,,,,,,,,,,,,,,,,,,,,,,,""
1809457531,"Aug 27, 2018, 6:28:10 PM",Attività serale,Workout,,44533,0,,,false,,,activities/1940788089.tcx.gz,,,44533.0,44533.0,0.0,0.0,,0.0,,,,0.0,0.0,,,,,,,,,1078.0,,,,,,,,,,,,,,,,0.0,,,,,,,,,,,,,,,,,,,,,,,,,,,,,,,,,,,,,,,,,,,,,,,,,,,,""
1796952645,"Aug 25, 2018, 5:23:16 PM",Corsa serale,Run,,2727,0.70,,,false,,,activities/1796952645.gpx,66.0,,2727.0,2259.0,707.6,4.5,,31.9,,231.5,264.5,33.9,2.9,,,,,,,,,56.0,,,,,,,,,,,,,,,,0.0,,,693.8,,,,,,,,,,,,,,,,,,,,,,,,,,,,,,,,,,,,,,,,,,,,,,,,,""
1809457389,"Aug 22, 2018, 12:59:51 PM",Attività pomeridiana,Workout,,18683,0,,,false,,,activities/1940788077.tcx.gz,,,18683.0,18683.0,0.0,0.0,,0.0,,,,0.0,0.0,,,,,,,,,385.0,,,,,,,,,,,,,,,,0.0,,,,,,,,,,,,,,,,,,,,,,,,,,,,,,,,,,,,,,,,,,,,,,,,,,,,""
1779587073,"Aug 18, 2018, 5:24:10 AM",Corsa mattutina,Run,,3450,0.49,,,false,,,activities/1779587073.gpx,66.0,,3450.0,2317.0,497.5,3.9,,0.0,,84.5,125.9,32.0,-7.9,,,,,,,,,40.0,,,,,,,,,,,,,,,,0.0,,,,,,,,,,,,,,,,,,,,,,,,,,,,,,,,,,,,,,,,,,,,,,,,,,,,""
1809461117,"Aug 13, 2018, 6:25:37 PM",Escursione serale,Hike,,61753,13.41,,,false,,,activities/1940790813.tcx.gz,,,61753.0,1169.0,13417.2,19.6,,221.5,,74.6,255.0,20.0,-0.8,,,,,,,,,1289.0,,,,,,,,,,,,,,,,0.0,,,,,,,,,,,,,,,,,,,,,,,,,,,,,,,,,,,,,,,,,,,,,,,,,,,,""
1809460088,"Aug 1, 2018, 4:27:53 PM",Corsa serale,Run,,2587,6.78,,,false,,,activities/1940790669.tcx.gz,66.0,,2587.0,2076.0,6786.5,5.0,,64.3,,225.1,278.3,17.6,-0.4,,,94.0,84.0,,,,,479.0,,,,,,,,,,,,,,,,0.0,,,,,,,,,,,,,,,,,,,,,,,,,,,,,,,,,,,,,,,,,,,,,,,,,,,,""
1809459443,"Jul 20, 2018, 4:48:06 PM",Corsa serale,Run,,4249,5.77,,,false,,,activities/1940790010.tcx.gz,66.0,,4249.0,1894.0,5777.4,4.5,,81.6,,225.1,286.7,46.4,-0.4,,,96.0,83.0,,,,,460.0,,,,,,,,,,,,,,,,0.0,,,,,,,,,,,,,,,,,,,,,,,,,,,,,,,,,,,,,,,,,,,,,,,,,,,,""
1809459571,"Jul 20, 2018, 4:33:54 PM",Corsa serale,Run,,530,1.47,,,false,,,activities/1940790213.tcx.gz,66.0,,530.0,426.0,1478.3,4.7,,5.3,,259.0,264.6,6.2,0.4,,,88.0,83.0,,,,,96.0,,,,,,,,,,,,,,,,0.0,,,,,,,,,,,,,,,,,,,,,,,,,,,,,,,,,,,,,,,,,,,,,,,,,,,,""
1809459339,"Jul 19, 2018, 4:21:12 PM",Corsa serale,Run,,3588,7.35,,,false,,,activities/1940789943.tcx.gz,66.0,,3588.0,1904.0,7352.5,4.7,,78.3,,225.1,281.9,32.9,-0.3,,,96.0,85.0,,,,,416.0,,,,,,,,,,,,,,,,0.0,,,,,,,,,,,,,,,,,,,,,,,,,,,,,,,,,,,,,,,,,,,,,,,,,,,,""
1809459017,"Jul 13, 2018, 4:44:33 PM",Corsa serale,Run,,3892,4.36,,,false,,,activities/1940789615.tcx.gz,66.0,,3892.0,1659.0,4359.9,3.3,,63.2,,225.1,247.8,17.6,-0.1,,,88.0,82.0,,,,,366.0,,,,,,,,,,,,,,,,0.0,,,,,,,,,,,,,,,,,,,,,,,,,,,,,,,,,,,,,,,,,,,,,,,,,,,,""
1809460227,"Jul 9, 2018, 5:45:38 PM",Giro serale,Ride,,780,0.02,,,false,,,activities/1940790848.tcx.gz,66.0,,780.0,56.0,27.6,0.8,,0.0,,237.0,238.2,10.0,-1.4,,,,,,,,15.0,60.0,,,,,,,,,,,,,,,,0.0,,,,,,,,,,,,,,,,,,,,,,,,,,,,,,,,,,,,,,,,,,,,,,,,,,,,""
1809458907,"Jul 9, 2018, 4:04:19 PM",Corsa serale,Run,,1502,4.63,,,false,,,activities/1940789520.tcx.gz,66.0,,1502.0,1484.0,4633.4,6.1,,86.9,,116.6,195.7,17.8,0.1,,,100.0,84.0,,,,,336.0,,,,,,,,,,,,,,,,0.0,,,,,,,,,,,,,,,,,,,,,,,,,,,,,,,,,,,,,,,,,,,,,,,,,,,,""
1809460194,"Jul 8, 2018, 5:20:56 PM",Corsa serale,Run,,2479,7.43,,,false,,,activities/1940790784.tcx.gz,66.0,,2479.0,1979.0,7434.3,4.5,,114.3,,225.1,282.1,21.1,-0.1,,,97.0,86.0,,,,,460.0,,,,,,,,,,,,,,,,0.0,,,,,,,,,,,,,,,,,,,,,,,,,,,,,,,,,,,,,,,,,,,,,,,,,,,,""
1809458806,"Jul 4, 2018, 4:38:40 PM",Corsa serale,Run,,2931,7.53,,,false,,,activities/1940789416.tcx.gz,66.0,,2931.0,2131.0,7537.3,4.7,,117.8,,225.0,281.9,17.1,0.0,,,91.0,85.0,,,,,471.0,,,,,,,,,,,,,,,,0.0,,,,,,,,,,,,,,,,,,,,,,,,,,,,,,,,,,,,,,,,,,,,,,,,,,,,""
1809457034,"Jul 3, 2018, 9:38:18 AM",Escursione dell'ora di pranzo,Hike,,1216,0.68,,,false,,,activities/1940787728.tcx.gz,,,1216.0,414.0,679.8,4.1,,15.5,,213.2,226.7,50.0,0.0,,,,,,,,,65.0,,,,,,,,,,,,,,,,0.0,,,,,,,,,,,,,,,,,,,,,,,,,,,,,,,,,,,,,,,,,,,,,,,,,,,,""
1674189665,"Jul 1, 2018, 2:46:09 AM",Escursione mattutina,Hike,,2,0,,,false,,,activities/1797853686.tcx.gz,,,2.0,2.0,0.0,0.0,,0.0,,,,0.0,0.0,,,,,,,,,0.0,,,,,,,,,,,,,,,,0.0,,,,,,,,,,,,,,,,,,,,,,,,,,,,,,,,,,,,,,,,,,,,,,,,,,,,""
1674188630,"Jun 27, 2018, 12:09:00 PM",Escursione pomeridiana,Hike,,1525,0.73,,,false,,,activities/1797852500.tcx.gz,,,1525.0,1107.0,731.6,1.4,,0.0,,1730.3,1888.0,25.8,-21.3,,,,,,,,,59.0,,,,,,,,,,,,,,,,0.0,,,,,,,,,,,,,,,,,,,,,,,,,,,,,,,,,,,,,,,,,,,,,,,,,,,,""
1674187317,"Jun 27, 2018, 8:40:48 AM",Escursione mattutina,Hike,,4495,1.47,,,false,,,activities/1797850941.tcx.gz,,,4495.0,1709.0,1471.9,1.4,,286.3,,1479.4,1742.0,50.0,17.0,,,,,,,,,119.0,,,,,,,,,,,,,,,,0.0,,,,,,,,,,,,,,,,,,,,,,,,,,,,,,,,,,,,,,,,,,,,,,,,,,,,""
1674184784,"Jun 25, 2018, 8:01:17 AM",Attività mattutina,Workout,,1231,0,,,false,,,activities/1797848632.tcx.gz,,,1231.0,1231.0,0.0,0.0,,0.0,,,,0.0,0.0,,,,,,,,,,,,,,,,,,,,,,,,,0.0,,,,,,,,,,,,,,,,,,,,,,,,,,,,,,,,,,,,,,,,,,,,,,,,,,,,""
1674189447,"Jun 18, 2018, 4:25:08 PM",Corsa serale,Run,,987,2.54,,,false,,,activities/1797853352.tcx.gz,66.0,,987.0,564.0,2545.3,6.6,,10.5,,41.8,44.2,12.5,0.0,,,111.0,90.0,,,,,208.0,,,,,,,,,,,,,,,,0.0,,,,,,,,,,,,,,,,,,,,,,,,,,,,,,,,,,,,,,,,,,,,,,,,,,,,""
1644306794,"Jun 16, 2018, 4:33:19 PM",Corsa serale,Run,,3636,8.84,,,false,,,activities/1766693994.gpx.gz,66.0,,3636.0,2224.0,8841.9,5.1,,159.9,,116.0,264.5,35.8,-0.3,,,94.0,87.0,,,,,758.0,,,,,,,,,,,,,,,,0.0,,,,,,,,,,,,,,,,,,,,,,,,,,,,,,,,,,,,,,,,,,,,,,,,,,,,""
1645127913,"Jun 15, 2018, 3:41:09 PM",Corsa pomeridiana,Run,,1451,5.29,,,false,,,activities/1767558736.tcx.gz,66.0,,1451.0,1435.0,5298.7,5.3,,111.8,,42.5,154.9,29.9,0.0,,,99.0,87.0,,,,,453.0,,,,,,,,,,,,,,,,0.0,,,,,,,,,,,,,,,,,,,,,,,,,,,,,,,,,,,,,,,,,,,,,,,,,,,,""
1645127340,"Jun 11, 2018, 2:19:41 PM",Corsa pomeridiana,Run,,620,1.96,,,false,,,activities/1767558187.gpx.gz,66.0,,620.0,620.0,1966.2,5.4,,22.6,,225.1,247.0,9.6,-0.2,,,88.0,84.0,,,,,163.0,,,,,,,,,,,,,,,,0.0,,,,,,,,,,,,,,,,,,,,,,,,,,,,,,,,,,,,,,,,,,,,,,,,,,,,""
1645126724,"Jun 8, 2018, 2:45:01 PM",Corsa pomeridiana,Run,,1715,1.71,,,false,,,activities/1767557533.tcx.gz,66.0,,1715.0,656.0,1716.2,7.4,,0.0,,42.2,44.2,50.0,0.0,,,116.0,69.0,,,,,140.0,,,,,,,,,,,,,,,,0.0,,,,,,,,,,,,,,,,,,,,,,,,,,,,,,,,,,,,,,,,,,,,,,,,,,,,""
1645126350,"Jun 6, 2018, 2:54:45 PM",Corsa pomeridiana,Run,,1121,3.00,,,false,,,activities/1767557183.tcx.gz,66.0,,1121.0,629.0,3006.0,7.4,,2.0,,49.4,51.7,33.3,0.0,,,106.0,90.0,,,,,245.0,,,,,,,,,,,,,,,,0.0,,,,,,,,,,,,,,,,,,,,,,,,,,,,,,,,,,,,,,,,,,,,,,,,,,,,""
1645125915,"Jun 4, 2018, 2:51:01 PM",Corsa pomeridiana,Run,,1011,2.87,,,false,,,activities/1767556758.tcx.gz,66.0,,1011.0,806.0,2873.5,5.9,,7.2,,43.5,51.8,14.7,-0.1,,,103.0,83.0,,,,,233.0,,,,,,,,,,,,,,,,0.0,,,,,,,,,,,,,,,,,,,,,,,,,,,,,,,,,,,,,,,,,,,,,,,,,,,,""
1644324956,"Jun 2, 2018, 5:36:11 PM",Corsa serale,Run,,60124,1.06,,,false,,,activities/1766710907.tcx.gz,66.0,,60124.0,851.0,1062.3,1.8,,4.9,,-1.0,5.0,50.0,-0.3,,,63.0,55.0,,,,,86.0,,,,,,,,,,,,,,,,0.0,,,,,,,,,,,,,,,,,,,,,,,,,,,,,,,,,,,,,,,,,,,,,,,,,,,,""
1645122699,"May 30, 2018, 2:50:10 PM",Corsa pomeridiana,Run,,1322,2.64,,,false,,,activities/1767553349.gpx.gz,66.0,,1322.0,755.0,2639.7,7.9,,9.3,,43.6,48.0,7.3,0.0,,,117.0,79.0,,,,,216.0,,,,,,,,,,,,,,,,0.0,,,,,,,,,,,,,,,,,,,,,,,,,,,,,,,,,,,,,,,,,,,,,,,,,,,,""
1645122292,"May 27, 2018, 9:00:21 AM",Corsa dell'ora di pranzo,Run,,2698,8.77,,,false,,,activities/1767552995.tcx.gz,66.0,,2698.0,2698.0,8774.1,9.8,,0.0,,,,0.0,0.0,,,107.0,79.0,,,,,712.0,,,,,,,,,,,,,,,,0.0,,,,,,,,,,,,,,,,,,,,,,,,,,,,,,,,,,,,,,,,,,,,,,,,,,,,""
1645122080,"May 21, 2018, 2:37:09 PM",Corsa pomeridiana,Run,,1273,4.26,,,false,,,activities/1767552599.gpx.gz,66.0,,1273.0,968.0,4260.7,6.0,,26.2,,41.9,47.4,4.2,-0.1,,,97.0,91.0,,,,,348.0,,,,,,,,,,,,,,,,0.0,,,,,,,,,,,,,,,,,,,,,,,,,,,,,,,,,,,,,,,,,,,,,,,,,,,,""
1645121755,"May 19, 2018, 4:08:08 PM",10km Montespertoli,Run,"",2703,9.93,,,false,,,activities/1767552214.gpx.gz,66.0,,2703.0,2700.0,9929.7,5.8,,214.2,215.5,213.0,255.0,48.1,-0.1,,,100.0,91.0,,,,,924.0,,,,,,,,,,,,,,0.0,,0.0,,,10739.7,,,,,,,,,,,,,,,,,,,,,,,,,,,,466.4,,,,,,,,,,,,,,,,,,,,,""
1645120646,"May 18, 2018, 2:50:09 PM",Corsa pomeridiana,Run,,994,2.82,,,false,,,activities/1767551105.tcx.gz,66.0,,994.0,890.0,2825.2,8.2,,144.1,,54.9,70.5,19.9,0.5,,,106.0,89.0,,,,,287.0,,,,,,,,,,,,,,,,0.0,,,,,,,,,,,,,,,,,,,,,,,,,,,,,,,,,,,,,,,,,,,,,,,,,,,,""
1645120685,"May 16, 2018, 2:36:38 PM",Corsa pomeridiana,Run,,2029,7.34,,,false,,,activities/1767551064.tcx.gz,66.0,,2029.0,1999.0,7348.9,5.6,,130.9,,42.4,155.0,33.3,0.0,,,101.0,91.0,,,,,622.0,,,,,,,,,,,,,,,,0.0,,,,,,,,,,,,,,,,,,,,,,,,,,,,,,,,,,,,,,,,,,,,,,,,,,,,""
1645119809,"May 14, 2018, 3:09:58 PM",Corsa pomeridiana,Run,,1263,3.93,,,false,,,activities/1767550189.tcx.gz,66.0,,1263.0,974.0,3929.9,6.3,,6.7,,42.0,51.7,10.0,-0.2,,,107.0,87.0,,,,,,,,,,,,,,,,,,,,,0.0,,,,,,,,,,,,,,,,,,,,,,,,,,,,,,,,,,,,,,,,,,,,,,,,,,,,""
1645119328,"May 14, 2018, 2:05:13 PM",Corsa pomeridiana,Run,,1643,5.13,,,false,,,activities/1767549580.tcx.gz,66.0,,1643.0,1630.0,5133.2,5.0,,112.7,,42.7,155.0,20.0,0.0,,,94.0,88.0,,,,,439.0,,,,,,,,,,,,,,,,0.0,,,5413.0,,,,,,,,,,,,,,,,,,,,,,,,,,,,,,,,,,,,,,,,,,,,,,,,,""
1565366886,"May 11, 2018, 2:33:59 PM",Corsa pomeridiana,Run,,3774,13.49,,,false,,,activities/1683480467.tcx.gz,66.0,,3774.0,3663.0,13491.8,6.7,,113.3,,42.0,146.7,44.9,0.0,,,106.0,89.0,,,,,1101.0,,,,,,,,,,,,,,,,0.0,,,13574.1,,,,,,,,,,,,,,,,,,,,,,,,,,,,,,,,,,,,,,,,,,,,,,,,,""
1565364538,"May 10, 2018, 4:59:25 PM",Corsa serale,Run,,2729,7.57,,,false,,,activities/1683477338.tcx.gz,66.0,,2729.0,2262.0,7569.1,4.6,,77.3,,225.1,281.8,18.0,-0.4,,,94.0,86.0,,,,,,,,,,,,,,,,,,,,,0.0,,,,,,,,,,,,,,,,,,,,,,,,,,,,,,,,,,,,,,,,,,,,,,,,,,,,""
1565359030,"May 9, 2018, 3:07:04 PM",Corsa pomeridiana,Run,,990,2.51,,,false,,,activities/1683470209.tcx.gz,66.0,,990.0,826.0,2516.5,8.8,,127.1,,53.9,69.5,25.0,0.6,,,109.0,88.0,,,,,,,,,,,,,,,,,,,,,0.0,,,,,,,,,,,,,,,,,,,,,,,,,,,,,,,,,,,,,,,,,,,,,,,,,,,,""
1565365067,"May 9, 2018, 2:04:10 PM",Corsa pomeridiana,Run,,1503,5.75,,,false,,,activities/1683478064.tcx.gz,66.0,,1503.0,1503.0,5750.5,6.3,,0.0,,,,0.0,0.0,,,97.0,88.0,,,,,,,,,,,,,,,,,,,,,0.0,,,,,,,,,,,,,,,,,,,,,,,,,,,,,,,,,,,,,,,,,,,,,,,,,,,,""
1565358091,"May 7, 2018, 2:06:05 PM",Corsa pomeridiana,Run,,1599,5.92,,,false,,,activities/1683469210.tcx.gz,66.0,,1599.0,1599.0,5928.5,6.8,,0.0,,,,0.0,0.0,,,100.0,85.0,,,,,,,,,,,,,,,,,,,,,0.0,,,,,,,,,,,,,,,,,,,,,,,,,,,,,,,,,,,,,,,,,,,,,,,,,,,,""
1565363469,"May 3, 2018, 9:35:20 AM",Corsa dell'ora di pranzo,Run,,10392,0.04,,,false,,,activities/1683475511.tcx.gz,66.0,,10392.0,18.0,47.6,1.3,,0.0,,2.1,2.3,50.0,-0.2,,,70.0,0.0,,,,,,,,,,,,,,,,,,,,,0.0,,,,,,,,,,,,,,,,,,,,,,,,,,,,,,,,,,,,,,,,,,,,,,,,,,,,""
1565367184,"Apr 19, 2018, 7:33:13 AM",Corsa mattutina,Run,,1908,0.08,,,false,,,activities/1683480937.tcx.gz,66.0,,1908.0,1908.0,84.8,1.8,,0.0,,,,0.0,0.0,,,44.0,40.0,,,,,,,,,,,,,,,,,,,,,0.0,,,,,,,,,,,,,,,,,,,,,,,,,,,,,,,,,,,,,,,,,,,,,,,,,,,,""
1565357465,"Apr 18, 2018, 2:38:05 PM",Corsa pomeridiana,Run,,1645,5.05,,,false,,,activities/1683468610.tcx.gz,66.0,,1645.0,1428.0,5055.1,5.8,,111.6,,42.7,155.0,21.9,0.0,,,97.0,86.0,,,,,,,,,,,,,,,,,,,,,0.0,,,,,,,,,,,,,,,,,,,,,,,,,,,,,,,,,,,,,,,,,,,,,,,,,,,,""
1512260037,"Apr 16, 2018, 2:59:05 PM",Corsa pomeridiana,Run,,2615,3.60,,,false,,,activities/1628270714.tcx.gz,66.0,,2615.0,1655.0,3602.3,7.8,,158.9,,42.4,69.7,28.4,0.3,,,111.0,70.0,,,,,,,,,,,,,,,,,,,,,0.0,,,,,,,,,,,,,,,,,,,,,,,,,,,,,,,,,,,,,,,,,,,,,,,,,,,,""
1512260498,"Apr 13, 2018, 3:02:07 PM",Corsa pomeridiana,Run,,1358,3.10,,,false,,,activities/1628271280.tcx.gz,66.0,,1358.0,611.0,3108.3,6.2,,18.5,,42.2,51.7,14.3,-0.1,,,102.0,97.0,,,,,253.0,,,,,,,,,,,,,,,,0.0,,,3124.1,,,,,,,,,,,,,,,,,,,,,,,,,,,,,,,,,,,,,,,,,,,,,,,,,""
1512260848,"Apr 11, 2018, 2:52:15 PM",Corsa pomeridiana,Run,,1586,1.38,,,false,,,activities/1628271657.tcx.gz,66.0,,1586.0,256.0,1384.1,7.9,,106.6,,54.5,68.9,26.7,0.9,,,117.0,105.0,,,,,,,,,,,,,,,,,,,,,0.0,,,,,,,,,,,,,,,,,,,,,,,,,,,,,,,,,,,,,,,,,,,,,,,,,,,,""
1501847605,"Apr 6, 2018, 3:02:07 PM",Corsa pomeridiana,Run,,1411,3.03,,,false,,,activities/1617444090.tcx.gz,66.0,,1411.0,611.0,3033.7,6.2,,4.9,,43.3,51.9,13.6,-0.3,,,103.0,98.0,,,,,,,,,,,,,,,,,,,,,0.0,,,,,,,,,,,,,,,,,,,,,,,,,,,,,,,,,,,,,,,,,,,,,,,,,,,,""
1501847360,"Apr 4, 2018, 2:58:50 PM",Corsa pomeridiana,Run,,1658,2.36,,,false,,,activities/1617443822.tcx.gz,66.0,,1658.0,556.0,2363.8,10.6,,6.7,,45.7,51.7,50.0,-0.2,,,111.0,90.0,,,,,,,,,,,,,,,,,,,,,0.0,,,,,,,,,,,,,,,,,,,,,,,,,,,,,,,,,,,,,,,,,,,,,,,,,,,,""
1501848166,"Mar 31, 2018, 10:17:09 AM",Corsa dell'ora di pranzo,Run,,1698,5.02,,,false,,,activities/1617444585.tcx.gz,66.0,,1698.0,1690.0,5024.9,5.0,,250.0,,897.0,964.5,45.8,0.0,,,104.0,92.0,,,,,,,,,,,,,,,,,,,,,0.0,,,,,,,,,,,,,,,,,,,,,,,,,,,,,,,,,,,,,,,,,,,,,,,,,,,,""
1476507483,"Mar 28, 2018, 4:01:56 PM",Corsa serale,Run,,1433,4.94,,,false,,,activities/1591058100.tcx.gz,66.0,,1433.0,1329.0,4940.2,6.2,,111.7,,42.7,155.0,22.9,0.0,,,100.0,90.0,,,,,,,,,,,,,,,,,,,,,0.0,,,,,,,,,,,,,,,,,,,,,,,,,,,,,,,,,,,,,,,,,,,,,,,,,,,,""
1476506677,"Mar 26, 2018, 3:48:19 PM",Corsa pomeridiana,Run,,2372,3.47,,,false,,,activities/1591057314.tcx.gz,66.0,,2372.0,992.0,3470.5,6.0,,65.6,,42.6,63.5,18.0,-0.3,,,115.0,88.0,,,,,,,,,,,,,,,,,,,,,0.0,,,,,,,,,,,,,,,,,,,,,,,,,,,,,,,,,,,,,,,,,,,,,,,,,,,,""
1476508285,"Mar 19, 2018, 3:08:12 PM",Corsa pomeridiana,Run,,1722,5.10,,,false,,,activities/1591058967.tcx.gz,66.0,,1722.0,1503.0,5101.2,6.9,,114.0,,42.7,154.9,26.2,0.0,,,100.0,89.0,,,,,,,,,,,,,,,,,,,,,0.0,,,,,,,,,,,,,,,,,,,,,,,,,,,,,,,,,,,,,,,,,,,,,,,,,,,,""
1457000570,"Mar 12, 2018, 3:39:17 PM",Corsa pomeridiana,Run,,1371,2.28,,,false,,,activities/1570747817.tcx.gz,66.0,,1371.0,419.0,2281.1,6.6,,10.3,,42.6,47.0,38.5,-0.1,,,111.0,100.0,,,,,186.0,,,,,,,,,,,,,,,,0.0,,,2292.4,,,,,,,,,,,,,,,,,,,,,,,,,,,,,,,,,,,,,,,,,,,,,,,,,""
1457001171,"Mar 9, 2018, 4:05:27 PM",Corsa pomeridiana,Run,,1364,3.22,,,false,,,activities/1570748378.tcx.gz,66.0,,1364.0,650.0,3223.3,6.1,,12.5,,43.6,47.1,4.0,-0.1,,,104.0,97.0,,,,,263.0,,,,,,,,,,,,,,,,0.0,,,3240.2,,,,,,,,,,,,,,,,,,,,,,,,,,,,,,,,,,,,,,,,,,,,,,,,,""
1442775166,"Mar 7, 2018, 3:54:53 PM",Corsa pomeridiana,Run,,1682,4.16,,,false,,,activities/1556051692.tcx.gz,66.0,,1682.0,935.0,4161.8,5.9,,58.6,,43.0,51.7,19.4,-0.2,,,103.0,96.0,,,,,345.0,,,,,,,,,,,,,,,,0.0,,,4252.5,,,,,,,,,,,,,,,,,,,,,,,,,,,,,,,,,,,,,,,,,,,,,,,,,""
1442774704,"Mar 5, 2018, 3:58:23 PM",Corsa pomeridiana,Run,,1654,2.61,,,false,,,activities/1556051231.tcx.gz,66.0,,1654.0,471.0,2617.0,6.9,,4.5,,43.4,51.7,9.1,-0.3,,,119.0,101.0,,,,,,,,,,,,,,,,,,,,,0.0,,,,,,,,,,,,,,,,,,,,,,,,,,,,,,,,,,,,,,,,,,,,,,,,,,,,""
1442774378,"Mar 5, 2018, 12:49:12 PM",Corsa pomeridiana,Run,,984,1.76,,,false,,,activities/1556050791.tcx.gz,66.0,,984.0,468.0,1764.9,10.0,,7.0,,41.0,51.0,20.4,-0.3,,,100.0,53.0,,,,,142.0,,,,,,,,,,,,,,,,0.0,,,1755.0,,,,,,,,,,,,,,,,,,,,,,,,,,,,,,,,,,,,,,,,,,,,,,,,,""
1433488262,"Feb 28, 2018, 3:56:42 PM",Corsa pomeridiana,Run,,1968,4.63,,,false,,,activities/1546459295.tcx.gz,66.0,,1968.0,1046.0,4629.7,5.2,,66.9,,43.0,51.7,14.8,-0.2,,,100.0,94.0,,,,,384.0,,,,,,,,,,,,,,,,0.0,,,4731.9,,,,,,,,,,,,,,,,,,,,,,,,,,,,,,,,,,,,,,,,,,,,,,,,,""
1426631207,"Feb 25, 2018, 12:21:47 PM",Corsa pomeridiana,Run,,2072,7.26,,,false,,,activities/1539418054.tcx.gz,66.0,,2072.0,2025.0,7268.3,5.2,,68.9,,266.1,277.4,21.4,0.1,,,110.0,91.0,,,,,,,,,,,,,,,,,,,,,0.0,,,,,,,,,,,,,,,,,,,,,,,,,,,,,,,,,,,,,,,,,,,,,,,,,,,,""
1426630664,"Feb 21, 2018, 4:10:19 PM",Corsa pomeridiana,Run,,1374,4.56,188.0,83,false,,,activities/1539417494.tcx.gz,66.0,,1374.0,1354.0,4565.2,4.7,,64.2,,41.8,51.7,21.6,0.0,,,93.0,87.0,188.0,178.0,,,,,,83.0,,,,,,,,,,,,,0.0,,,,,,,,,,,,,,,,,,,,,,,,,,,,,,,,,,,,,,,,,,,,,,,,,,,,""
1416103896,"Feb 19, 2018, 4:27:31 PM",Corsa pomeridiana,Run,,680,0.94,,,false,,,activities/1528456896.tcx.gz,66.0,,680.0,214.0,948.4,5.3,,4.6,,49.0,51.7,5.6,-0.1,,,99.0,93.0,,,,,,,,,,,,,,,,,,,,,0.0,,,,,,,,,,,,,,,,,,,,,,,,,,,,,,,,,,,,,,,,,,,,,,,,,,,,""
1416102918,"Feb 19, 2018, 4:15:54 PM",Corsa pomeridiana,Run,,502,2.00,,,false,,,activities/1528455833.tcx.gz,66.0,,502.0,495.0,2005.3,5.4,,11.2,,49.1,51.7,4.1,0.0,,,93.0,91.0,,,,,,,,,,,,,,,,,,,,,0.0,,,,,,,,,,,,,,,,,,,,,,,,,,,,,,,,,,,,,,,,,,,,,,,,,,,,""
1416103580,"Feb 19, 2018, 4:08:51 PM",Corsa pomeridiana,Run,,229,1.01,,,false,,,activities/1528456606.tcx.gz,66.0,,229.0,226.0,1013.6,4.7,,4.2,,49.4,51.9,3.7,-0.1,,,93.0,92.0,,,,,,,,,,,,,,,,,,,,,0.0,,,,,,,,,,,,,,,,,,,,,,,,,,,,,,,,,,,,,,,,,,,,,,,,,,,,""
1416103344,"Feb 19, 2018, 3:57:15 PM",Corsa pomeridiana,Run,,465,1.95,,,false,,,activities/1528456338.tcx.gz,66.0,,465.0,461.0,1958.0,5.1,,10.4,,45.6,48.0,3.9,0.0,,,93.0,90.0,,,,,,,,,,,,,,,,,,,,,0.0,,,,,,,,,,,,,,,,,,,,,,,,,,,,,,,,,,,,,,,,,,,,,,,,,,,,""
1416102567,"Feb 19, 2018, 3:29:49 PM",Corsa pomeridiana,Run,,693,0.29,216.0,1,false,,,activities/1528455487.tcx.gz,66.0,,693.0,152.0,297.6,4.0,,0.0,,43.0,43.3,20.0,0.0,,,112.0,64.0,216.0,134.0,,,,,,1.0,,,,,,,,,,,,,0.0,,,,,,,,,,,,,,,,,,,,,,,,,,,,,,,,,,,,,,,,,,,,,,,,,,,,""
1404458283,"Feb 12, 2018, 3:49:52 PM",Corsa pomeridiana,Run,,1676,4.98,195.0,73,false,,,activities/1515794737.tcx.gz,66.0,,1676.0,1158.0,4979.8,5.0,,20.4,,45.7,48.1,20.5,0.0,,,99.0,93.0,195.0,182.0,,,,,,73.0,,,,,,,,,,,,,0.0,,,,,,,,,,,,,,,,,,,,,,,,,,,,,,,,,,,,,,,,,,,,,,,,,,,,""
1404458409,"Feb 8, 2018, 5:15:32 PM",Attività serale,Workout,,783,0,,,false,,,activities/1515794960.tcx.gz,,,783.0,783.0,0.0,0.0,,0.0,,,,0.0,0.0,,,,,,,,,,,,,,,,,,,,,,,,,0.0,,,,,,,,,,,,,,,,,,,,,,,,,,,,,,,,,,,,,,,,,,,,,,,,,,,,""
1392978922,"Feb 5, 2018, 3:53:47 PM",Corsa pomeridiana,Run,,1459,3.75,173.0,32,false,,,activities/1503132833.tcx.gz,66.0,,1459.0,1276.0,3755.7,3.5,,73.2,,224.6,255.0,19.2,0.0,,,92.0,84.0,173.0,152.0,,,321.0,,,32.0,,,,,,,,,,,,,0.0,,,3964.4,,,,,,,,,,,,,,,,,,,,,,,,,,,,,,,,,,,,,,,,,,,,,,,,,""
1392779703,"Feb 4, 2018, 8:47:14 AM",Escursione mattutina,Hike,,17636,7.01,,,false,,,activities/1502926629.tcx.gz,,,17636.0,7051.0,7017.6,1.6,,366.6,,473.8,688.6,48.1,1.9,,,,,,,,,,,,,,,,,,,,,,,,,0.0,,,,,,,,,,,,,,,,,,,,,,,,,,,,,,,,,,,,,,,,,,,,,,,,,,,,""
1388765505,"Feb 2, 2018, 3:43:29 PM",Corsa pomeridiana,Run,,783,1.54,,,false,,,activities/1498753769.tcx.gz,66.0,,783.0,272.0,1548.2,6.8,,14.0,,42.9,51.7,18.8,0.2,,,107.0,102.0,,,,,127.0,,,,,,,,,,,,,,,,0.0,,,1568.8,,,,,,,,,,,,,,,,,,,,,,,,,,,,,,,,,,,,,,,,,,,,,,,,,""
1388767229,"Feb 1, 2018, 9:49:00 AM",Corsa mattutina,Run,,702,1.62,,,false,,,activities/1498755536.tcx.gz,66.0,,702.0,396.0,1625.6,6.2,,14.6,,54.7,64.3,18.7,0.0,,,115.0,95.0,,,,,,,,,,,,,,,,,,,,,0.0,,,,,,,,,,,,,,,,,,,,,,,,,,,,,,,,,,,,,,,,,,,,,,,,,,,,""
1388766490,"Jan 31, 2018, 3:59:52 PM",Corsa pomeridiana,Run,,1335,3.08,,,false,,,activities/1498754770.tcx.gz,66.0,,1335.0,615.0,3081.9,6.6,,17.7,,41.9,47.3,25.0,-0.1,,,107.0,95.0,,,,,,,,,,,,,,,,,,,,,0.0,,,,,,,,,,,,,,,,,,,,,,,,,,,,,,,,,,,,,,,,,,,,,,,,,,,,""
1388764796,"Jan 28, 2018, 10:11:10 AM",Corsa dell'ora di pranzo,Run,,1486,5.32,,,false,,,activities/1498752996.tcx.gz,66.0,,1486.0,1482.0,5326.2,5.4,,8.0,,24.0,27.4,5.5,0.0,,,111.0,92.0,,,,,,,,,,,,,,,,,,,,,0.0,,,,,,,,,,,,,,,,,,,,,,,,,,,,,,,,,,,,,,,,,,,,,,,,,,,,""
1388767602,"Jan 26, 2018, 3:24:13 PM",Corsa pomeridiana,Run,,1426,3.35,,,false,,,activities/1498755918.tcx.gz,66.0,,1426.0,1360.0,3349.5,4.6,,53.5,,225.0,255.0,25.0,0.0,,,94.0,75.0,,,,,,,,,,,,,,,,,,,,,0.0,,,,,,,,,,,,,,,,,,,,,,,,,,,,,,,,,,,,,,,,,,,,,,,,,,,,""
1371624307,"Jan 19, 2018, 4:18:27 PM",Corsa pomeridiana,Run,,530,0.93,,,false,,,activities/1481069009.tcx.gz,66.0,,530.0,222.0,932.3,6.8,,4.2,,45.6,48.0,3.3,-0.1,,,118.0,87.0,,,,,,,,,,,,,,,,,,,,,0.0,,,,,,,,,,,,,,,,,,,,,,,,,,,,,,,,,,,,,,,,,,,,,,,,,,,,""
1371623773,"Jan 19, 2018, 4:07:43 PM",Corsa pomeridiana,Run,,534,1.03,,,false,,,activities/1481068447.tcx.gz,66.0,,534.0,297.0,1029.8,7.1,,6.4,,43.3,47.1,12.5,0.0,,,115.0,79.0,,,,,,,,,,,,,,,,,,,,,0.0,,,,,,,,,,,,,,,,,,,,,,,,,,,,,,,,,,,,,,,,,,,,,,,,,,,,""
1371623287,"Jan 19, 2018, 3:56:59 PM",Corsa pomeridiana,Run,,433,0.93,,,false,,,activities/1481067908.tcx.gz,66.0,,433.0,216.0,934.9,6.9,,4.2,,43.5,47.2,8.3,-0.3,,,116.0,88.0,,,,,,,,,,,,,,,,,,,,,0.0,,,,,,,,,,,,,,,,,,,,,,,,,,,,,,,,,,,,,,,,,,,,,,,,,,,,""
1318525398,"Dec 18, 2017, 4:04:23 PM",Lungo lento,Run,,1350,4.66,,,false,,,activities/1318525398.gpx,66.0,,1350.0,1345.0,4663.3,4.9,,63.1,,42.0,51.7,11.1,0.0,,,,,,,,,,,,,,,,,,,,,,,,,0.0,,,,,,,,,,,,,,,,,,,,,,,,,,,,,,,,,,,,,,,,,,,,,,,,,,,,""
1310462045,"Dec 11, 2017, 4:03:35 PM",Scarico,Run,,1352,4.62,,,false,,,activities/1310462045.gpx,66.0,,1352.0,1330.0,4624.6,5.6,,23.2,,43.1,51.7,4.3,-0.2,,,,,,,,,376.0,,,,,,,,,,,,,,,,0.0,,,,,,,,,,,,,,,,,,,,,,,,,,,,,,,,,,,,,,,,,,,,,,,,,,,,""
1288574013,"Nov 24, 2017, 2:43:03 PM",Riscaldamento al pozzetto,Run,,1672,5.67,,,false,,,activities/1288574013.gpx,66.0,,1672.0,1666.0,5673.9,8.0,,114.1,,42.0,155.0,26.8,-0.1,,,,,,,,,,,,,,,,,,,,,,,,,0.0,,,,,,,,,,,,,,,,,,,,,,,,,,,,,,,,,,,,,,,,,,,,,,,,,,,,""
1244916707,"Oct 24, 2017, 3:55:49 PM",Corsa pomeridiana,Run,,1888,4.29,,,false,,,activities/1244916707.gpx,66.0,,1888.0,1422.0,4298.3,5.1,,60.3,,225.1,247.0,22.0,-0.1,,,,,,,,,,,,,,,,,,,,,,,,,0.0,,,,,,,,,,,,,,,,,,,,,,,,,,,,,,,,,,,,,,,,,,,,,,,,,,,,""
1227037046,"Oct 12, 2017, 3:49:05 PM",Corsa pomeridiana,Run,,3126,8.75,,,false,,,activities/1227037046.gpx,66.0,,3126.0,2543.0,8757.0,4.8,,131.0,,194.5,247.0,14.6,0.0,,,,,,,,,,,,,,,,,,,,,,,,,0.0,,,,,,,,,,,,,,,,,,,,,,,,,,,,,,,,,,,,,,,,,,,,,,,,,,,,""
1209051602,"Sep 30, 2017, 5:09:16 PM",Corsa serale,Run,,1868,4.62,,,false,,,activities/1209051602.gpx,66.0,,1868.0,1434.0,4621.2,8.5,,88.2,,225.1,264.6,32.8,-0.1,,,,,,,,,,,,,,,,,,,,,,,,,0.0,,,,,,,,,,,,,,,,,,,,,,,,,,,,,,,,,,,,,,,,,,,,,,,,,,,,""
1202900512,"Sep 26, 2017, 4:56:32 PM",Corsa serale,Run,,1568,3.32,,,false,,,activities/1202900512.gpx,66.0,,1568.0,1081.0,3319.8,6.4,,50.6,,225.0,264.6,15.3,-0.1,,,,,,,,,,,,,,,,,,,,,,,,,0.0,,,,,,,,,,,,,,,,,,,,,,,,,,,,,,,,,,,,,,,,,,,,,,,,,,,,""
1161547611,"Aug 31, 2017, 3:44:51 PM",Corsa pomeridiana,Run,Scarico,499,1.62,,,false,,,activities/1161547611.gpx,66.0,,499.0,492.0,1622.2,12.2,,42.6,,225.1,264.6,16.4,1.6,,,,,,,,,,,,,,,,,,,,,,,,,0.0,,,,,,,,,,,,,,,,,,,,,,,,,,,,,,,,,,,,,,,,,,,,,,,,,,,,""
1141750197,"Aug 19, 2017, 4:09:17 PM",Corsa serale,Run,,7332,8.82,,,false,,,activities/1141750197.gpx,66.0,,7332.0,2611.0,8826.1,9.8,,80.9,,76.8,132.7,21.1,0.0,,,,,,,,,,,,,,,,,,,,,,,,,0.0,,,,,,,,,,,,,,,,,,,,,,,,,,,,,,,,,,,,,,,,,,,,,,,,,,,,""
1102793938,"Jul 26, 2017, 5:34:30 PM",Corsa serale,Run,"Include riscaldamento, di progressione",2235,6.02,,,false,,,activities/1102793938.gpx,66.0,,2235.0,1749.0,6026.9,8.9,,93.5,,225.0,285.9,19.1,-0.1,,,,,,,,,,,,,,,,,,,,,,,,,0.0,,,,,,,,,,,,,,,,,,,,,,,,,,,,,,,,,,,,,,,,,,,,,,,,,,,,media/cbab3510-9e67-42f7-862d-9c5e19e9cea5.jpg
1083315778,"Jul 14, 2017, 5:39:28 PM",Corsa serale,Run,,2571,7.18,,,false,,,activities/1083315778.gpx,66.0,,2571.0,2090.0,7187.6,8.6,,117.4,,225.0,281.9,23.5,0.0,,,,,,,,,600.0,,,,,,,,,,,,,,,,0.0,,,,,,,,,,,,,,,,,,,,,,,,,,,,,,,,,,,,,,,,,,,,,,,,,,,,""
1072177695,"Jul 7, 2017, 4:50:39 PM",Corsa serale,Run,Spingendo nel finale,2159,5.84,,,false,,,activities/1072177695.gpx,66.0,,2159.0,1686.0,5846.9,7.1,,90.2,,225.1,285.9,15.5,-0.1,,,,,,,,,486.0,,,,,,,,,,,,,,,,0.0,,,,,,,,,,,,,,,,,,,,,,,,,,,,,,,,,,,,,,,,,,,,,,,,,,,,""
1067401575,"Jul 4, 2017, 3:57:12 PM",Corsa pomeridiana,Run,Allenamento fondo con salite piuttosto impegnative,4660,11.05,,,false,,,activities/1067401575.gpx,66.0,,4660.0,3467.0,11055.6,6.6,,202.0,,225.0,316.0,21.7,0.0,,,,,,,,,925.0,,,,,,,,,,,,,,,,0.0,,,11409.3,,,,,,,,,,,,,,,,,,,,,,,,,,,,,,,,,,,,,,,,,,,,,,,,,media/2e5cf616-f130-429d-a9ae-2987225ecf6b.jpg|media/d3b3e7cb-2217-4d35-a7fe-2f38cb0455c5.jpg
937899722,"Apr 11, 2017, 5:12:32 PM",Corsa serale,Run,,1447,3.69,,,false,,,activities/937899722.gpx,66.0,,1447.0,1442.0,3690.1,6.8,,52.8,,184.5,239.1,8.8,0.0,,,,,,,,,303.0,,,,,,,,,,,,,,,,0.0,,,3740.6,,,,,,,,,,,,,,,,,,,,,,,,,,,,,,,,,,,,,,,,,,,,,,,,,""
918047259,"Mar 28, 2017, 2:20:14 PM",Corsa pomeridiana,Run,Scarico-->cross,3442,5.69,,,false,,,activities/918047259.gpx,66.0,,3442.0,2547.0,5694.0,5.3,,167.1,,189.8,246.0,34.5,0.0,,,,,,,,,,,,,,,,,,,,,,,,,0.0,,,,,,,,,,,,,,,,,,,,,,,,,,,,,,,,,,,,,,,,,,,,,,,,,,,,media/e3801ebb-789f-434e-99e6-f5b021043997.jpg
915704068,"Mar 26, 2017, 4:34:15 PM",Corsa serale,Run,Scarico-->Cross,2496,4.06,,,false,,,activities/915704068.gpx,66.0,,2496.0,1657.0,4063.0,4.0,,68.8,,196.7,247.8,26.4,0.1,,,,,,,,,,,,,,,,,,,,,,,,,0.0,,,,,,,,,,,,,,,,,,,,,,,,,,,,,,,,,,,,,,,,,,,,,,,,,,,,""
