time,heartrate,distance,altitude,velocity_smooth,grade_smooth,temp
0,73,4.58,506.0,3.742,3.9250307,31
1,74,10.28,506.0,4.05,3.9250307,31
6,72,31.24,506.8,4.022,2.077195,31
7,73,35.13,507.0,4.022,2.8037996,31
12,76,55.65,507.6,4.003,2.0753999,31
15,78,68.19,508.0,4.003,1.7558049,31
17,79,75.85,508.0,4.124,2.1498938,31
23,80,102.72,508.6,4.236,0.33885062,31
28,81,124.14,509.0,4.255,-0.35003668,31
30,82,135.04,509.2,4.376,-0.32018533,31
35,84,160.03,508.8,4.563,0.3877361,31
37,85,169.0,508.8,4.88,0.36087084,31
40,86,186.78,509.0,5.514,0.0,31
45,89,215.71,509.0,5.608,-0.6255845,30
47,92,227.5,509.0,5.748,-1.6886946,30
48,92,233.52,509.0,5.748,-1.8053924,30
51,95,250.99,508.8,5.813,-1.6507417,30
53,93,263.03,508.6,5.878,-1.9248224,30
55,90,274.98,508.6,6.046,-2.3912091,30
58,89,294.19,508.0,6.065,1.3669729,30
61,89,313.4,507.8,6.298,3.0910008,30
63,90,324.56,507.4,5.729,7.198552,30
65,90,333.72,507.2,4.581,10.864531,30
70,92,359.06,508.8,4.889,9.988317,30
71,93,363.57,509.8,4.796,11.571427,30
73,92,371.89,511.0,4.581,11.532313,30
74,93,376.16,512.0,4.581,11.452618,30
75,92,380.82,512.8,4.581,9.474857,30
77,93,389.88,514.0,4.451,8.092686,30
78,94,395.17,514.4,4.451,8.594688,30
81,98,408.83,515.2,4.171,6.172483,30
82,99,413.24,515.6,4.171,7.0609393,30
84,101,422.35,516.6,4.171,6.3054056,30
87,102,435.27,517.8,3.966,3.321779,30
89,103,443.23,518.4,3.966,2.9972248,30
93,103,460.04,519.0,3.966,2.245113,30
94,103,464.05,519.2,3.966,0.88845634,30
100,100,488.56,519.8,4.003,0.0,30
102,101,496.68,520.0,3.984,-0.27836716,30
104,101,504.71,520.2,4.022,-0.62737405,30
109,101,527.68,520.2,5.095,-0.7182523,30
115,103,560.5,519.8,5.104,2.5261934,30
116,104,565.98,519.8,5.151,0.7397341,30
119,102,582.95,520.2,5.402,0.0,30
124,102,608.61,521.2,5.309,-1.854007,30
125,101,614.52,521.2,5.486,0.0,30
128,97,636.94,520.2,7.912,1.5232294,30
129,99,644.82,520.2,7.912,1.0867534,29
130,100,652.33,520.2,7.577,1.2276058,30
134,101,680.31,520.6,6.765,0.69446087,29
136,100,692.42,521.2,5.813,1.3830796,29
139,100,709.84,520.8,6.056,1.9848431,29
141,100,721.7,521.0,5.841,1.7130901,29
144,103,738.31,521.4,5.757,1.1164147,29
147,104,752.84,522.0,4.507,1.4193546,29
148,103,756.81,522.0,4.255,4.5974836,29
150,103,768.35,522.0,5.757,5.4998713,29
151,102,775.47,522.0,6.849,6.580401,29
152,102,782.47,522.0,6.849,7.7983804,29
154,106,794.45,522.0,5.981,8.855898,29
156,106,805.0,522.8,5.291,6.812222,29
158,107,814.92,524.4,5.291,4.7423797,29
159,106,819.99,525.2,5.291,3.401496,29
160,106,824.97,525.4,5.244,3.3596141,29
162,106,834.47,526.0,5.179,2.7194266,29
165,105,850.34,526.6,5.048,2.1063788,29
166,105,855.27,526.6,5.02,2.9385679,29
173,105,891.45,526.8,5.151,2.8560188,29
177,106,911.46,527.8,5.104,1.1806252,29
183,104,942.09,528.4,4.983,0.35318133,29
188,105,968.07,528.4,4.973,1.3159488,29
191,103,985.02,528.6,5.216,1.744935,29
194,103,1002.95,528.8,5.365,0.98750085,29
198,103,1025.57,529.2,5.57,0.63399464,29
205,105,1065.95,529.6,5.692,0.30770254,29
209,110,1090.54,529.6,5.944,0.7257544,29
210,113,1096.71,529.8,6.009,0.23164065,29
211,116,1102.74,529.8,6.009,0.24990895,29
213,121,1115.16,529.8,6.056,0.2700716,29
214,123,1121.28,529.8,6.056,0.32447028,29
216,127,1133.52,530.0,6.056,0.0,29
223,128,1176.87,530.0,6.093,-0.28981152,29
228,127,1202.72,530.0,4.908,-0.6109145,29
235,124,1242.47,529.8,5.225,0.0,29
236,124,1248.36,529.6,5.402,2.7791777,29
239,123,1265.28,529.6,5.552,3.0996718,29
245,123,1300.09,529.8,5.664,1.7588267,29
253,122,1345.34,531.2,5.748,0.0,29
254,122,1350.95,531.2,5.645,0.7069112,29
258,122,1375.35,531.2,6.261,0.75824517,29
260,121,1388.61,530.8,6.653,1.8274747,29
266,121,1430.37,530.6,6.793,1.3465775,29
273,121,1478.06,531.8,6.793,0.6608446,29
275,121,1491.01,531.8,6.774,2.8397782,29
279,122,1516.04,532.2,6.429,1.8992606,29
282,123,1534.48,532.6,6.224,2.3532655,29
286,123,1554.48,533.4,4.124,0.79436266,29
287,123,1558.2,533.4,3.788,-1.2089987,29
289,123,1566.98,533.6,4.665,-1.5197625,29
290,123,1571.36,533.8,5.225,-1.997504,29
292,122,1584.81,533.8,6.289,-2.1289628,29
294,121,1598.74,533.8,6.989,-2.6790113,29
299,120,1637.3,533.0,7.894,-1.0970886,29
303,118,1671.85,532.4,8.873,-2.6521332,29
304,118,1681.21,532.2,9.107,-4.7769766,29
308,120,1720.38,530.6,9.928,-3.9861138,29
309,119,1730.63,530.2,10.152,-6.4598417,29
311,118,1751.63,529.4,10.506,-5.5554113,29
313,117,1773.17,527.8,10.693,-5.3236604,29
315,115,1795.63,526.8,11.243,-4.199956,29
317,114,1819.37,525.8,11.878,-3.8764837,28
319,113,1844.73,524.2,12.662,-1.8372624,28
320,112,1857.74,523.8,12.914,-2.2264266,28
322,109,1884.95,523.4,13.632,-2.529796,28
323,108,1898.93,523.0,13.847,-6.9854894,28
324,107,1913.24,522.6,14.164,-8.249088,28
325,107,1927.76,522.0,14.351,-6.1881595,28
326,106,1942.38,520.6,14.435,-5.3487487,28
327,106,1957.21,519.0,14.64,-5.9141145,28
329,104,1987.79,517.8,15.153,-6.1634207,28
330,104,2003.37,517.4,15.498,-9.905973,28
331,105,2019.06,515.4,15.564,-7.4181128,28
333,103,2050.51,514.0,15.629,-7.0361915,28
335,104,2081.8,511.2,15.48,-11.750323,28
336,105,2097.56,509.6,15.498,-12.293448,28
337,104,2113.66,504.8,15.564,-7.6953793,28
338,104,2129.82,503.8,15.592,-6.0254836,28
340,105,2160.07,502.0,14.882,-4.5710516,28
342,106,2186.87,500.0,13.306,-2.60326,28
344,106,2213.94,499.4,13.408,-5.105718,28
345,106,2227.45,498.6,13.66,-4.9583135,28
347,106,2253.7,496.8,13.184,-2.7371576,28
349,104,2278.73,496.0,12.568,-1.9603695,28
352,104,2314.93,495.4,11.738,-1.986141,28
355,103,2349.3,494.8,11.16,-1.7982962,28
359,100,2393.14,494.0,11.16,-0.73710936,28
365,99,2458.28,493.4,10.88,-0.30802482,28
366,98,2469.23,493.2,10.88,-0.7264504,28
370,101,2513.52,492.8,11.01,-0.37735277,28
371,104,2522.35,492.8,11.029,0.0,28
372,105,2535.67,492.6,11.038,0.34999707,28
374,109,2557.82,492.8,11.029,0.0,28
376,114,2579.62,492.8,11.066,-3.3466058,28
377,116,2590.62,492.8,11.066,-4.654923,28
378,117,2601.68,492.8,11.066,-4.3866806,28
381,118,2635.53,491.4,11.104,-3.2403774,28
385,117,2682.02,490.2,11.318,-3.1216466,28
387,117,2706.28,488.8,11.467,-4.2608323,28
389,118,2730.78,488.0,11.729,-3.7711794,28
390,118,2743.28,487.6,11.906,-4.6388474,28
394,118,2791.33,486.2,12.111,-4.156888,28
396,117,2815.54,484.8,12.149,-4.0230823,28
397,117,2828.01,483.2,12.149,-2.7798142,28
400,116,2866.1,482.0,12.195,-1.9712722,28
401,116,2878.9,481.8,12.195,-5.8257756,28
402,115,2891.89,481.0,12.298,-3.7469413,28
404,114,2917.75,479.6,12.755,-1.9560112,28
406,114,2943.12,478.8,12.755,-1.6717056,28
407,114,2955.32,478.6,12.755,-2.054622,28
411,114,3001.73,478.0,11.001,-3.075797,28
414,113,3033.58,477.4,10.572,-6.608189,28
416,112,3053.32,475.6,9.881,-3.9419203,28
418,112,3069.34,474.0,7.894,-0.7736693,28
419,112,3073.84,473.8,6.513,-1.8959602,28
420,112,3078.41,473.6,5.113,-1.9851669,28
421,112,3079.91,473.6,2.706,-2.099362,28
424,111,3080.4,473.6,0.0,-2.1720896,28
437,108,3080.4,473.6,0.0,-2.183437,28
439,105,3081.68,473.6,0.0,-2.183437,28
440,104,3083.84,473.6,1.847,-2.2416937,28
441,101,3088.4,473.6,3.583,-2.335651,28
442,101,3093.46,473.6,4.423,-1.9705642,28
444,101,3104.47,473.8,5.076,-1.6525296,28
446,100,3114.86,473.6,4.936,0.0,28
448,100,3121.54,473.0,3.135,1.0161915,28
449,101,3123.6,472.8,1.782,1.3869137,28
452,102,3126.7,472.6,0.0,1.7139511,28
455,103,3134.78,472.4,3.387,2.1041226,28
456,103,3138.8,472.4,3.807,2.3944256,28
459,103,3153.7,472.6,4.852,2.201843,28
460,104,3158.46,472.8,5.048,2.0961483,28
466,104,3193.49,473.6,5.598,0.7620107,28
469,104,3211.16,473.8,5.776,0.3254433,28
471,105,3222.61,474.0,5.776,0.21715336,28
473,108,3233.43,474.0,5.757,0.24811848,28
474,108,3238.69,474.0,5.682,0.28586406,28
477,109,3255.15,474.0,5.617,0.3090836,28
485,108,3303.48,474.0,5.86,-0.9825191,28
487,109,3316.34,474.2,5.953,1.0513612,28
490,108,3335.06,473.4,6.28,2.499117,28
494,105,3360.75,473.2,6.336,2.7186148,28
497,101,3380.52,474.8,6.289,-2.556229,28
499,100,3394.08,475.0,6.476,-2.4971962,28
502,100,3415.56,474.8,6.681,-2.7681859,28
504,101,3429.98,473.4,6.858,0.0,27
506,102,3444.76,473.4,7.213,0.0,27
507,103,3452.21,473.4,7.25,0.0,27
512,103,3490.51,473.4,7.465,0.0,27
516,104,3520.18,473.4,7.502,0.24478027,27
518,104,3535.07,473.4,7.502,0.3842249,27
523,107,3572.37,473.4,7.446,0.89000595,27
527,108,3602.69,473.6,7.465,3.8193312,27
529,111,3617.66,474.0,7.465,3.0531113,27
530,112,3624.91,475.4,7.483,-1.8729596,27
534,115,3655.22,475.6,7.493,-1.6146584,27
536,116,3671.11,475.6,7.549,-2.3248768,27
543,119,3724.27,474.4,7.688,-0.75597435,27
549,121,3767.16,474.0,7.269,0.25568303,27
554,124,3802.71,474.2,7.157,5.422755,27
555,125,3809.6,474.2,7.157,6.549146,27
557,125,3822.67,476.2,7.138,2.752432,27
561,123,3841.56,477.2,3.76,1.1841991,27
564,123,3847.48,477.2,1.437,0.85828596,27
565,122,3848.29,477.2,0.0,0.9384719,27
569,119,3848.73,477.2,0.0,0.95020735,27
571,117,3848.73,477.2,0.0,0.9567331,27
574,114,3848.73,477.2,0.0,0.9567331,27
579,111,3848.73,477.2,0.0,0.9567331,27
582,108,3848.73,477.2,0.0,0.9567331,27
592,105,3848.73,477.2,0.0,0.9567331,27
598,102,3848.73,477.4,0.0,0.6378383,27
600,98,3848.73,477.4,0.0,0.6378383,27
602,92,3848.73,477.4,0.0,0.6378383,27
604,89,3848.73,477.4,0.0,0.6378383,27
606,86,3848.73,477.2,0.0,0.9567331,27
608,83,3848.73,477.2,0.0,0.9567331,27
614,82,3857.82,477.6,3.499,0.3188948,27
616,83,3867.8,477.8,4.936,0.0,27
617,83,3873.46,477.8,5.57,-1.0416869,27
618,83,3878.83,477.8,5.804,-1.1550504,27
620,83,3890.91,477.6,6.718,0.0,27
623,79,3911.24,478.0,6.867,-0.53355193,27
625,77,3925.07,477.8,6.765,-0.36633673,27
631,79,3965.84,477.2,6.858,1.1026481,27
633,80,3979.51,477.6,6.858,0.71769536,27
634,81,3986.58,477.8,6.858,0.0,27
637,85,4007.73,478.0,6.858,-0.35096502,27
639,89,4021.66,478.0,6.858,0.0,27
640,92,4028.19,478.0,6.858,1.0949662,27
641,94,4034.04,478.0,6.345,1.1164329,27
643,98,4043.66,477.8,4.619,1.493809,27
645,98,4053.37,477.8,5.085,1.4218802,27
646,102,4059.12,478.0,5.514,0.0,27
647,101,4064.91,478.0,5.738,0.0,27
648,102,4070.86,478.2,5.738,-0.2778154,27
649,102,4076.37,478.6,5.514,-0.90781385,27
650,101,4081.76,478.6,5.3,-0.9917157,27
651,103,4087.32,478.6,5.3,-1.0901296,27
653,105,4099.58,478.6,5.738,-1.4113885,27
654,105,4105.53,478.6,5.738,-1.7124182,27
659,108,4136.82,478.0,6.485,-0.7612151,27
660,110,4144.09,478.0,6.933,0.0,27
662,114,4158.14,477.8,6.727,0.38786831,27
664,116,4170.62,477.6,5.86,1.2558997,27
665,117,4176.26,477.6,5.58,1.5624238,27
668,118,4191.0,477.8,4.432,0.98029363,27
672,118,4195.78,478.0,0.0,1.4336876,27
676,118,4195.78,478.0,0.0,1.5371735,27
677,118,4195.78,478.0,0.0,1.5371735,27
681,119,4195.78,478.0,0.0,1.5371735,27
686,122,4196.42,477.8,0.0,1.8446269,27
690,121,4196.42,477.8,0.0,1.8567333,27
693,117,4196.42,478.0,0.0,1.5472621,27
696,114,4196.42,478.0,0.0,1.5472621,27
698,110,4196.42,478.0,0.0,1.5472621,27
701,107,4196.42,478.0,0.0,1.5472621,27
702,104,4196.42,478.0,0.0,1.5472621,27
703,101,4196.42,478.2,0.0,1.2377908,27
704,97,4196.42,478.2,0.0,1.2377908,27
708,94,4196.42,478.2,0.0,1.2377908,27
713,91,4196.42,478.2,0.0,1.2377908,27
715,90,4196.42,478.2,0.0,1.2377908,27
719,86,4196.42,478.2,0.0,1.2377908,27
721,83,4196.42,478.2,0.0,1.2377908,27
732,86,4196.42,478.4,0.0,0.92836666,27
740,87,4197.34,478.4,0.0,0.92836666,27
743,87,4201.41,478.4,1.017,0.9411116,27
745,88,4205.41,478.4,1.745,1.0276501,27
749,90,4220.34,478.4,3.574,1.1097423,27
753,90,4236.05,478.4,3.872,1.1857266,27
758,92,4259.32,478.4,3.826,1.5422342,27
763,93,4287.98,479.0,5.346,0.3922071,27
764,94,4293.53,479.2,4.852,-1.1458478,27
765,94,4299.2,479.4,4.852,-1.5663387,27
766,95,4305.13,479.4,4.703,-1.9029437,27
767,95,4310.42,479.4,4.703,-1.5152805,27
771,97,4331.32,479.2,3.396,-1.3183621,27
773,98,4340.4,479.0,2.986,1.5860044,27
775,98,4344.66,478.6,1.68,2.5829146,27
776,97,4346.72,478.6,1.652,2.0587015,27
778,97,4350.44,478.4,1.502,2.3797932,27
779,96,4350.44,478.4,1.68,2.5471938,27
780,96,4350.74,478.2,1.68,2.8754036,27
785,95,4368.03,478.2,4.171,2.8952045,27
789,97,4391.53,478.4,6.326,3.510807,27
793,96,4419.49,480.0,7.045,1.0132326,27
795,96,4434.34,480.2,7.381,1.1297045,27
802,97,4490.48,480.8,7.754,0.35683954,27
803,97,4498.96,481.0,7.968,-1.9511733,27
807,100,4533.12,481.0,8.463,-1.271553,27
808,101,4541.94,481.0,8.482,-1.8582608,27
812,104,4577.86,480.0,8.715,0.0,27
813,104,4587.07,480.0,8.762,-0.6184874,27
814,105,4596.51,480.0,8.883,-0.7214087,27
819,107,4642.73,480.0,9.051,-0.9765887,27
823,109,4678.72,479.6,9.2,0.0,27
825,110,4697.68,479.2,9.2,3.34378,27
828,112,4728.85,479.6,10.03,3.8799345,27
829,113,4738.72,480.4,9.881,3.3274012,27
832,113,4764.84,481.2,8.659,2.4912872,27
836,114,4794.98,482.2,7.166,0.0,27
837,113,4801.14,482.6,6.569,-3.973179,27
841,114,4819.05,482.6,3.686,-4.3355064,27
845,113,4825.75,482.2,0.0,-5.0621834,27
850,110,4825.75,481.8,0.0,-3.275091,27
852,111,4825.75,481.8,0.0,-3.275091,27
855,108,4825.75,481.8,0.0,-3.275091,27
861,107,4837.91,481.8,4.488,-3.275091,27
866,108,4870.61,480.8,7.371,-2.3764608,27
870,108,4905.31,479.6,9.032,-4.0626554,27
871,108,4914.84,479.2,9.359,-6.4259667,27
875,109,4954.27,478.0,9.648,-5.3640122,27
877,108,4970.79,476.2,7.959,-3.9720013,27
879,109,4981.43,475.0,4.824,-3.2680743,27
880,109,4986.14,475.0,4.553,-3.8942323,27
883,111,5003.33,475.0,6.531,-4.2441587,27
884,112,5009.88,474.8,6.531,-5.8840075,27
888,115,5038.13,474.0,6.597,-5.408408,27
890,116,5050.98,472.8,6.597,-4.0267982,27
891,116,5057.78,472.4,6.718,-5.3860273,27
893,116,5072.79,471.6,7.026,-2.6828153,27
896,117,5097.89,470.6,8.482,-1.9552013,27
897,116,5106.8,470.4,8.911,-2.4620414,27
902,112,5154.69,469.4,9.928,-3.104482,27
903,111,5164.91,469.0,10.198,-4.340331,27
906,109,5196.99,467.6,10.712,-2.5762386,27
908,108,5219.36,466.6,10.992,-1.752477,27
909,107,5230.78,466.2,10.674,-3.0965495,27
912,108,5265.64,465.6,11.682,-2.5564165,27
913,108,5277.52,465.4,11.281,-3.6996505,27
915,108,5301.4,464.4,11.682,-3.1138527,27
917,109,5325.13,463.8,11.785,-1.95467,27
919,108,5348.45,463.2,11.785,-1.7571269,27
923,106,5393.7,462.2,11.673,-0.7115965,27
924,105,5404.71,462.0,11.617,-0.6264006,27
929,104,5457.63,461.8,10.945,-0.37911016,27
935,103,5517.38,461.6,10.17,-1.0084909,27
941,105,5575.84,461.0,9.788,0.0,27
943,108,5595.05,461.0,9.713,-0.90488964,27
944,109,5604.71,460.8,9.676,-1.4185507,26
948,112,5642.43,460.6,9.573,-0.7760857,26
949,113,5651.68,460.4,9.573,-0.9150043,26
955,115,5708.2,460.0,9.443,-0.35495803,26
956,115,5717.71,459.8,9.443,-1.8188546,26
963,116,5785.42,458.8,9.536,-0.5926916,26
966,119,5814.96,458.4,9.639,-2.5535572,26
968,119,5835.37,457.8,9.769,-3.5149899,26
970,120,5856.12,457.2,10.404,-3.7088952,26
972,121,5877.7,456.6,10.786,-3.598549,26
974,121,5900.19,455.6,11.113,-3.1988697,26
977,121,5934.11,454.8,10.982,-3.0216157,26
978,121,5945.49,453.8,11.02,-2.7600436,26
981,120,5979.88,452.8,11.29,-1.7547746,26
984,117,6014.09,452.4,11.346,-2.7977607,26
986,115,6037.2,451.6,11.393,-1.2323538,26
991,112,6095.4,450.8,11.523,-0.34436882,26
992,112,6106.99,450.6,11.523,-3.6658437,26
994,111,6130.29,449.4,11.579,-2.5604692,26
998,111,6177.55,448.2,11.747,-1.4110148,26
1000,111,6201.38,447.6,11.775,-1.6815003,26
1002,115,6224.95,447.2,11.794,-1.3630205,26
1003,116,6237.15,446.8,11.794,-1.9798825,26
1005,118,6260.22,446.6,11.794,-2.0307484,26
1010,116,6316.22,446.4,11.458,-2.5096157,26
1014,117,6355.87,445.0,9.144,-0.95536137,26
1015,117,6363.7,444.8,8.388,0.0,26
1018,117,6379.2,444.6,4.46,0.3790974,26
1020,116,6383.41,444.4,2.053,0.2883595,26
1021,116,6383.88,444.4,0.0,0.30744755,26
1023,113,6383.88,444.2,0.0,0.6182587,26
1025,110,6383.88,444.2,0.0,0.6182587,26
1030,107,6392.0,444.4,3.686,0.30915293,26
1034,109,6416.48,444.6,6.746,0.0,26
1038,109,6448.67,444.8,8.556,-0.42016828,26
1045,110,6511.9,444.6,8.734,-0.31707883,26
1046,110,6521.2,444.4,8.929,-2.8177633,26
1048,112,6540.08,444.0,9.107,-3.1589687,26
1049,113,6549.65,444.0,9.116,-3.6678746,26
1050,115,6559.18,443.6,9.181,-3.459902,26
1051,117,6568.77,443.2,9.265,-3.3953152,26
1052,118,6578.2,442.8,9.265,-3.913153,26
1054,120,6594.68,442.2,7.95,-1.3122629,26
1055,121,6601.64,442.0,7.222,-0.86964154,26
1057,121,6612.24,441.8,5.291,-0.64605254,26
1058,121,6616.15,441.4,4.329,0.0,26
1059,121,6618.27,441.2,3.322,-0.61485577,26
1060,120,6619.64,441.0,1.353,-0.31878752,26
1065,120,6620.08,440.8,0.0,0.0,26
1071,119,6621.53,440.8,1.073,0.0,26
1072,119,6622.87,440.8,1.269,0.0,26
1076,119,6639.85,440.8,5.235,0.0,26
1079,120,6664.37,441.4,8.099,-1.6653634,26
1081,119,6682.02,441.4,8.873,-2.5554762,26
1083,119,6700.15,440.8,8.873,-2.548105,26
1085,119,6719.33,440.4,8.855,-3.2103648,26
1087,119,6737.13,440.0,8.845,-6.1642857,26
1088,118,6743.96,439.4,7.381,-7.1390557,26
1089,118,6749.86,438.8,5.99,-4.4658146,26
1090,118,6756.24,438.8,5.99,-4.802169,26
1094,118,6787.59,438.6,7.67,-4.9514203,26
1099,119,6829.08,435.8,8.174,-1.7222615,26
1101,118,6845.69,435.0,8.211,1.4421108,26
1105,117,6877.62,434.8,8.211,1.9878454,26
1111,119,6926.53,435.0,8.052,4.187762,26
1112,118,6934.94,436.4,8.118,5.891629,26
1114,119,6951.97,437.4,8.164,3.6847656,26
1117,120,6977.46,438.6,8.379,1.5544351,26
1119,121,6994.92,439.4,8.388,0.0,26
1120,122,7003.48,439.6,8.454,-0.2920005,26
1127,124,7063.51,439.4,8.454,0.0,26
1128,123,7071.86,439.4,8.435,0.0,26
1133,128,7114.16,439.4,8.435,0.3944566,26
1134,127,7122.75,439.4,8.435,0.3007215,26
1137,131,7147.9,439.6,8.37,0.0,26
1138,134,7155.85,439.6,8.37,0.0,26
1139,138,7164.02,439.6,8.37,-0.26941597,26
1141,141,7180.91,439.6,8.286,-0.30241206,26
1144,144,7205.94,439.6,8.286,0.17024437,26
1147,144,7230.17,439.6,8.099,0.21632008,26
1155,142,7298.56,439.4,8.323,0.5866164,26
1162,142,7357.87,439.8,8.519,1.014147,26
1168,145,7408.51,440.4,8.342,0.0,26
1169,146,7416.8,440.4,8.323,-2.4281137,26
1170,146,7424.83,440.6,8.295,-3.1217277,26
1176,146,7474.66,439.6,8.239,-2.4061956,26
1178,145,7491.45,438.8,8.23,3.0877144,26
1179,144,7499.6,438.0,8.211,3.4798658,26
1180,143,7507.8,436.8,8.211,5.7073526,26
1183,141,7532.98,436.6,8.342,6.8515196,25
1187,145,7566.39,440.6,8.248,0.1995934,25
1188,145,7574.56,440.6,8.248,0.2990546,25
1195,147,7633.39,440.8,8.351,0.0,25
1202,144,7688.76,440.8,7.306,0.0,25
1208,142,7725.04,440.8,4.553,0.0,26
1212,140,7735.04,440.6,2.09,1.041737,26
1217,141,7748.8,440.6,2.976,-0.2888802,26
1219,141,7757.78,440.8,4.591,-0.7215834,26
1221,143,7769.24,441.0,5.589,0.0,26
1223,146,7782.64,441.4,6.699,-0.48871297,26
1226,147,7804.39,441.2,7.315,-0.29230434,26
1232,145,7851.28,440.4,7.707,0.35219732,26
1240,142,7918.3,441.0,8.258,-0.29941595,26
1241,141,7927.01,440.8,8.304,0.0,26
1247,139,7980.32,441.0,8.65,-0.3765054,26
1254,139,8041.41,440.8,8.678,-0.32723978,26
1262,140,8109.97,440.6,8.547,-0.5855209,26
1263,140,8118.93,440.2,8.603,-1.4618216,26
1270,139,8178.39,439.4,7.399,-0.3365498,26
1271,139,8184.39,439.2,6.364,0.32404616,26
1275,136,8200.32,439.0,3.63,0.7166336,26
1280,137,8227.1,439.2,6.14,0.76225775,26
1282,137,8240.35,439.4,6.615,-1.8734385,26
1284,136,8252.79,439.4,6.112,-2.3596556,26
1290,133,8291.33,439.6,6.392,-1.4911594,26
1296,132,8333.41,438.2,6.643,0.22627449,26
1303,131,8379.81,438.4,6.597,0.53131783,25
1313,132,8446.61,438.4,6.522,0.9008044,25
1317,135,8473.9,439.0,6.737,1.8164542,25
1319,137,8487.9,439.4,6.755,5.2631345,25
1320,137,8494.84,439.6,6.774,6.2527857,25
1321,137,8501.66,439.6,6.774,6.796874,25
1322,136,8508.21,440.0,6.755,5.3630004,25
1323,136,8514.57,440.6,6.755,2.5186656,25
1324,136,8520.79,442.2,6.653,0.0,25
1328,135,8542.24,442.8,5.207,-1.1757184,25
1329,135,8547.78,443.0,5.225,-1.144773,25
1330,136,8553.78,443.2,5.636,-1.5564839,25
1333,136,8571.65,442.8,5.86,-1.030408,25
1339,133,8612.06,442.2,6.559,2.9904857,25
1340,134,8618.64,442.2,6.559,3.7078297,25
1341,134,8625.31,443.0,6.559,2.9577549,25
1342,134,8631.82,443.8,6.559,2.0658453,25
1343,135,8638.52,443.8,6.578,2.286033,25
1345,135,8652.18,444.2,6.587,1.8327458,25
1351,138,8693.29,444.8,6.755,1.4539735,25
1353,138,8707.44,445.2,6.802,-0.795079,25
1354,138,8714.6,445.6,6.821,-1.9482625,25
1358,138,8743.7,445.4,7.045,-1.6474298,25
1360,138,8758.81,444.8,7.194,-1.0793443,25
1362,137,8775.44,444.6,8.258,-1.0316557,25
1363,137,8783.76,444.4,8.584,-0.984349,25
1369,136,8836.51,444.0,8.622,-0.37976393,25
1372,135,8863.42,443.8,8.752,-1.657192,25
1376,132,8897.06,443.4,8.622,-1.5916243,25
1378,132,8913.77,442.8,8.444,-1.6571968,25
1379,132,8921.74,442.6,8.398,-1.7941606,25
1382,130,8944.79,442.2,8.118,-0.56413484,25
1385,131,8969.69,442.2,8.118,-0.7195103,25
1392,133,9028.35,441.6,8.314,0.0,25
1393,133,9036.87,441.6,8.323,-0.8969211,25
1397,131,9070.8,440.4,8.407,1.026133,25
1400,128,9095.43,440.4,8.407,0.30987155,25
1403,125,9119.32,441.0,8.211,-0.63240886,25
1405,123,9135.5,441.0,8.043,-1.4612718,25
1408,120,9158.88,440.6,7.856,-1.1482084,25
1409,119,9166.37,440.6,7.838,-2.3925042,25
1412,118,9187.93,440.2,6.914,-1.552215,25
1415,117,9204.62,440.0,5.085,0.3428705,25
1416,117,9208.82,439.4,4.591,1.4830705,25
1417,118,9212.1,439.4,3.891,1.4078472,25
1419,118,9215.43,439.4,1.829,1.4738208,25
1423,118,9215.9,439.4,0.0,1.5532432,25
1426,114,9215.9,439.4,0.0,1.5648054,25
1427,111,9215.9,439.4,0.0,1.5648054,26
1429,108,9217.59,439.4,0.0,1.5648054,25
1430,107,9220.52,439.4,2.407,1.6076901,25
1431,106,9224.31,439.4,3.546,1.6884061,26
1435,107,9245.85,440.0,5.822,0.7217128,26
1437,108,9258.17,440.2,5.972,0.69020104,26
1440,107,9279.81,440.2,7.185,0.3704742,26
1443,104,9304.01,440.4,7.66,-0.5705142,26
1444,104,9312.35,440.6,7.8,-0.9865048,26
1445,103,9320.65,440.4,7.502,-0.8242481,26
1453,104,9385.44,440.0,7.903,-0.31019527,26
1459,107,9436.29,439.8,8.183,0.0,26
1460,107,9444.83,439.8,8.332,0.38427228,26
1462,108,9462.2,440.2,8.444,-1.1565887,26
1463,110,9471.02,440.2,8.51,-1.5415992,26
1465,113,9488.49,440.2,8.547,-1.3397491,26
1468,117,9514.21,440.0,8.566,-1.5775114,26
1470,116,9530.87,439.4,8.566,-0.39700213,26
1471,117,9539.28,439.4,8.566,0.0,25
1472,118,9547.68,439.2,8.566,0.6628912,25
1474,121,9564.73,439.2,8.566,0.76965207,25
1476,122,9582.19,439.2,8.472,0.6561394,25
1478,125,9599.74,439.4,8.472,0.58558893,25
1481,128,9625.84,439.6,8.528,0.39348438,25
1484,129,9650.7,439.6,8.398,0.68973094,25
1485,130,9658.62,439.8,8.379,0.6308955,25
1487,130,9673.62,440.0,7.633,0.36028674,25
1489,129,9683.82,440.0,4.609,-0.2700561,25
1495,128,9714.1,440.0,5.468,-0.31337148,25
1500,127,9747.68,440.2,6.737,-1.9588096,25
1507,127,9795.76,439.8,6.681,-0.24168031,25
1512,124,9830.61,438.6,6.578,2.8896322,25
1515,123,9851.21,439.6,6.69,1.3698916,25
1519,120,9880.37,440.2,7.446,0.7652695,25
1522,121,9903.71,440.4,7.371,0.32661954,25
1524,124,9918.47,440.6,7.446,0.73961955,25
1525,127,9926.1,440.6,7.446,0.22950259,25
1527,133,9941.69,440.6,7.539,0.25214812,25
1528,136,9949.63,440.6,7.558,0.3137148,25
1529,137,9957.72,440.6,7.679,0.358489,25
1535,139,10005.48,441.0,7.856,-3.0613477,25
1538,139,10029.88,440.8,7.866,-3.2994418,25
1545,137,10084.43,438.8,7.698,-1.0977508,25
1546,136,10092.16,438.2,7.642,3.9984612,25
1551,137,10129.67,440.2,7.511,0.7633122,25
1553,137,10144.49,440.6,7.511,0.9857557,25
1557,137,10175.4,440.6,7.53,1.6568639,25
1559,137,10190.46,440.6,7.53,2.6069455,25
1564,137,10229.29,441.2,7.688,1.4549702,25
1566,137,10245.53,442.0,7.688,0.36071604,25
1569,136,10268.43,442.0,7.688,1.0791245,25
1571,136,10284.64,442.0,7.838,-2.1969857,25
1573,136,10301.19,442.2,7.959,-3.1778455,25
1578,135,10341.42,442.6,7.94,-4.1536574,25
1583,134,10378.35,440.4,7.698,-1.3293029,25
1586,134,10401.62,439.4,7.698,3.5075629,25
1592,134,10446.95,439.6,7.269,7.2994266,25
1593,134,10453.61,441.8,6.578,2.7509274,25
1594,134,10460.12,443.4,6.448,0.0,25
1595,133,10466.51,443.8,6.298,-0.396844,25
1596,132,10472.32,443.8,5.981,-0.35932353,25
1597,130,10478.11,443.8,5.981,-0.39948124,25
1600,127,10493.6,443.6,4.488,0.0,25
1601,126,10497.83,443.4,4.488,0.76887167,25
1603,126,10506.44,443.2,4.245,0.9834807,25
1604,126,10510.41,443.4,4.647,0.7704246,25
1607,125,10521.91,443.6,4.199,0.32127964,25
1611,123,10531.93,443.6,1.428,0.39472342,25
1614,122,10537.77,443.6,2.025,0.0,25
1615,121,10541.04,443.6,3.042,1.1434145,25
1616,122,10545.68,443.4,4.143,1.5007077,25
1618,122,10558.47,443.8,5.813,0.96834147,25
1620,121,10572.49,443.8,6.177,0.4402377,25
1621,121,10579.31,443.8,6.177,0.5215645,25
1622,121,10586.19,443.8,6.653,0.5728689,25
1625,123,10606.93,443.6,6.793,0.9552438,25
1631,122,10648.99,444.4,6.877,-0.48903558,25
1636,123,10688.74,444.2,8.155,-0.27811313,25
1640,126,10720.98,444.0,7.894,0.5423083,25
1642,128,10732.02,444.0,4.833,0.7949068,25
1647,128,10762.77,444.4,6.699,0.44550198,25
1655,129,10821.99,444.4,7.343,0.6780733,25
1661,132,10867.07,444.8,7.381,0.3788206,25
1662,132,10874.53,445.0,7.437,2.0588222,25
1663,133,10882.05,445.0,7.446,2.3633013,25
1665,136,10896.7,445.2,7.381,1.5839915,25
1667,137,10911.28,445.6,7.334,0.23055181,25
1669,138,10925.36,446.0,7.334,-0.27689403,25
1670,139,10932.73,446.2,7.25,-0.69003546,25
1677,142,10983.14,446.0,7.138,-0.39385578,25
1678,142,10990.64,445.8,7.147,0.39745045,25
1683,144,11033.77,445.2,8.864,1.1971222,25
1689,143,11090.97,446.0,9.116,0.6966035,25
1690,143,11100.67,446.4,9.163,0.34915394,25
1691,143,11110.25,446.4,9.359,0.19439918,25
1693,143,11129.46,446.8,9.433,-0.2137629,25
1695,143,11148.42,446.6,9.433,0.0,25
1701,143,11203.72,446.6,9.387,0.0,25
1708,143,11268.45,446.6,9.144,-0.30888793,25
1713,146,11313.7,446.4,9.013,0.63316536,25
1715,148,11331.73,446.4,8.976,0.7448394,25
1719,147,11367.51,446.8,8.892,0.37598687,25
1721,146,11384.91,446.8,8.873,0.6315278,25
1723,146,11401.89,447.0,8.818,0.51631993,25
1730,145,11462.36,447.2,8.594,0.32946894,25
1731,145,11470.98,447.4,8.575,2.164156,25
1733,145,11487.9,447.8,8.538,1.904496,25
1741,147,11554.91,449.0,8.36,0.5971333,26
1742,148,11563.05,449.4,8.332,1.5974171,26
1745,148,11588.15,449.8,8.342,1.9689112,26
1747,149,11605.04,450.2,8.332,0.9532401,26
1748,149,11613.53,450.2,8.295,1.1926012,26
1755,149,11672.29,450.8,8.267,0.3419993,26
1762,149,11731.17,451.0,8.37,-0.33999342,26
1769,149,11791.73,450.8,8.64,0.0,26
1770,149,11800.65,450.8,8.668,-1.4276077,26
1777,149,11861.66,450.2,8.762,-0.65668744,26
1784,150,11923.85,449.8,8.818,0.32160452,26
1790,147,11976.9,450.0,8.762,0.0,26
1792,146,11993.91,450.0,8.687,0.775185,26
1799,144,12054.31,449.8,8.519,1.324448,26
1807,143,12121.99,450.6,8.472,-0.29603058,25
1810,143,12147.74,450.4,8.472,0.43020904,25
1818,142,12215.26,450.8,8.472,0.0,25
1819,143,12223.86,450.8,8.472,0.5241757,25
1827,145,12291.64,451.2,8.37,0.0,25
1828,145,12299.93,451.2,8.36,-0.5270951,25
1836,147,12367.79,450.6,8.398,0.29554412,25
1843,147,12428.45,450.8,8.566,0.33049372,25
1845,147,12445.43,451.0,8.566,1.0575632,25
1852,146,12504.27,451.2,8.463,1.0218279,25
1858,147,12554.13,451.8,8.454,0.7365062,25
1862,148,12585.91,452.2,8.034,3.13791,25
1863,148,12593.58,452.4,8.015,4.6858354,25
1869,148,12637.21,453.2,7.399,3.8596058,25
1871,148,12650.84,454.8,7.371,1.8208,25
1877,149,12692.21,455.4,6.867,0.36760545,25
1879,149,12705.37,455.8,6.765,0.30920413,25
1883,150,12724.82,455.6,3.546,0.7755217,25
1887,150,12735.82,455.8,3.34,0.62830424,25
1891,149,12757.02,456.4,5.533,-0.38030455,25
1896,149,12788.5,456.0,6.597,-2.4762437,25
1904,147,12846.02,456.2,7.073,-4.180745,25
1911,145,12899.45,453.8,7.455,-0.37335682,25
1919,143,12961.91,453.6,7.605,-0.32162118,24
1920,143,12970.03,453.4,7.688,4.7550273,24
1921,143,12978.25,453.4,7.763,5.368684,24
1928,143,13033.49,454.4,8.015,4.3662553,24
1929,143,13041.39,456.8,7.968,0.35128558,24
1935,143,13090.3,457.2,7.968,-0.24610968,24
1939,140,13122.74,457.0,8.09,-0.35093844,24
1942,139,13147.57,457.0,8.258,-0.87109315,24
1947,138,13191.91,456.8,8.379,-1.1345158,24
1948,138,13200.37,456.4,8.407,-0.86839455,24
1955,139,13261.24,456.2,8.612,-0.6607301,24
1957,137,13277.69,455.8,8.463,1.1165931,24
1961,137,13304.72,456.2,6.298,1.1375531,24
1963,138,13314.98,456.4,5.085,0.0,24
1964,138,13318.31,456.4,3.238,-0.74968714,24
1966,135,13326.09,456.6,3.872,-2.1288664,24
1967,132,13330.58,456.6,4.199,-2.8283782,24
1968,129,13334.9,456.8,4.199,-3.3150654,24
1969,127,13338.15,457.0,4.199,-3.8679428,24
1971,126,13346.16,457.0,4.199,-4.108144,24
1972,126,13350.64,457.0,4.964,-4.7509546,24
1974,125,13361.7,456.4,5.944,-4.5387926,24
1975,124,13368.05,456.4,6.149,-5.499301,24
1976,124,13374.62,456.0,6.485,-4.014268,24
1979,124,13396.82,455.4,7.688,-3.4289923,24
1981,123,13412.66,454.6,7.884,-3.169081,24
1984,122,13432.81,453.6,6.354,-1.0529764,24
1985,122,13437.62,453.4,5.374,0.35517353,24
1986,122,13441.98,453.4,4.936,0.38877565,24
1987,122,13446.93,453.4,4.889,0.2900497,24
1990,121,13460.84,453.0,4.936,0.9361834,24
1992,120,13469.22,453.0,4.143,1.1977063,24
1994,121,13479.0,453.0,4.6,2.156082,24
1996,121,13489.12,453.2,4.684,2.284511,24
2000,123,13511.06,453.6,5.748,1.9651803,24
2001,124,13516.1,453.6,4.927,0.32289797,24
2003,124,13525.03,453.8,4.507,0.0,24
2005,124,13531.62,454.2,2.986,-0.9022503,24
2007,124,13536.21,454.4,2.053,-1.2209377,24
2009,125,13539.77,454.6,1.586,-1.5550365,24
2010,124,13541.56,454.6,1.586,-1.6279503,24
2012,121,13546.33,454.8,2.361,-1.9471645,24
2013,121,13549.04,454.8,2.361,-2.0779858,24
2014,120,13553.11,454.8,2.771,-2.1710427,24
2017,117,13572.88,454.6,6.615,-1.9895954,24
2022,117,13613.56,453.8,8.024,-2.0772004,24
2024,117,13630.76,453.4,8.276,-1.8188392,24
2028,117,13668.62,452.6,9.191,-0.64892393,24
2034,118,13723.44,452.4,9.088,-0.7321984,24
2036,118,13742.23,452.0,9.088,-1.2113811,24
2041,116,13789.59,451.4,9.041,-0.35039786,24
2042,117,13799.5,451.2,9.041,-0.37602577,24
2044,116,13819.14,451.2,9.527,-0.41423076,24
2046,116,13838.36,451.0,9.676,-0.25975168,24
2052,115,13896.12,450.8,9.611,0.0,24
2055,114,13923.6,450.8,9.013,0.24269655,24
2056,113,13932.94,450.6,9.293,0.7250113,24
2061,116,13978.77,450.6,9.051,0.82275605,25
2064,120,14006.13,451.0,9.023,0.74081516,25
2067,123,14033.0,451.2,8.995,1.3374063,25
2069,123,14051.08,451.4,8.995,1.5865997,25
2074,123,14096.02,452.0,8.864,1.3933371,25
2077,123,14122.96,452.4,8.883,1.8358495,25
2080,124,14150.63,453.0,8.892,0.5004031,25
2082,126,14168.18,453.4,8.892,0.0,25
2086,129,14203.24,453.4,8.883,0.58275086,25
2087,129,14211.47,453.4,8.845,0.6647242,25
2090,132,14236.96,453.6,8.584,0.3862604,25
2093,136,14263.14,453.8,8.584,-0.89997435,25
2095,140,14280.42,453.8,8.556,-2.6901457,25
2098,142,14303.65,453.6,7.306,-3.5808482,25
2100,142,14312.51,453.2,4.6,-4.363678,25
2101,142,14315.18,453.0,2.678,-4.6846437,25
2103,143,14321.14,452.4,3.434,-3.8471773,25
2105,142,14329.82,452.2,4.208,-3.9013653,25
2109,140,14352.98,452.4,6.13,-3.7883313,25
2112,139,14372.28,451.0,6.681,0.2642605,25
2115,138,14393.42,450.2,6.448,1.7729685,25
2116,139,14400.54,450.0,6.681,4.3600802,25
2120,141,14428.62,451.2,7.119,1.7262789,25
2122,143,14443.71,451.2,7.157,2.6397688,25
2127,143,14481.7,452.2,7.381,1.4030759,25
2128,143,14489.65,452.6,7.511,0.283264,25
2133,143,14529.54,453.4,7.67,-0.9581475,25
2136,144,14552.45,453.4,7.642,-1.3423728,25
2144,142,14618.98,452.8,8.873,-0.90396464,25
2147,142,14647.43,452.2,8.771,-0.6145528,25
2151,141,14684.1,452.0,9.125,-0.19989124,25
2158,141,14747.69,451.8,9.172,0.0,25
2160,141,14766.67,451.8,9.144,-1.2514516,25
2163,141,14795.27,451.2,9.228,-0.77896804,25
2168,144,14843.66,450.6,9.471,-0.69065243,25
2169,144,14853.2,450.6,9.508,-1.0208156,25
2171,144,14872.47,450.2,9.583,-0.580292,25
2176,144,14922.29,449.6,9.611,0.0,25
2181,143,14966.52,449.8,7.94,0.0,25
2184,142,14990.82,449.6,8.155,0.2607344,25
2185,142,14998.92,449.8,8.155,0.0,25
2186,142,15007.28,449.8,8.155,0.7459259,25
2190,142,15043.28,449.6,8.985,1.2953767,25
2191,142,15052.24,449.8,8.985,-0.21577212,25
2193,143,15068.83,450.2,8.5,-0.7174092,25
2194,143,15076.74,450.4,8.5,-1.1932663,25
2201,142,15136.15,450.0,8.332,-0.6748364,25
2206,139,15178.98,449.6,8.528,0.26276386,25
2210,138,15212.0,449.8,8.314,0.34784713,25
2213,137,15236.38,449.8,8.211,-0.63473636,25
2215,137,15252.53,450.0,8.192,-1.1402247,25
2221,138,15306.84,449.4,9.704,-0.3688308,25
2222,138,15316.61,449.2,9.751,-1.1604553,25
2228,140,15375.76,448.6,9.751,-0.33837456,24
2234,139,15429.44,448.4,8.463,2.9919958,24
2241,141,15484.57,450.0,7.297,0.7265529,24
2243,141,15498.88,450.4,6.858,6.8402815,24
2246,142,15519.54,451.6,6.886,5.66182,24
2249,141,15540.15,453.0,6.886,2.8641367,24
2251,140,15551.76,454.2,5.972,0.37617767,24
2255,137,15575.57,454.6,5.785,-0.58607787,24
2257,137,15586.82,454.6,5.785,0.6323421,24
2258,137,15593.07,454.8,5.785,0.47963563,24
2262,136,15620.17,454.4,5.766,1.0372306,24
2269,136,15670.19,454.2,6.42,1.9931661,24
2272,136,15692.14,455.2,6.513,0.0,24
2276,137,15720.91,455.4,6.643,-1.927968,24
2278,140,15736.59,455.2,6.746,-2.1117704,24
2279,141,15743.93,455.0,7.688,-2.3763278,24
2281,144,15759.92,454.4,7.959,-1.5111991,24
2282,148,15768.36,454.2,8.08,0.27706042,24
2284,150,15787.31,453.8,9.508,0.9397858,24
2285,150,15796.78,453.8,9.508,2.013289,24
2286,150,15805.89,453.6,9.191,2.7831967,24
2289,150,15832.03,453.8,8.118,2.8772316,24
2291,149,15846.62,454.4,7.241,3.0637276,24
2293,149,15861.48,455.0,7.455,1.7598698,24
2296,149,15884.34,455.4,7.53,1.498606,24
2300,148,15915.06,456.0,7.418,0.22369234,24
2308,149,15973.53,456.2,7.185,0.0,24
2309,149,15980.14,456.2,7.138,0.92849654,24
2313,148,16009.43,456.6,7.231,0.3437935,24
2317,148,16038.33,457.0,6.662,-2.6736124,24
2319,149,16049.41,456.8,5.197,-2.1076007,24
2321,147,16062.2,456.4,6.261,-1.8022943,24
2322,146,16070.49,455.6,7.502,0.3019391,24
2323,144,16078.28,455.4,8.267,0.69167525,24
2324,143,16086.69,455.4,8.444,1.0591824,24
2326,141,16103.86,455.2,8.603,2.1626618,24
2329,140,16126.99,455.4,7.334,0.0,24
2330,140,16134.4,455.8,7.334,-0.6782579,24
2331,140,16141.57,456.0,6.998,-0.98617387,24
2334,139,16163.28,456.4,7.409,-1.6280775,24
2341,137,16215.6,455.4,7.409,-0.38469088,24
2343,134,16230.75,455.2,7.409,2.9093904,24
2348,134,16270.43,455.8,7.791,2.0594637,24
2352,134,16298.64,456.8,6.69,1.494926,24
2353,133,16304.82,457.2,6.289,0.0,24
2355,133,16317.11,458.4,6.289,-2.2229877,24
2356,133,16323.82,458.6,6.382,-3.553251,24
2360,133,16359.08,457.6,9.228,-2.1744053,24
2362,134,16379.25,457.2,10.124,-1.8866129,24
2365,137,16411.91,456.4,10.824,-2.0977762,24
2366,138,16423.02,456.2,10.833,-3.9105663,24
2368,141,16445.91,455.6,10.684,-2.7567267,24
2369,141,16456.95,455.0,10.824,-2.816336,24
2370,142,16468.29,454.8,10.833,-2.3319135,24
2373,142,16502.69,454.0,11.113,-1.3944303,24
2375,142,16525.67,453.4,11.243,-0.7014431,24
2378,142,16560.01,453.2,11.29,-0.35662156,24
2380,142,16581.79,453.0,11.29,0.30801535,24
2381,142,16592.69,453.0,11.29,1.3397179,24
2384,141,16624.66,452.8,10.329,1.774951,24
2389,141,16671.49,453.2,8.92,1.7433058,24
2393,142,16704.99,454.2,8.314,1.7480546,24
2395,143,16721.4,454.6,8.556,2.0204449,24
2402,142,16774.57,455.2,7.577,1.5095124,24
2407,145,16809.53,456.0,7.446,-1.0739537,24
2408,146,16816.53,456.4,7.315,1.5372276,24
2410,146,16830.2,456.6,7.138,1.3716116,24
2417,144,16874.82,455.4,6.522,3.1493316,24
2423,144,16912.75,457.4,6.336,1.9505731,24
2425,145,16926.2,458.0,6.354,1.130065,24
2431,146,16966.13,458.4,6.69,1.9973665,24
2434,147,16986.03,458.6,6.69,2.231917,24
2442,146,17037.49,459.6,6.41,1.1634098,24
2450,147,17092.61,460.2,6.905,0.7284695,24
2453,146,17112.9,460.6,6.905,1.9357717,24
2456,145,17130.49,462.0,5.841,0.32148445,24
2457,144,17136.4,462.4,5.841,-0.60489434,24
2463,143,17175.35,462.4,6.886,-0.66497415,24
2466,146,17196.61,462.2,6.858,-1.0569494,24
2471,146,17232.4,462.0,6.961,-0.5540131,24
2476,149,17268.93,461.6,7.138,0.0,24
2480,146,17300.74,461.6,7.483,0.0,24
2482,143,17317.24,461.6,7.8,1.0391822,24
2485,140,17341.71,461.6,8.024,-0.5303996,24
2486,139,17350.05,461.6,8.071,-0.78168637,24
2487,139,17358.55,461.8,8.071,-0.7789178,24
2491,139,17392.7,462.2,8.388,-1.2747035,24
2498,139,17452.82,461.2,8.528,-0.33350363,24
2499,140,17461.6,461.0,8.538,-0.87016374,24
2501,140,17479.04,460.8,8.538,-0.66427726,24
2506,139,17521.68,461.0,8.538,-1.5330645,24
2511,137,17557.49,460.4,6.121,-1.8104255,24
2512,136,17563.84,459.8,6.494,-2.0902965,24
2514,135,17577.23,459.4,6.494,-1.5675218,24
2515,135,17584.41,459.4,7.082,-1.2591531,24
2516,133,17591.95,459.2,7.063,-1.1102508,24
2519,132,17614.76,458.8,7.418,-0.6187608,24
2524,132,17656.54,458.6,7.772,-0.55444306,24
2528,130,17687.18,458.4,7.772,-0.5740065,24
2530,128,17703.37,458.2,7.772,-0.7754808,24
2533,125,17726.38,458.0,6.914,-0.95219696,24
2535,124,17735.81,458.0,4.348,-1.5616437,24
2536,124,17738.57,457.8,3.023,-1.6583316,24
2538,123,17744.24,457.8,2.976,-1.7429655,24
2542,125,17766.45,457.6,5.281,-1.5401845,24
2543,125,17771.98,457.4,5.281,-0.9620857,24
2544,125,17777.29,457.4,5.281,-1.0569818,24
2545,125,17782.73,457.2,5.309,-0.78153694,24
2547,125,17795.57,457.2,6.541,-0.758579,24
2552,125,17828.39,456.8,6.541,0.26014447,24
2553,125,17835.8,456.8,6.643,0.22565162,24
2554,125,17843.12,456.8,6.727,0.24568205,24
2558,124,17872.67,457.0,7.175,0.0,24
2564,126,17917.15,457.0,7.427,0.0,24
2565,126,17924.91,457.0,7.437,1.9090145,24
2567,125,17940.32,457.0,7.521,2.3296258,24
2568,124,17948.26,457.2,7.521,2.5212178,24
2570,123,17962.68,457.6,7.437,2.2065685,24
2571,123,17969.68,457.8,7.437,2.5029206,24
2572,123,17976.53,458.0,7.437,3.610917,24
2573,123,17983.66,458.2,7.427,3.2936444,24
2577,126,18011.81,459.0,6.923,2.3510559,24
2578,127,18018.71,459.0,6.914,4.368611,24
2579,128,18025.24,459.2,6.895,4.5577784,24
2582,129,18043.39,460.0,5.841,5.0208716,24
2585,129,18060.72,460.4,5.384,5.5571895,24
2587,129,18071.4,460.8,5.141,6.6653657,24
2588,130,18077.02,461.6,5.636,6.536134,24
2590,131,18088.03,462.6,5.636,4.633513,24
2591,132,18093.48,463.2,5.561,3.3019345,24
2593,133,18104.49,463.6,5.393,2.8918536,24
2594,134,18110.09,463.8,5.393,0.0,24
2596,134,18120.96,464.6,5.561,-1.4328464,24
2597,135,18126.53,464.8,5.468,-1.5910323,24
2599,134,18137.41,465.2,5.468,-2.4496698,24
2601,134,18148.88,465.4,5.468,-2.7421079,24
2604,131,18165.87,465.2,5.57,1.1393749,24
2607,129,18183.66,463.8,5.738,2.9231606,24
2609,129,18195.81,463.8,5.785,1.4600046,24
2610,129,18201.52,463.8,5.776,1.5743865,24
2614,130,18227.47,465.8,5.99,-3.145834,24
2616,129,18238.38,465.6,5.729,-0.67583585,24
2619,129,18246.5,464.6,2.099,2.2816885,24
2620,129,18248.36,464.6,1.875,2.1669812,24
2623,128,18252.46,464.6,2.398,2.2352276,24
2627,127,18263.86,464.2,1.959,3.0526986,24
2630,127,18269.58,464.0,2.333,5.5974507,24
2631,126,18272.4,464.0,2.398,3.705514,24
2635,126,18287.88,465.0,4.04,2.6314902,24
2636,130,18292.22,465.2,4.161,2.9355035,24
2640,134,18312.32,465.8,5.188,2.1982543,24
2641,134,18318.47,466.0,5.374,3.8345068,24
2648,135,18355.96,467.0,4.945,2.3403838,24
2649,135,18360.38,467.2,5.188,-1.8009648,24
2651,134,18369.75,467.8,5.132,-3.1352549,24
2652,135,18374.4,468.2,4.945,-2.663318,24
2655,136,18386.05,468.6,3.798,-3.4090173,24
2660,136,18411.73,468.8,5.589,-4.412226,24
2665,136,18445.21,466.2,6.727,3.4097018,24
2666,136,18452.64,466.2,6.625,1.9832261,24
2670,133,18482.25,468.4,6.727,-1.8864136,24
2673,134,18505.64,468.6,7.203,-1.5643474,24
2681,135,18571.87,467.4,8.09,-0.30302534,24
2683,132,18589.71,467.2,8.976,-0.8145496,24
2686,130,18616.08,466.8,8.724,-0.4967578,24
2692,129,18670.22,466.4,8.967,0.0,24
2693,129,18679.24,466.4,8.967,0.0,24
2699,128,18733.64,466.4,9.004,0.0,24
2706,130,18795.79,466.4,8.976,-0.3217852,25
2709,132,18823.36,466.2,8.985,-0.64905137,25
2716,134,18888.26,465.6,9.228,0.0,25
2717,134,18897.54,465.6,9.228,-1.5389986,25
2719,134,18916.02,465.4,9.228,-1.4353192,25
2723,135,18953.32,465.0,9.228,-0.40773275,25
2730,135,19014.11,464.6,8.808,0.0,25
2731,135,19022.89,464.6,8.78,2.3688424,25
2739,137,19090.23,466.0,8.323,0.5947655,25
2741,140,19106.96,466.4,8.304,1.6971766,25
2742,140,19115.2,466.6,8.323,1.8289236,25
2749,140,19172.57,467.0,8.183,1.3974557,24
2754,141,19212.99,467.8,8.136,0.71153355,24
2756,143,19228.95,468.0,8.034,1.6867208,24
2760,146,19260.64,468.2,7.884,1.8050513,24
2763,146,19284.48,468.4,7.828,-1.430439,24
2766,148,19308.28,469.2,7.81,-2.4362302,24
2769,149,19330.42,469.4,7.772,-3.9963257,24
2773,149,19358.28,467.4,6.625,1.5220046,24
2774,149,19365.0,467.4,6.317,0.32432094,24
2777,146,19383.2,468.0,6.093,-0.72788197,24
2778,145,19389.15,468.2,6.093,-1.2585537,24
2780,144,19401.89,468.2,6.093,-1.3884579,24
2783,146,19419.94,468.0,5.944,0.97900075,24
2787,147,19446.88,467.6,6.121,1.8895037,24
2792,150,19483.74,467.4,7.567,0.32941723,24
2795,150,19507.56,468.8,8.015,-6.6654406,24
2798,148,19532.45,467.6,7.866,-2.4901342,24
2799,147,19540.67,466.2,7.866,0.35475758,23
2801,145,19557.16,465.0,8.015,5.113211,23
2803,144,19571.91,465.0,8.015,3.3934438,23
2805,143,19589.08,466.0,8.015,2.8114064,23
2806,143,19595.57,466.4,8.015,2.931605,23
2807,143,19605.41,467.8,8.015,0.9717591,23
2813,140,19657.08,468.4,8.566,0.0,23
2816,136,19683.1,468.4,8.715,-0.87322867,23
2821,135,19725.99,468.2,8.687,-1.5573757,23
2822,135,19734.38,467.8,8.659,-4.7450004,23
2824,133,19748.58,467.4,7.978,-4.7633924,23
2826,132,19765.07,466.2,8.118,-4.1194477,23
2829,131,19793.32,465.2,9.144,-2.3394816,23
2830,130,19801.85,464.6,8.5,-0.30101028,23
2832,129,19816.09,464.0,7.362,0.6922737,23
2834,128,19826.93,464.0,6.821,0.0,23
2838,124,19859.47,464.4,7.875,0.41845682,23
2839,123,19867.01,464.4,7.875,0.6345764,23
2846,122,19922.54,464.0,8.258,1.4461173,23
2851,125,19964.91,464.8,8.23,0.7365136,23
2856,126,20003.93,465.4,8.09,-0.3314527,24
2859,126,20025.21,465.4,7.856,-1.159363,24
2860,126,20033.92,465.2,7.847,-1.1228782,24
2861,127,20041.22,465.2,7.633,-1.3542135,24
2863,127,20055.54,465.0,7.549,-1.1603522,24
2867,126,20078.74,464.8,4.88,-1.474929,24
2870,125,20092.81,464.6,4.964,-1.6726997,24
2871,124,20097.84,464.4,5.02,-1.8284454,24
2873,123,20110.03,464.4,5.738,-1.984091,24
2875,123,20124.61,464.0,6.811,-1.7265296,24
2877,123,20138.56,463.6,6.541,-1.5125191,24
2878,123,20147.76,463.6,6.578,-3.4508278,24
2879,124,20158.33,463.4,8.678,-3.6368759,24
2880,125,20168.04,463.2,8.976,-2.7387547,24
2881,125,20177.67,463.0,8.939,-2.8244917,24
2882,125,20187.77,462.8,8.939,-2.9286437,24
2884,124,20208.2,462.4,8.771,-2.7484798,24
2888,124,20246.13,461.2,9.06,-2.3245568,24
2890,124,20268.69,460.8,9.275,-4.1699557,24
2892,123,20288.73,459.8,9.592,-4.708686,24
2893,122,20298.8,459.0,9.62,-2.1690774,24
2895,120,20319.61,458.6,9.676,-1.9182205,24
2900,119,20371.97,457.4,10.254,-0.38264066,24
2901,119,20382.5,457.2,10.254,-3.0411053,24
2905,120,20424.63,456.6,10.413,-2.3231049,24
2906,120,20434.12,455.6,9.844,-0.37094426,24
2908,120,20449.63,455.4,8.426,0.0,24
2910,121,20464.21,455.0,7.521,2.3338547,24
2912,120,20477.75,455.2,6.793,1.3395282,24
2913,120,20484.11,455.4,6.793,1.3146862,24
2914,121,20491.46,455.4,6.839,1.4347299,24
2916,121,20508.68,456.2,7.763,0.3216108,24
2921,121,20553.69,456.4,8.743,0.0,24
2927,124,20608.47,456.4,8.976,0.0,24
2930,126,20634.01,456.4,9.013,0.0,24
2937,129,20700.09,456.4,9.013,0.0,24
2939,129,20717.92,456.4,8.929,-1.0928754,24
2942,132,20744.97,456.0,8.911,-0.7227032,24
2945,135,20773.41,455.6,8.929,0.0,24
2952,135,20840.19,455.6,9.377,0.0,24
2959,135,20906.68,455.6,9.415,0.0,24
2960,135,20915.94,455.6,9.405,0.53979284,24
2967,136,20981.08,455.8,9.2,0.30838537,24
2970,137,21005.72,456.0,9.107,0.22989865,24
2977,137,21068.2,456.2,8.64,0.0,24
2979,140,21085.39,456.2,8.575,1.1535599,24
2980,143,21094.07,456.2,8.575,0.8832088,24
2981,143,21102.85,456.0,8.622,1.3518014,24
2983,143,21120.25,456.2,8.575,1.1912189,24
2987,141,21153.34,456.8,8.556,0.0,24
2991,144,21188.51,456.8,8.538,0.0,24
2994,147,21211.89,456.8,8.426,-0.3390619,24
2995,148,21220.37,456.8,8.407,0.0,24
2998,148,21247.67,456.8,8.407,0.0,24
3004,149,21296.81,456.6,8.407,0.362917,24
3011,151,21358.25,456.8,8.407,0.32675427,24
3017,148,21407.38,457.0,8.248,-1.8461559,24
3019,148,21423.48,456.0,8.099,-1.4664377,24
3021,148,21438.77,455.8,8.099,-1.533848,24
3025,147,21475.8,455.2,8.883,-1.0968715,24
3027,146,21493.72,455.0,8.631,-1.3076624,24
3030,145,21519.84,454.6,8.687,-0.6534632,24
3032,144,21537.12,454.4,8.855,0.0,24
3034,143,21555.07,454.2,8.855,-0.72735834,24
3036,142,21570.76,454.2,8.845,-0.86849344,24
3037,141,21581.84,454.4,8.845,-1.3077848,24
3044,140,21647.43,454.0,9.256,-0.9157498,24
3048,138,21685.74,453.4,9.321,-0.71824723,24
3050,138,21703.11,453.4,9.256,-0.91292137,24
3052,138,21722.32,453.0,9.256,-0.34668347,24
3055,138,21751.23,452.8,9.527,-0.20775217,24
3062,138,21818.57,452.8,9.508,-0.2983883,24
3069,138,21884.4,452.6,9.424,0.0,24
3070,138,21894.2,452.6,9.424,-0.58329624,24
3071,139,21904.02,452.4,9.424,-0.34092003,24
3076,142,21953.07,452.0,9.723,2.030685,24
3078,143,21972.88,452.2,9.769,1.7496713,24
3083,143,22021.79,453.4,9.797,0.2556923,24
3086,144,22051.29,453.4,9.769,0.2573652,24
3091,144,22099.55,453.6,9.751,0.0,24
3092,145,22109.11,453.6,9.751,0.0,24
3096,147,22147.87,453.6,9.676,0.0,24
3098,147,22166.38,453.6,9.657,0.30044866,24
3103,147,22214.45,453.6,9.601,0.38580024,24
3109,149,22270.49,453.8,9.508,0.35908982,24
3116,149,22329.41,454.0,7.521,-0.33858743,24
3117,149,22335.85,453.8,6.55,0.9496365,24
3119,149,22346.59,453.6,4.983,1.2840149,24
3121,149,22356.85,453.6,5.123,1.4884238,24
3123,148,22372.13,454.0,7.259,1.0546095,24
3128,146,22413.72,454.4,9.368,0.33367753,24
3130,147,22432.28,454.6,9.284,0.24532174,24
3137,149,22495.36,454.6,9.219,0.3175114,24
3142,152,22541.65,454.8,9.237,1.0800141,24
3143,153,22550.91,455.0,9.237,0.8598089,24
3150,154,22611.35,455.4,8.845,0.3315176,24
3152,154,22627.68,455.6,8.444,0.9190158,24
3153,155,22635.75,455.6,8.398,1.130959,24
3155,156,22651.69,456.0,8.248,0.6380082,24
3161,156,22698.48,456.2,7.866,0.8572341,24
3164,156,22721.71,456.4,7.772,1.4920894,24
3166,155,22736.97,456.8,7.744,0.4153452,24
3168,155,22751.97,457.2,7.735,0.0,24
3169,155,22759.77,457.2,7.735,0.0,24
3176,155,22817.85,457.2,8.127,0.0,24
3183,155,22880.98,457.2,8.948,-0.31620163,24
3190,154,22945.61,457.0,9.2,0.0,24
3191,154,22954.76,457.0,9.2,-0.26331574,24
3198,153,23021.75,456.8,9.275,0.0,24
3199,153,23030.96,456.8,9.275,0.30569923,24
3203,152,23068.36,456.8,9.331,0.35700312,24
3205,151,23086.98,456.8,9.312,0.7322645,24
3209,151,23123.12,457.0,8.948,0.48882094,24
3210,150,23132.01,457.2,9.293,1.0927609,24
3214,149,23169.01,457.2,9.219,1.102566,24
3215,149,23178.01,457.4,9.219,1.4874593,24
3220,149,23222.98,457.8,9.219,0.49013346,24
3224,149,23259.69,458.2,9.004,-0.32560018,24
3225,148,23268.03,458.2,9.004,-0.72739077,24
3227,148,23284.3,458.0,8.575,0.0,24
3229,147,23300.49,458.0,8.034,1.3733904,24
3231,146,23314.8,457.8,6.923,2.5470893,24
3232,145,23322.02,457.8,6.923,3.0249958,24
3233,145,23328.88,458.0,6.923,3.0599804,24
3235,144,23342.27,458.6,6.923,2.1300461,24
3236,143,23348.88,458.8,6.923,2.2896466,24
3237,141,23355.65,459.2,6.923,1.824201,24
3238,142,23362.12,459.2,6.914,1.9408914,24
3240,141,23374.12,459.4,6.112,1.8169266,24
3242,140,23384.96,459.6,5.3,1.4636045,24
3244,140,23394.84,459.8,4.908,-1.7696186,24
3247,139,23403.83,460.0,2.435,-2.6367755,24
3251,138,23417.85,460.2,4.152,-3.4676273,24
3252,138,23423.14,460.4,4.656,-3.6743948,24
3253,137,23429.01,460.4,5.393,-4.047045,24
3255,137,23441.85,460.4,6.074,-2.8662865,24
3257,137,23455.86,458.8,6.821,1.1359733,24
3258,134,23463.15,458.4,6.942,1.8900154,24
3260,131,23477.69,458.2,7.166,2.4002943,24
3261,130,23485.07,458.2,6.821,3.0591807,24
3267,132,23530.09,458.8,7.353,2.4111555,24
3275,132,23592.66,459.8,7.8,2.5447633,24
3276,133,23600.16,461.4,7.8,1.7363394,24
3279,137,23621.29,462.0,7.595,0.9702642,24
3280,138,23630.34,462.0,7.521,2.2194223,24
3281,139,23637.96,462.0,7.521,2.5318015,24
3284,140,23662.02,462.6,7.595,1.8055707,24
3288,139,23693.66,462.6,7.884,2.567881,24
3295,140,23747.87,463.6,7.866,2.214876,24
3299,137,23778.91,464.8,7.819,0.75957257,24
3305,135,23826.91,465.2,7.791,0.5494964,24
3308,135,23851.77,465.4,8.052,0.5989687,24
3310,136,23868.02,465.6,8.108,0.33698446,24
3313,137,23893.77,465.8,8.267,0.7811388,24
3315,140,23910.84,465.8,8.37,0.9327254,24
3316,141,23919.27,465.8,8.416,1.1686399,24
3323,143,23979.35,466.2,8.482,0.6642165,24
3329,145,24031.02,466.6,8.5,0.38790098,24
3335,146,24081.43,466.8,8.5,0.39726812,24
3337,146,24098.4,467.0,8.398,1.2012303,24
3345,148,24164.65,468.0,8.239,0.0,24
3346,148,24174.36,468.0,8.23,2.0940087,24
3352,148,24222.09,469.2,7.325,0.0,24
3354,147,24237.21,469.2,7.707,0.78337944,24
3356,146,24252.46,469.2,7.707,0.5361286,24
3359,145,24273.4,469.2,7.539,0.6725552,24
3364,145,24311.92,469.6,7.595,0.6281686,24
3365,145,24319.81,469.6,7.595,1.0548811,24
3371,144,24369.06,470.0,8.08,1.2246484,24
3373,143,24385.48,470.2,8.118,0.0,24
3377,142,24417.85,470.8,8.136,-0.9695927,24
3381,141,24447.41,470.4,7.166,0.0,24
3382,140,24454.22,470.2,7.082,1.5564901,24
3383,140,24461.3,470.2,7.39,1.7441211,24
3385,139,24475.78,470.2,7.371,1.9953299,24
3386,139,24483.98,470.4,7.95,1.7327433,24
3389,140,24511.64,470.6,9.48,0.82985765,24
3391,140,24533.65,471.2,11.01,0.1814593,24
3393,141,24556.32,471.4,11.066,0.0,24
3399,139,24622.0,471.2,10.926,0.30513358,24
3402,142,24653.8,471.4,10.562,0.0,24
3405,145,24684.24,471.4,10.32,-1.1147233,24
3406,146,24694.44,471.4,10.282,-0.7609457,24
3409,149,24725.56,471.4,10.282,-0.840842,24
3415,150,24789.71,470.6,10.273,0.0,24
3416,150,24799.48,470.6,9.937,-1.5995474,24
3418,148,24815.43,470.4,8.855,-1.0730195,24
3419,148,24823.76,470.0,8.855,0.34705266,24
3420,148,24831.79,469.8,8.706,0.661604,24
3421,148,24839.39,469.8,7.838,0.764659,24
3422,148,24846.94,469.8,7.53,0.6279949,24
3423,147,24855.0,470.0,7.53,0.35625228,24
3424,147,24863.6,469.8,8.08,0.5023504,24
3425,147,24872.38,470.2,8.976,0.0,24
3426,148,24883.74,470.2,9.172,0.0,24
3428,148,24902.74,470.2,10.6,0.0,24
3431,149,24934.41,470.2,10.18,0.0,24
3435,148,24978.14,470.2,10.6,0.59727246,24
3437,148,25001.47,470.2,10.6,1.6176772,24
3442,148,25052.57,470.6,10.226,1.5722905,24
3444,149,25072.79,471.4,10.217,0.3896289,24
3446,148,25093.5,471.6,10.217,0.7792565,24
3447,149,25103.8,471.6,10.217,0.5172347,24
3449,150,25124.21,471.6,10.114,0.5973606,24
3454,152,25170.79,472.0,8.845,0.95517844,24
3456,152,25187.01,472.0,7.922,2.0879664,24
3457,152,25195.03,472.6,7.922,1.6513906,24
3458,152,25203.37,473.0,8.202,1.1443504,24
3463,152,25247.69,473.2,8.622,2.264282,24
3465,152,25265.53,473.6,8.622,1.706534,24
3471,154,25317.91,474.6,8.696,0.3807825,24
3472,154,25325.06,474.8,8.696,1.9134401,24
3477,157,25370.17,475.4,8.603,1.116666,24
3478,157,25378.72,475.8,8.603,2.4591706,24
3479,156,25387.0,476.0,8.603,2.7527971,24
3480,155,25394.61,476.0,8.603,3.151038,24
3481,153,25402.48,476.2,7.894,3.434535,24
3484,150,25427.14,476.4,8.612,3.56702,24
3486,149,25444.14,477.2,8.612,1.2804319,24
3487,149,25452.71,477.8,8.444,0.6541573,24
3489,149,25468.95,478.2,8.043,0.0,24
3494,149,25505.19,478.0,7.744,0.9362453,24
3497,152,25533.14,478.2,8.836,2.1287315,24
3499,151,25552.1,478.6,9.396,2.1044145,24
3500,151,25561.54,479.2,9.368,0.8731671,24
3502,151,25580.56,479.4,9.293,0.7627857,24
3504,151,25599.63,479.4,9.396,0.9327958,24
3511,154,25666.55,480.0,9.517,0.29912835,24
3512,155,25676.14,480.2,9.471,3.1524584,24
3516,156,25712.35,481.6,9.471,1.5014014,24
3519,157,25742.76,482.0,9.471,1.3566843,24
3524,156,25785.77,482.6,8.995,1.085832,24
3528,154,25816.32,483.0,7.325,1.1900263,24
3531,153,25832.97,483.4,4.889,1.84078,24
3532,152,25836.4,483.4,4.768,2.501991,24
3533,151,25841.51,483.6,4.497,2.280471,24
3534,150,25846.12,483.8,4.768,3.5303671,24
3535,149,25850.42,483.8,4.889,3.8437097,24
3537,147,25859.35,484.0,4.889,2.1949031,24
3538,146,25864.33,484.0,5.552,2.4452436,24
3540,146,25880.98,484.4,7.269,2.075083,24
3541,146,25888.12,484.6,8.957,2.3189173,24
3542,146,25897.69,484.8,9.125,2.2645788,24
3546,145,25941.36,485.8,10.301,1.4841336,24
3547,145,25951.75,486.0,10.198,1.3761243,24
3553,148,26014.05,486.6,10.338,0.64228624,24
3556,150,26045.15,487.0,10.357,2.3993618,24
3558,150,26063.85,487.4,10.338,1.9202619,24
3561,151,26095.04,488.2,10.338,1.4598106,24
3567,153,26159.8,489.4,10.432,0.30806345,24
3568,153,26170.22,489.6,10.432,1.0828583,24
3574,154,26233.72,490.2,10.59,0.31401792,24
3576,153,26254.63,490.4,10.59,2.2739806,24
3582,153,26313.01,491.6,9.293,1.0282053,24
3588,157,26368.05,492.2,9.163,0.0,24
3589,158,26376.99,492.2,9.125,1.4487216,24
3590,159,26385.63,492.4,9.013,1.353294,24
3592,162,26402.64,492.4,8.463,1.5322319,24
3593,162,26410.74,492.6,8.146,1.2125176,24
3598,162,26451.23,493.2,8.435,0.53563935,24
3602,159,26485.46,493.4,8.146,0.7850728,24
3603,159,26493.9,493.6,8.276,1.1516304,24
3604,158,26502.22,493.6,8.323,1.311902,24
3607,154,26528.38,493.8,8.5,1.1343442,24
3610,152,26554.85,494.4,8.547,0.38830206,24
3611,152,26563.28,494.4,8.547,1.9113765,24
3613,153,26580.0,494.6,8.547,1.8437742,24
3614,153,26588.21,494.6,8.547,3.5616612,24
3615,153,26596.4,494.8,8.547,2.371135,24
3619,152,26628.33,495.6,8.239,1.5739695,24
3620,152,26636.41,495.8,8.099,2.379885,24
3625,152,26672.68,496.6,6.494,0.68727374,24
3626,152,26678.68,496.8,6.364,0.9081304,24
3627,152,26683.92,497.0,5.468,0.7308883,24
3629,149,26694.48,497.0,4.973,0.78241163,24
3630,148,26700.9,497.0,5.701,0.9053191,24
3632,144,26714.49,497.0,6.392,1.001364,24
3633,144,26721.71,497.0,6.392,2.2828054,24
3638,143,26760.76,497.4,7.735,1.8451955,24
3640,142,26775.55,497.6,7.25,4.9795804,24
3642,141,26789.03,498.4,7.25,4.8885846,24
3644,141,26800.89,499.8,6.578,4.597089,24
3645,142,26806.91,500.2,6.55,5.9686766,24
3649,142,26833.12,500.8,6.55,5.496536,24
3651,141,26845.66,501.2,6.41,7.8817186,24
3653,140,26857.99,502.4,6.261,7.046488,24
3655,140,26870.07,503.6,6.168,4.958424,24
3657,139,26881.84,504.6,6.065,2.7481768,24
3659,139,26894.16,505.4,6.065,0.63943315,24
3660,139,26899.81,506.0,5.99,-0.3970269,24
3661,139,26905.33,506.2,5.934,1.2655748,24
3662,139,26910.51,506.2,5.505,1.3875469,24
3664,139,26921.04,506.2,5.701,1.5251437,24
3665,139,26926.91,506.0,5.692,1.9093702,24
3668,140,26944.23,505.0,5.505,3.8643258,24
3671,140,26962.73,505.8,5.449,3.5783832,24
3674,141,26983.92,507.0,6.746,1.200638,24
3675,138,26992.02,507.2,6.746,1.2863791,24
3676,140,27000.24,507.6,6.802,0.7381676,24
3682,140,27046.19,507.8,6.802,0.32714567,24
3684,141,27061.16,508.0,7.082,-1.7810191,24
3686,144,27077.45,508.0,7.241,0.90770143,24
3688,148,27094.17,508.0,7.306,1.044961,24
3689,149,27102.07,508.0,7.772,1.2666885,24
3692,150,27127.48,507.0,7.437,2.821277,24
3698,147,27173.25,508.6,7.595,1.508054,24
3699,146,27180.74,509.0,7.558,1.2182232,24
3703,143,27209.37,509.4,7.511,0.6857867,24
3707,143,27239.01,507.6,7.287,3.8245828,24
3712,143,27277.16,509.8,7.343,2.6470897,24
3715,143,27299.27,510.2,7.353,6.162642,24
3717,143,27313.56,511.4,7.306,3.2151237,23
3720,143,27335.66,513.0,7.287,1.6472869,23
3721,142,27343.77,513.8,7.287,0.787896,23
3726,140,27386.48,513.8,8.015,0.8276934,23
3729,139,27416.21,514.2,9.881,-1.0676086,23
3730,139,27427.3,514.4,10.684,-1.8746865,23
3734,139,27480.05,513.8,13.623,-1.1312697,23
3737,140,27523.64,513.2,14.183,0.0,23
3739,141,27554.94,513.4,14.948,-1.2729559,23
3743,141,27617.69,513.2,15.069,-1.593031,23
3745,141,27645.61,512.2,13.735,0.8740016,23
3750,140,27709.31,512.8,12.167,0.31430855,23
3751,139,27721.39,513.0,11.943,0.52038133,23
3757,135,27786.27,514.0,10.133,-0.92745847,23
3762,136,27832.36,513.4,8.836,0.7554273,23
3769,136,27892.34,513.4,8.696,1.3329216,23
3772,134,27917.04,514.2,8.295,1.2168509,23
3775,136,27942.03,514.6,8.211,-0.621525,23
3777,133,27958.2,514.8,8.202,-3.2561557,23
3780,130,27981.37,515.0,8.118,-3.642675,23
3782,134,27997.19,514.2,8.043,-2.185951,23
3784,133,28013.22,513.0,7.8,1.4228551,23
3787,136,28036.48,513.0,7.716,1.8369936,23
3788,139,28044.16,513.0,7.716,2.2395687,23
3791,137,28067.61,513.2,7.754,2.1856675,23
3795,138,28098.98,514.0,7.744,1.101939,23
3798,135,28122.21,514.4,7.716,2.2416594,23
3800,135,28137.63,514.6,7.688,1.9921565,23
3802,137,28152.51,515.0,7.67,1.1833688,23
3806,140,28182.56,515.6,7.558,0.38004154,23
3809,145,28205.41,515.8,7.558,2.1937032,23
3811,149,28221.11,515.8,7.567,5.940887,23
3813,151,28237.09,516.8,7.726,5.2658496,23
3815,154,28253.22,517.0,7.828,4.9363794,23
3817,156,28269.28,517.8,8.006,4.930015,23
3819,156,28285.67,519.6,8.015,1.464291,23
3822,154,28310.29,520.2,8.099,0.91358805,23
3827,153,28351.32,520.6,8.136,0.81880957,23
3831,153,28383.63,520.8,8.118,1.5598918,23
3835,152,28415.53,521.2,8.043,1.678657,24
3837,151,28431.91,521.8,8.015,1.5795863,24
3843,150,28479.07,522.6,7.716,0.369246,24
3844,150,28486.17,522.8,8.015,5.5240393,24
3845,150,28493.17,522.8,7.035,6.2052784,24
3847,150,28506.99,523.4,6.653,5.8836713,24
3848,149,28513.35,524.0,6.503,6.8884387,24
3849,148,28519.52,525.2,6.41,5.686135,24
3853,149,28544.21,526.0,6.41,4.897761,23
3854,149,28550.47,526.4,6.308,4.8393617,23
3858,149,28576.81,528.0,6.27,1.4499049,23
3860,149,28590.4,528.8,6.308,0.73081374,23
3861,148,28597.97,528.8,6.69,0.73280394,23
3864,146,28619.41,529.0,6.783,0.36982355,23
3866,146,28631.43,529.0,6.009,1.2128378,23
3868,146,28644.84,529.2,6.615,1.1374321,23
3869,146,28651.92,529.2,6.811,1.4036373,23
3870,146,28658.96,529.2,6.811,1.8399266,23
3876,147,28702.31,530.0,7.035,0.68681633,23
3878,147,28717.65,530.0,7.119,5.014828,23
3880,147,28731.7,530.4,7.119,4.834821,23
3884,146,28762.19,531.8,7.157,3.451355,23
3887,148,28784.01,533.0,7.119,6.718835,23
3888,148,28791.33,533.6,7.11,8.687834,23
3889,147,28798.64,534.4,7.101,13.318646,23
3891,146,28811.98,535.8,7.101,11.072104,23
3892,144,28818.9,536.4,7.026,11.463758,23
3893,143,28825.57,536.8,6.97,10.357997,23
3894,142,28832.27,537.4,6.97,9.329704,23
3895,140,28839.35,538.0,6.97,7.5807133,23
3896,139,28846.96,538.4,6.97,7.8198233,23
3897,139,28854.69,541.8,7.67,2.112099,23
3898,138,28862.53,542.0,7.819,2.0493486,23
3899,138,28870.78,542.2,8.23,1.9781142,23
3900,137,28878.96,542.2,8.23,1.2794687,23
3902,136,28895.47,542.4,8.239,1.1425408,23
3904,135,28913.2,542.8,8.23,0.7468321,23
3908,135,28949.25,543.2,8.416,0.35672683,23
3909,135,28958.88,543.2,8.808,3.6720183,23
3910,135,28969.0,543.2,9.723,4.3216767,23
3912,134,28988.31,543.4,9.489,4.1001263,23
3913,134,28997.05,543.8,8.696,3.5376103,23
3915,133,29014.29,545.2,8.771,1.8518904,23
3917,132,29032.49,545.6,8.771,3.1550455,23
3920,131,29061.89,546.0,9.163,1.6944168,23
3921,132,29071.41,546.4,9.163,1.8431666,23
3927,133,29127.07,547.4,9.163,0.3600796,23
3928,134,29135.81,547.6,9.163,5.778322,23
3932,137,29170.7,548.4,8.957,5.0022883,23
3933,138,29179.04,548.8,8.827,6.669341,23
3935,137,29195.89,550.6,8.706,4.7292037,23
3937,136,29213.05,551.4,8.538,5.138799,23
3938,136,29221.48,551.8,8.491,3.6014714,23
3939,137,29229.81,552.2,8.491,3.447094,23
3941,139,29246.51,553.0,8.435,2.0716982,23
3945,142,29279.56,554.0,8.37,-0.23529564,23
3946,142,29287.84,554.2,8.351,-0.7703732,23
3951,143,29331.63,554.2,8.407,0.79560655,24
3957,144,29388.31,553.8,9.312,2.1169581,24
3964,143,29455.36,555.0,9.499,0.29752016,24
3966,142,29474.41,555.2,9.499,1.7627802,24
3970,143,29512.22,555.4,9.443,1.1844778,24
3975,142,29558.8,556.2,9.284,0.7224213,24
3979,142,29595.38,556.4,9.163,0.80018,24
3986,142,29659.07,556.8,9.116,0.62922806,24
3988,143,29677.14,557.2,9.107,1.7042013,24
3989,143,29685.97,557.4,9.06,1.9101558,24
3994,143,29729.17,557.8,8.108,0.79243904,24
3998,143,29761.7,558.4,8.23,2.2540736,24
4000,144,29777.18,558.4,7.474,3.9617813,24
4004,144,29809.0,559.2,7.95,2.9205894,24
4005,144,29817.06,560.2,7.95,2.7948391,24
4006,145,29825.55,560.6,7.95,3.1283376,24
4010,147,29859.33,561.4,7.884,2.206793,24
4012,149,29874.64,561.6,7.847,3.2517133,24
4015,149,29898.14,562.4,7.856,2.1260571,24
4017,149,29914.62,563.0,7.838,1.5067111,24
4019,150,29930.94,563.4,7.838,1.3368995,24
4020,150,29939.12,563.6,7.838,1.3637279,24
4021,150,29947.2,563.8,7.838,1.2288325,24
4028,151,30004.51,564.4,7.978,0.35037363,24
4030,152,30020.85,564.6,7.996,2.689329,24
4033,152,30045.54,564.8,8.071,3.0603783,24
4038,153,30086.41,565.8,8.127,1.6987789,24
4046,154,30151.74,566.8,8.192,1.2280844,24
4049,154,30173.91,567.6,7.427,4.599509,24
4050,154,30181.25,568.2,7.213,2.1953788,24
4052,154,30196.21,569.6,7.726,0.71641886,24
4053,154,30203.94,570.0,7.67,0.29139614,24
4061,156,30265.13,570.0,7.67,0.32722563,24
4063,158,30281.14,570.2,7.698,-0.20864938,24
4067,159,30313.8,570.0,7.95,0.0,24
4073,158,30361.36,569.8,7.95,0.28133503,24
4076,158,30385.07,570.0,7.912,1.0789832,24
4079,158,30409.32,570.0,7.912,2.5247138,24
4080,158,30417.09,570.2,7.847,1.5981877,24
4083,158,30440.56,570.6,7.847,1.2526106,24
4090,158,30497.25,571.4,7.931,0.35537308,24
4092,158,30513.23,571.6,7.987,1.3672318,24
4099,160,30570.48,572.2,8.108,0.7014089,24
4107,158,30637.07,572.6,8.248,0.30057693,24
4108,158,30645.52,572.8,8.267,1.7202961,24
4109,158,30654.03,572.8,8.388,1.5281948,24
4111,158,30670.93,572.8,8.388,1.6825019,24
4114,158,30695.41,573.0,8.379,1.8138543,24
4119,157,30737.42,573.8,8.286,1.1972702,24
4122,157,30762.44,574.2,8.286,0.6498913,24
4130,157,30829.9,574.6,8.323,0.29708314,24
4132,157,30846.76,574.8,8.323,3.5727963,24
4137,157,30885.87,576.0,8.211,1.2795268,24
4142,156,30925.3,576.8,7.838,0.3613548,24
4144,155,30941.38,577.0,7.838,0.68575794,24
4148,155,30974.04,577.0,7.847,0.8417036,24
4153,154,31012.85,577.6,8.258,-0.47719365,24
4158,152,31058.19,577.6,8.603,-0.479473,24
4162,152,31096.47,577.2,9.2,0.832482,24
4163,152,31105.95,577.2,9.275,1.3841938,24
4168,153,31154.36,577.4,9.508,1.5330437,24
4174,150,31210.46,578.0,9.433,1.7870685,24
4180,147,31265.24,579.0,8.976,0.0,24
4183,145,31292.59,579.0,8.976,-0.37434614,24
4186,142,31318.73,579.0,8.976,-0.31990814,24
4188,141,31337.06,578.8,8.995,1.1139699,24
4190,140,31355.26,578.6,8.864,3.5311518,24
4192,136,31372.75,578.8,8.845,2.3972118,24
4193,137,31380.51,579.4,8.099,2.081369,24
4194,137,31388.04,579.6,7.511,1.7096572,24
4196,136,31403.89,580.4,7.744,0.39252514,24
4199,135,31430.41,580.6,8.612,0.20083417,24
4200,135,31439.12,580.6,8.444,0.27368504,24
4207,135,31503.74,580.6,8.892,0.31031767,24
4208,135,31513.03,580.8,9.032,2.0754278,24
4210,134,31532.18,581.4,9.153,1.4720289,24
4212,134,31551.61,581.6,9.34,2.3429618,24
4213,135,31561.61,581.8,9.387,0.93374676,24
4215,135,31581.11,582.0,9.611,0.8238349,24
4217,136,31600.64,582.4,9.685,0.5146669,24
4223,137,31659.21,583.2,9.769,-0.6871852,24
4227,139,31700.15,582.8,9.872,-0.21437766,24
4232,140,31752.79,582.2,10.273,0.76169467,24
4237,139,31800.88,582.6,8.967,1.5942693,24
4240,140,31828.23,583.2,9.321,4.4638577,24
4242,140,31846.38,583.8,9.088,4.0843353,24
4244,140,31863.82,584.8,8.967,3.6397524,24
4249,140,31906.92,586.0,8.631,1.865576,24
4253,141,31938.82,587.0,7.726,1.6794441,24
4255,141,31952.65,587.4,7.017,1.4011177,24
4257,141,31966.31,587.8,6.737,1.0398768,24
4260,141,31987.49,588.0,7.11,0.98401994,24
4263,137,32010.11,588.2,7.11,0.9971914,24
4268,137,32047.66,588.4,7.539,0.8793537,24
4272,140,32078.38,588.8,7.586,0.74031854,24
4275,144,32101.55,589.0,7.67,1.622569,24
4276,145,32109.35,589.2,7.679,1.4907055,24
4278,147,32124.71,589.4,7.688,1.4769933,24
4280,147,32140.24,589.6,7.688,0.6526819,24
4282,147,32155.39,590.0,7.698,-3.2737286,24
4283,147,32163.14,590.0,7.735,-3.386812,24
4284,147,32170.86,590.2,7.754,0.44343638,24
4286,146,32186.07,590.2,7.754,0.4837443,24
4288,146,32201.03,590.0,7.735,0.890838,24
4289,146,32208.51,588.0,7.688,4.972312,24
4295,146,32253.56,588.2,7.521,5.2689414,24
4298,147,32276.75,590.6,7.558,3.4936411,24
4299,147,32284.31,591.8,7.558,3.0115418,24
4304,148,32322.14,592.4,7.558,2.3000052,24
4306,148,32336.65,593.0,7.558,1.4238982,24
4314,146,32392.44,593.6,6.979,0.7156454,24
4316,146,32405.66,594.0,6.933,-1.3446068,24
4318,146,32419.07,595.2,6.849,-3.585462,24
4321,146,32439.11,595.2,6.793,-3.2239645,24
4325,147,32466.96,593.8,6.793,0.0,24
4328,148,32487.65,593.0,6.746,1.6829885,24
4330,149,32500.85,593.0,6.737,1.5195826,24
4332,150,32513.48,593.8,6.727,0.3803655,24
4334,151,32526.53,594.0,6.662,-2.9846044,24
4335,151,32533.44,594.0,6.662,-1.8635966,24
4338,152,32553.24,594.0,6.494,-2.0940864,24
4340,152,32566.89,594.0,6.494,-1.4527751,24
4344,150,32590.81,592.4,6.261,4.782011,24
4347,147,32608.46,592.8,5.897,5.5198207,24
4350,147,32625.53,593.2,5.869,6.6270566,24
4356,149,32659.55,595.2,5.626,4.6669755,24
4357,149,32664.54,596.6,5.617,-5.3762093,24
4358,149,32669.4,597.6,4.955,-7.6661367,24
4361,149,32681.54,597.8,3.779,-5.8058233,24
4365,147,32697.09,597.8,4.273,-4.648216,24
4368,144,32708.91,597.2,4.208,-7.4148345,24
4370,144,32719.75,594.6,5.244,-1.3726088,24
4371,143,32725.01,593.4,5.244,0.0,24
4374,142,32742.05,594.6,5.738,-1.679121,24
4375,141,32748.15,595.0,6.168,-2.9420605,24
4382,140,32796.45,593.4,7.614,0.0,24
4389,138,32851.78,593.4,7.614,0.0,24
4391,135,32866.89,593.4,7.614,-5.7758427,24
4393,132,32879.41,593.4,6.457,-7.192773,24
4395,131,32891.62,593.4,6.233,-5.4548464,24
4396,130,32897.53,593.2,5.962,-1.8600888,24
4397,130,32903.47,593.0,5.804,-1.5072063,24
4399,131,32916.04,590.4,6.252,3.9110935,24
4400,131,32922.32,586.0,6.252,11.244627,24
4402,132,32934.38,589.4,6.102,3.771302,24
4403,129,32940.01,590.4,5.962,-10.604932,24
4404,133,32945.44,592.2,5.496,-16.914452,24
4405,130,32950.22,592.2,5.095,-15.671181,24
4406,133,32954.77,592.2,4.619,-15.359827,24
4407,134,32958.94,592.4,4.423,-12.068767,24
4410,135,32971.44,592.2,4.619,-12.560326,24
4411,134,32975.69,592.2,4.488,-15.539618,24
4412,134,32980.41,591.4,4.479,-4.7883143,24
4413,133,32985.53,587.4,4.488,2.17862,24
4414,133,32990.93,585.0,5.44,6.4175534,24
4415,135,32996.64,583.6,5.944,9.66148,24
4416,134,33002.79,584.2,6.168,8.239077,24
4419,138,33022.94,584.2,6.727,6.7280173,24
4420,141,33030.01,584.2,6.933,6.193177,24
4422,144,33044.82,588.8,7.399,-0.65887856,24
4423,145,33052.53,588.8,7.493,-0.7493094,24
4425,145,33068.19,588.8,7.772,-0.9968243,24
4428,146,33090.74,588.6,7.381,-0.6838257,24
4429,143,33098.13,588.4,7.381,-2.4503078,24
4431,140,33112.84,588.4,7.353,-3.3667634,24
4433,135,33126.69,588.2,7.287,-3.8771222,24
4434,130,33133.6,588.2,7.175,-5.253634,24
4435,127,33140.57,588.0,7.119,-5.5195436,24
4436,126,33147.87,587.8,7.119,-5.914563,24
4439,126,33169.71,587.0,6.625,-4.7080336,24
4440,126,33176.53,586.0,6.895,-1.9217255,24
4442,126,33191.51,586.0,6.895,-2.0996196,24
4443,126,33199.01,584.8,6.979,-0.65216374,24
4444,126,33206.79,584.6,7.035,-0.37100187,24
4450,126,33252.84,584.0,7.054,1.6048677,23
4452,128,33269.08,584.4,7.521,4.5429115,23
4454,129,33284.81,585.0,7.278,3.5602305,23
4458,131,33314.46,587.2,7.147,0.38685802,23
4461,135,33336.47,587.2,7.147,-0.33881846,23
4464,138,33358.09,587.4,6.914,-0.77270746,23
4466,137,33373.64,587.2,6.905,-2.5824316,23
4468,136,33388.42,587.0,6.905,-2.9960206,23
4469,136,33395.06,587.0,6.905,-3.7450144,23
4472,133,33412.33,586.8,5.71,-3.8649807,23
4474,135,33422.58,585.8,5.02,-2.4462461,23
4478,132,33446.98,585.4,6.727,-4.378002,23
4481,131,33469.49,584.8,7.437,-3.5137863,23
4482,131,33477.51,584.4,7.847,-4.200657,23
4484,130,33493.51,583.0,8.024,-2.1023464,23
4488,129,33526.85,582.4,8.024,-1.6669997,23
4491,130,33553.57,582.0,8.332,-1.5028869,23
4494,133,33579.9,581.4,8.762,-1.4965011,23
4497,130,33606.95,581.2,8.818,-2.9360597,23
4500,129,33634.4,580.6,8.873,-3.2514703,23
4503,128,33662.5,579.6,9.06,-2.1304963,23
4506,131,33690.74,578.8,9.275,-1.4093246,23
4507,129,33700.2,578.4,9.303,-1.0893956,23
4508,128,33709.66,578.2,9.321,-0.5572541,23
4509,131,33719.04,578.2,9.321,-0.6445063,23
4510,127,33728.03,578.0,9.321,-0.37967357,23
4512,131,33746.07,577.8,9.321,-0.330868,23
4515,130,33771.92,577.8,9.06,-0.6804999,24
4517,134,33788.68,577.8,8.351,-2.831301,23
4519,137,33804.73,577.6,8.678,-2.1413665,24
4521,139,33820.67,577.4,8.351,-2.3872473,24
4522,139,33828.67,577.2,8.136,-4.255783,24
4526,141,33863.33,576.2,8.911,-2.2053084,24
4527,142,33872.25,576.0,8.985,-2.9258997,24
4531,145,33910.02,575.0,8.985,-1.810019,24
4534,146,33938.77,574.4,9.359,-2.4331925,24
4537,147,33967.92,573.8,9.461,-1.2669976,24
4542,149,34017.89,573.0,9.685,-2.3358388,24
4543,149,34027.81,572.8,9.704,-4.2490435,24
4546,149,34058.56,571.6,9.937,-2.7375758,24
4548,150,34078.99,570.4,9.984,-4.9773574,24
4549,150,34089.2,570.2,10.068,-5.3140163,24
4552,151,34119.04,568.8,10.086,-3.9099257,24
4555,151,34150.58,567.4,10.208,-2.6428356,24
4557,152,34172.07,566.4,10.208,-1.1549642,24
4559,152,34192.95,566.0,10.348,-0.79092324,24
4560,152,34202.65,566.0,10.348,-1.090133,24
4565,153,34248.11,565.8,9.163,-2.7958755,24
4567,153,34267.1,565.4,9.265,-4.070432,24
4570,154,34296.49,564.0,9.265,-2.8840308,24
4571,154,34306.7,563.6,9.265,-1.9413507,24
4575,155,34343.34,563.0,8.472,-1.4589944,24
4580,157,34389.16,561.8,9.172,-0.7231668,24
4581,157,34398.63,561.8,9.172,-0.54788244,24
4588,157,34462.13,561.4,9.032,0.0,24
4592,155,34495.16,561.4,7.968,-1.22468,24
4593,156,34503.02,561.4,7.987,-3.8102746,24
4598,154,34544.04,560.6,8.08,-2.359683,24
4599,154,34552.93,560.4,8.08,-3.066832,24
4602,152,34579.49,559.2,8.491,-1.9527508,24
4604,149,34596.06,558.8,8.491,-2.834148,24
4605,149,34604.27,558.8,8.491,-3.283015,24
4608,147,34628.81,558.2,7.614,-2.6416926,24
4610,145,34643.11,557.8,7.194,-3.5588362,24
4612,145,34657.29,557.0,6.933,-2.718187,24
4615,144,34679.14,556.8,7.269,-0.50335765,24
4617,145,34694.54,556.0,7.269,0.6978211,24
4623,147,34736.58,555.6,7.147,2.0695143,24
4627,149,34762.2,556.4,6.699,4.6640177,24
4629,148,34773.85,557.0,6.392,-0.8821235,24
4630,148,34779.91,557.4,6.317,-1.7810168,24
4633,151,34796.51,558.4,5.3,-3.9954355,24
4634,151,34801.46,559.2,5.3,-3.7745864,24
4636,151,34808.32,559.4,3.21,-4.325547,24
4637,151,34811.25,559.6,2.799,-5.127859,24
4641,154,34830.17,559.6,4.684,-5.3766856,24
4644,151,34846.07,556.4,4.684,1.3945534,24
4648,149,34870.85,556.2,4.927,2.0950468,24
4651,147,34887.34,556.4,5.067,4.3970513,23
4655,147,34912.92,557.2,5.095,4.209961,23
4657,147,34925.51,557.6,6.018,5.828961,23
4661,148,34949.15,558.8,5.598,-30.0,23
4663,150,34960.82,559.8,5.151,-30.0,23
4664,151,34964.36,560.0,3.891,-30.0,23
4665,152,34967.47,560.6,2.379,-30.0,23
4667,154,34968.88,561.2,0.0,-30.0,23
4669,154,34969.11,561.6,0.0,-30.0,23
4672,153,34970.17,562.2,0.0,-30.0,23
4677,152,34970.17,562.8,0.0,-30.0,23
4684,150,34970.17,562.6,0.0,-30.0,23
4693,147,34970.17,561.6,0.0,-30.0,23
4696,146,34970.17,561.4,0.0,-30.0,23
4698,145,34970.17,561.0,0.0,-30.0,23
4704,143,34970.17,560.0,0.0,-30.0,23
4708,141,34970.17,559.2,0.0,-30.0,23
4713,134,34970.17,558.4,0.0,-30.0,23
4715,130,34970.17,558.0,0.0,-30.0,23
4718,125,34970.17,557.4,0.0,-30.0,23
4719,122,34970.17,557.2,0.0,-30.0,23
4720,122,34970.17,557.2,0.0,-30.0,23
4721,122,34970.17,557.0,0.0,-30.0,23
4723,120,34970.17,556.8,0.0,-30.0,23
4846,114,34970.17,541.4,11.02,-2.2013173,23
4847,115,34980.97,541.2,10.74,-1.8344126,23
4849,114,35003.16,540.4,10.6,0.0,23
4851,114,35025.02,540.2,10.74,0.22813265,23
4857,112,35090.88,540.2,10.74,0.30364907,23
4858,111,35100.96,540.4,10.637,4.13461,23
4861,108,35130.38,541.4,9.657,3.5084808,23
4863,107,35149.03,541.8,9.135,-1.0759993,23
4864,108,35157.91,542.8,9.041,-2.3570387,23
4866,108,35176.72,543.4,9.349,-3.561924,23
4867,108,35186.17,543.4,9.527,0.29392323,23
4871,108,35225.19,541.2,9.527,4.0875354,23
4873,107,35244.99,541.0,9.527,5.1185308,23
4878,106,35291.61,543.6,9.508,0.8216377,23
4884,107,35342.08,544.4,7.922,0.0,23
4886,108,35358.2,544.4,7.754,0.26525667,23
4888,108,35376.1,544.2,8.556,0.67521936,23
4893,108,35417.73,544.4,9.004,-1.2300963,23
4897,108,35457.52,544.6,10.45,-1.6802064,23
4902,109,35512.91,543.4,11.449,-0.7217881,23
4904,109,35534.76,543.0,10.87,-0.30315685,23
4906,109,35557.0,543.0,10.861,-1.0357608,23
4908,110,35579.1,543.0,10.87,-1.4535279,23
4911,112,35611.86,542.8,10.842,-1.8341917,23
4912,112,35622.83,542.2,10.842,-0.74368787,23
4914,114,35644.46,541.8,10.814,-0.41426915,23
4915,114,35654.92,541.6,10.814,-0.26628748,23
4921,117,35719.58,541.4,10.665,0.0,23
4922,117,35730.68,541.4,10.665,1.8306073,23
4927,120,35785.36,541.8,10.87,1.46624,23
4930,121,35818.0,542.6,10.889,1.4885541,23
4932,122,35839.12,543.4,10.87,-0.9470294,23
4938,123,35902.49,543.4,10.59,-1.2627066,23
4943,124,35959.36,542.6,11.206,1.0560207,23
4949,125,36029.52,543.2,11.561,1.1428646,23
4954,122,36086.7,544.0,11.617,0.35019863,23
4955,125,36098.01,544.2,11.449,1.7841139,23
4956,125,36109.32,544.2,11.421,2.6975474,23
4959,125,36142.74,544.8,11.299,2.1599681,23
4961,126,36164.94,545.2,11.253,3.1224647,23
4963,128,36185.97,546.0,10.525,1.3708777,23
4965,129,36206.57,546.6,10.273,0.77531207,23
4968,129,36237.66,547.2,10.674,-1.1407974,23
4970,128,36259.28,547.0,10.525,-1.8548104,23
4973,128,36291.6,546.6,10.73,-2.924185,23
4975,129,36314.2,546.0,11.02,-2.1324837,23
4978,132,36347.98,545.0,11.048,-1.0234506,23
4979,132,36359.02,544.8,11.048,-0.90052664,23
4982,131,36392.38,544.6,11.122,-0.7198432,23
4984,134,36414.85,544.2,11.122,-0.6077546,23
4986,132,36436.48,544.2,11.076,-1.1066464,23
4988,132,36458.45,544.0,11.01,-1.8639215,23
4989,131,36469.03,543.8,10.964,-2.1917346,23
4990,131,36479.74,543.6,10.964,-2.2548635,23
4994,131,36522.5,542.6,10.758,-0.9505968,23
4996,131,36542.93,542.4,10.105,-1.5180746,23
5001,130,36588.44,542.0,8.799,-2.255698,23
5004,129,36613.85,541.4,8.855,-0.22172414,23
5006,131,36630.87,540.4,8.799,1.2362556,23
5012,133,36678.74,540.8,7.278,0.66420156,23
5014,132,36691.3,541.2,6.345,-0.62940824,23
5016,132,36704.54,541.2,6.55,-0.7829641,23
5021,130,36742.49,540.4,7.362,1.5403323,23
5028,132,36795.5,540.8,7.399,1.8894701,23
5032,128,36824.49,541.8,7.231,2.3819647,23
5035,126,36846.03,542.0,7.231,1.9088495,23
5041,127,36887.59,543.0,7.017,2.7039626,23
5042,125,36894.24,543.2,6.951,2.978828,23
5045,123,36912.77,544.8,6.037,-0.33582813,23
5046,125,36917.51,544.8,4.964,-1.0955453,23
5047,124,36922.18,545.0,4.927,-1.4646171,23
5048,123,36926.7,545.0,4.647,-1.5708126,23
5050,122,36935.81,545.0,4.404,-1.694045,23
5051,120,36941.38,545.0,5.207,-1.9979644,23
5053,120,36953.78,544.8,6.056,-2.3361967,23
5054,119,36959.73,544.6,5.934,-1.5788693,23
5058,117,36985.7,544.2,6.485,-1.0481225,23
5059,116,36992.56,544.0,6.326,-0.54011416,23
5062,119,37017.13,543.6,8.248,0.0,23
5063,118,37025.53,543.6,8.379,0.39076358,23
5064,121,37034.53,543.8,8.248,0.53197706,23
5067,118,37060.01,543.6,8.248,0.906174,23
5068,118,37068.46,543.6,8.323,0.30493283,23
5072,115,37101.0,543.8,8.248,0.0,23
5075,115,37125.73,544.2,8.276,-1.0820376,23
5083,117,37193.25,543.8,8.37,-0.88671076,23
5087,120,37228.93,543.2,8.538,-0.7473402,23
5089,123,37246.86,543.0,8.827,-1.1133629,23
5091,128,37264.91,542.8,8.864,0.0,23
5093,136,37282.74,542.6,8.873,1.1276686,23
5095,139,37300.61,542.4,8.901,1.5231378,23
5096,147,37309.36,542.8,8.873,-0.25711894,23
5097,150,37318.1,543.0,8.864,-0.57997745,23
5098,155,37326.79,543.2,8.864,-0.9959463,23
5099,158,37335.45,543.2,8.836,-1.1634063,23
5104,160,37378.47,543.2,8.659,-0.9143303,23
5109,161,37422.86,542.6,8.79,0.0,23
5115,162,37476.57,542.4,8.911,0.37190843,23
5117,163,37493.7,542.6,8.799,0.34809572,23
5118,163,37501.78,542.6,8.472,0.61396456,23
5120,163,37518.01,542.6,7.838,0.7003811,23
5122,162,37534.21,542.4,8.538,0.6705859,23
5123,161,37541.94,542.8,8.51,-0.20482148,23
5125,160,37558.67,542.6,8.472,0.0,23
5127,160,37577.24,543.0,9.387,-0.54881793,23
5132,159,37631.71,542.8,11.449,-0.36845994,23
5137,160,37690.93,542.6,11.449,0.0,23
5143,161,37762.16,542.6,11.785,-1.9685452,23
5147,164,37808.28,541.2,11.579,-1.2510742,23
5150,164,37842.29,540.6,11.439,-1.1871303,23
5153,163,37875.81,540.2,11.355,-1.0047457,23
5159,161,37941.97,539.8,11.104,-0.90761393,23
5164,160,37996.39,539.2,10.945,0.0,23
5165,160,38007.11,539.2,10.861,0.25924367,23
5171,160,38073.58,539.4,10.992,0.0,23
5173,160,38095.78,539.4,11.01,2.1088247,23
5178,161,38149.57,540.6,10.945,0.744876,23
5182,161,38190.86,541.0,10.721,0.43641984,23
5187,164,38241.29,541.4,10.245,0.0,23
5190,166,38271.64,541.4,10.105,0.22504766,23
5196,165,38330.47,541.2,9.947,0.6835181,23
5203,165,38398.11,541.6,9.704,0.0,23
5209,166,38453.71,541.6,9.377,2.1636736,23
5216,166,38516.02,542.8,8.883,0.95825326,23
5223,166,38578.93,543.4,8.985,0.31844303,23
5224,166,38588.16,543.6,8.995,-1.3344656,23
5225,166,38597.46,543.8,9.088,-1.8281462,23
5231,167,38653.98,543.6,9.331,-1.7679425,23
5236,166,38703.72,542.6,9.639,-1.7441219,23
5239,166,38734.38,542.2,9.975,-3.5558434,23
5242,166,38765.46,541.2,10.152,-3.0106149,23
5246,166,38807.28,540.0,10.329,-1.897735,23
5248,166,38828.85,539.0,10.404,0.0,23
5249,166,38839.85,538.8,10.46,0.25332317,23
5255,167,38907.93,538.6,11.271,0.5883356,23
5261,167,38976.05,539.0,11.318,0.29346108,23
5262,167,38987.36,539.2,11.309,-0.26187864,23
5268,168,39052.68,539.0,11.094,0.0,23
5274,169,39116.37,539.0,10.712,1.255705,23
5280,169,39179.44,539.8,10.581,0.31825322,23
5281,169,39189.75,540.0,10.572,3.2302048,23
5284,169,39220.64,540.8,10.394,2.3408628,23
5286,169,39241.26,541.6,10.385,3.0667813,23
5287,169,39251.62,542.0,10.338,3.5124998,23
5291,169,39292.24,543.0,10.133,1.7375802,23
5294,171,39320.69,543.8,10.058,1.8100668,23
5296,171,39339.04,544.2,9.209,0.32150573,23
5297,171,39347.73,544.6,9.499,-1.6004046,23
5299,171,39365.22,544.8,9.415,-2.2196426,23
5301,171,39382.6,544.8,9.209,-1.8419068,23
5303,171,39401.72,544.4,9.209,-1.7299392,23
5308,170,39452.07,543.6,9.751,-0.7923754,23
5313,170,39502.74,543.2,10.124,0.0,23
5316,167,39532.78,543.2,10.04,0.6083356,23
5323,167,39601.59,543.6,9.872,0.29116273,23
5329,167,39658.89,543.8,9.349,1.0475881,23
5332,167,39685.52,544.4,9.349,-1.0131878,23
5334,167,39702.51,544.4,8.295,-0.67209667,23
5336,167,39718.08,543.8,7.884,0.0,23
5337,166,39724.74,543.8,7.539,-0.5308566,23
5338,166,39731.16,543.8,7.166,-0.58368623,23
5340,166,39744.92,544.0,7.166,-0.9647188,23
5342,165,39759.01,544.0,7.39,-3.4412358,23
5347,162,39793.5,543.8,6.942,-3.9377773,23
5350,160,39814.88,543.4,6.989,-3.6164434,23
5351,159,39822.21,541.6,7.063,-1.584109,23
5357,157,39865.42,540.6,7.11,0.5013868,23
5362,154,39901.94,540.8,7.362,1.1535691,23
5364,154,39917.45,541.0,7.455,1.1323224,22
5367,153,39940.69,541.4,7.53,0.722858,22
5371,151,39972.73,541.8,7.866,0.9344165,22
5372,150,39980.81,541.8,7.912,1.2325313,22
5375,146,40004.92,542.4,7.912,0.35177886,22
5377,143,40020.87,542.4,8.071,2.8333988,22
5379,141,40037.8,542.6,8.183,3.1646729,22
5380,141,40046.18,542.6,8.248,4.073977,22
5386,140,40096.69,543.2,8.379,3.5716627,22
5393,140,40154.93,545.0,8.323,2.4154353,22
5394,140,40162.64,546.4,7.763,0.0,23
5396,140,40174.3,546.6,5.664,-0.99170357,23
5397,139,40178.61,546.6,4.563,-1.7788616,23
5401,137,40191.09,546.0,2.846,-1.0780714,23
5402,136,40193.63,546.0,2.827,-1.2937942,23
5404,134,40198.29,546.0,2.445,-1.35259,23
5408,133,40210.46,546.0,2.846,-1.4651151,23
5411,133,40223.23,546.4,4.628,-2.8791027,23
5416,132,40252.82,546.0,6.27,-1.5593948,23
5418,133,40266.0,545.2,6.522,-0.5723769,23
5423,134,40300.28,544.8,6.989,0.0,23
5426,132,40322.76,544.8,7.567,-1.786798,23
5428,132,40337.71,544.8,7.474,-2.6731615,23
5432,131,40367.27,544.0,7.474,-1.9003805,23
5435,131,40390.2,543.6,7.474,-3.1559284,23
5437,131,40404.81,543.0,7.465,-4.559891,23
5438,131,40411.76,542.8,7.138,-5.4014773,23
5440,131,40424.61,542.2,6.55,-1.2949,23
5445,132,40460.53,541.8,7.063,-0.93265986,23
5449,134,40488.88,539.8,7.007,4.2497964,23
5453,134,40517.17,541.2,7.007,2.3493462,23
5456,133,40536.37,542.2,6.858,1.5783885,23
5458,133,40548.49,542.6,6.074,1.1645755,23
5459,134,40554.15,542.6,5.43,-0.5878151,22
5462,133,40567.79,543.0,4.124,-1.2785048,22
5467,134,40587.93,543.0,3.984,-1.1315204,22
5472,134,40616.75,543.2,6.074,-1.757528,22
5478,131,40656.44,542.2,6.102,-0.28760415,22
5482,130,40686.55,542.0,6.242,-1.1668825,22
5483,130,40695.52,542.0,6.606,-6.5090957,22
5484,130,40704.37,542.0,6.606,-6.5665126,22
5487,126,40724.99,541.6,6.485,-4.948046,22
5488,124,40730.85,541.2,6.485,-2.8825989,22
5489,122,40738.67,539.0,6.606,-0.4741441,22
5491,118,40750.3,538.6,7.026,0.0,22
5493,117,40764.99,538.4,7.073,0.3080606,22
5500,119,40815.45,538.6,7.063,0.0,22
5501,119,40821.81,538.6,7.063,2.9346468,22
5507,121,40862.63,539.2,7.054,2.5041838,22
5515,120,40918.09,539.4,6.914,3.9796295,23
5520,120,40949.58,541.6,5.776,0.31672236,23
5521,120,40955.03,542.0,6.158,-1.8993474,23
5526,120,40981.52,542.0,5.384,-2.1706827,23
5527,119,40986.43,541.8,4.628,-17.365887,23
5531,117,41002.36,541.8,3.2,-18.619078,23
5536,114,41019.65,541.0,3.247,-18.091394,23
5537,114,41022.56,540.6,2.818,-18.339558,23
5538,113,41024.39,540.4,2.137,-17.865509,23
5540,114,41026.75,540.0,1.092,-17.761724,23
5544,111,41027.28,539.6,0.0,-19.242987,23
5546,109,41027.28,539.4,0.0,-19.050138,23
5552,108,41027.28,538.6,0.0,-17.555922,23
5556,108,41027.28,538.0,0.0,-16.435371,23
5558,108,41027.28,537.6,0.0,-15.688263,23
5559,108,41027.28,537.4,0.0,-15.314822,23
5565,107,41027.28,536.4,0.0,-13.447164,23
5570,103,41027.28,535.8,0.0,-12.3265,23
5572,101,41027.89,535.4,0.0,-11.579505,23
5574,100,41027.89,535.2,0.0,-11.295435,23
5579,100,41030.5,534.4,0.0,-9.7894,23
5581,101,41030.97,534.2,0.0,-9.897704,23
5586,99,41032.69,533.2,1.493,-7.9634275,23
5589,98,41039.65,532.8,2.445,-6.917597,23
5593,99,41055.05,531.8,4.012,-2.5833216,23
5597,100,41071.79,531.4,4.357,0.960989,23
5598,100,41075.84,531.0,4.983,-2.3207035,23
5599,101,41081.24,530.8,5.253,-5.0283,24
5600,103,41087.84,529.2,5.878,-2.8820977,24
5601,103,41093.63,529.0,5.878,-2.8761315,24
5605,106,41117.1,530.4,6.121,-6.7577806,24
5606,106,41123.3,532.0,5.878,-9.539536,24
5609,107,41143.34,529.8,6.186,-6.4322786,24
5610,107,41150.05,527.4,6.27,-1.4168086,24
5614,107,41176.02,526.6,6.074,-0.5416394,24
5619,108,41199.37,526.4,3.126,-1.0445368,24
5624,109,41220.75,526.6,1.847,-16.975595,24
5629,108,41229.42,526.2,1.847,-19.841375,24
5630,108,41231.05,525.8,1.829,-18.577896,24
5633,107,41234.04,525.0,0.0,-17.632864,24
5635,106,41236.19,524.2,1.176,-17.11727,24
5636,106,41237.78,523.8,1.176,-16.25658,24
5638,105,41240.74,523.0,1.148,-15.278164,24
5640,104,41241.19,522.8,0.0,-12.672276,24
5645,107,41241.19,522.0,0.0,-11.512604,24
5647,106,41241.19,521.6,0.0,-10.890265,24
5651,103,41241.19,521.0,0.0,-9.956852,24
5655,102,41242.0,520.6,0.0,-9.334513,24
5659,100,41242.59,520.2,0.0,-8.838938,24
5662,100,41244.18,519.6,0.0,-7.956181,24
5663,99,41245.18,519.0,1.11,-7.1869135,24
5664,99,41246.09,518.4,1.11,-6.3216734,24
5665,99,41246.5,518.0,0.0,-5.758351,24
5667,97,41248.3,517.6,1.054,-5.122129,24
5669,95,41252.3,517.4,2.043,-4.9262247,24
5671,95,41256.15,517.2,2.043,-4.925857,24
5672,95,41258.08,517.0,1.838,-4.7492695,24
5675,96,41261.84,516.4,1.838,-3.787403,24
5676,96,41264.01,516.4,1.847,-4.172095,24
5677,97,41266.03,516.2,1.931,-4.012928,24
5679,98,41269.53,516.0,1.847,-3.8189766,24
5680,100,41272.42,516.0,1.922,-4.0968947,24
5681,101,41274.8,516.0,1.847,-4.3367586,24
5683,100,41283.45,515.8,3.546,-4.764508,24
5684,100,41288.12,515.4,4.096,-5.1953764,24
5687,99,41303.32,515.0,4.703,-5.2063513,24
5688,101,41309.42,514.6,4.703,-6.1773343,24
5690,102,41322.59,514.4,5.598,-6.497172,24
5691,103,41329.37,513.8,5.598,-9.013259,24
5692,102,41337.0,513.2,6.485,-9.019959,24
5693,103,41345.55,512.6,6.55,-8.668992,24
5694,104,41353.12,512.0,6.55,-9.033902,24
5695,106,41361.1,511.4,6.13,-9.241399,24
5696,106,41368.52,511.0,5.794,-9.586474,24
5698,108,41379.95,509.6,5.598,-8.93195,24
5700,108,41391.94,508.6,5.869,-10.531777,24
5701,108,41398.33,507.8,5.235,-18.386992,24
5702,108,41404.64,507.2,5.57,-18.775566,24
5703,108,41410.9,506.6,5.57,-20.284515,24
5704,108,41417.2,506.0,5.235,-20.70826,24
5705,107,41421.82,505.6,4.693,-22.936396,24
5706,107,41426.17,504.8,3.368,-23.831697,24
5709,108,41433.7,503.8,1.959,-23.53308,24
5712,109,41433.7,502.6,0.0,-20.730377,24
5713,109,41433.86,502.2,0.0,-20.061665,24
5715,108,41434.1,501.4,0.0,-18.769238,24
5718,106,41434.44,500.2,0.0,-16.81897,24
5720,105,41437.26,499.4,1.325,-15.586323,24
5721,105,41438.77,499.0,1.325,-15.650944,24
5722,105,41440.49,498.6,1.325,-15.351096,24
5725,105,41448.16,497.8,2.211,-14.354472,24
5726,105,41450.71,497.2,2.211,-16.234362,24
5727,105,41452.33,496.8,1.446,-15.307896,24
5728,105,41454.38,496.2,1.81,-14.639027,24
5731,106,41462.96,495.0,2.883,-10.606852,24
5732,107,41465.56,494.6,2.491,-11.511058,24
5734,108,41468.89,493.8,1.857,-10.567932,24
5735,108,41469.34,493.6,0.0,-10.768567,24
5738,107,41470.1,492.8,0.0,-9.361048,24
5741,106,41476.28,492.2,2.211,-8.378254,24
5742,105,41479.47,491.4,3.079,-5.8237867,24
5743,106,41483.42,492.6,3.648,-8.059415,24
5745,106,41493.28,491.8,5.188,-7.237431,24
5746,108,41498.65,490.2,5.328,-6.658864,24
5747,108,41504.32,489.0,5.542,-4.8996186,24
5749,108,41516.46,488.6,6.074,-4.682941,24
5750,108,41522.61,488.4,6.252,-9.741754,24
5753,109,41541.19,487.8,6.074,-10.37963,24
5754,109,41547.35,487.6,6.112,-11.594637,24
5756,109,41559.72,486.6,6.186,-9.964677,24
5757,110,41565.54,486.0,6.186,-9.961819,24
5758,110,41571.46,484.8,6.186,-3.548302,24
5759,109,41577.9,483.0,6.242,0.8414,24
5761,108,41590.9,482.0,6.242,2.4646945,24
5762,107,41597.35,481.8,6.41,3.4662035,24
5763,105,41603.46,481.6,6.242,3.4604688,24
5764,105,41609.37,481.6,6.242,1.7624637,24
5765,105,41615.94,481.0,6.242,2.8987565,24
5769,104,41642.74,483.0,6.559,-0.36038843,24
5770,104,41649.32,483.6,6.41,-30.0,24
5775,103,41671.5,483.4,3.144,-30.0,24
5779,104,41676.23,482.8,0.0,-30.0,24
5785,103,41676.23,482.0,0.0,-30.0,24
5792,103,41676.23,481.0,0.0,-30.0,24
5798,103,41676.23,479.8,0.0,-30.0,24
5801,100,41676.23,479.0,0.0,-30.0,24
5802,99,41676.23,478.6,0.0,-30.0,24
5806,98,41676.23,477.6,0.0,-30.0,24
5809,97,41676.23,476.2,0.0,-30.0,24
5810,97,41676.23,475.4,0.0,-30.0,24
5811,96,41676.23,474.8,0.0,-30.0,24
5813,97,41676.23,473.2,0.0,-30.0,24
5815,96,41676.23,471.8,0.0,-30.0,24
5817,95,41676.23,470.6,0.0,-30.0,24
5819,93,41676.23,469.4,0.0,-30.0,24
5821,92,41676.23,468.2,0.0,-30.0,24
5823,92,41676.56,467.0,0.0,-30.0,24
5825,92,41677.9,466.0,1.092,-30.0,24
5827,92,41681.14,465.0,1.736,-30.0,24
5828,92,41682.75,464.6,1.736,-30.0,24
5831,93,41686.23,463.0,1.222,-30.0,24
5834,93,41687.3,461.8,1.222,-30.0,24
5835,92,41687.59,461.4,0.0,-30.0,24
5837,92,41687.88,460.4,0.0,-30.0,24
5839,92,41688.22,459.6,0.0,-30.0,24
5840,91,41688.22,459.2,0.0,-30.0,24
5843,91,41688.42,458.0,0.0,-30.0,24
5846,90,41688.71,456.4,0.0,-30.0,24
5850,90,41688.71,454.2,0.0,-30.0,24
5851,90,41688.71,453.2,0.0,-30.0,25
5852,90,41688.71,453.0,0.0,-30.0,25
5859,89,41688.71,452.2,0.0,-30.0,25
5862,93,41688.71,451.2,0.0,-30.0,25
5863,94,41688.71,451.0,0.0,-30.0,25
5867,95,41688.71,449.2,0.0,-30.0,25
5869,95,41688.71,448.0,0.0,-30.0,25
5886,94,41688.71,446.8,0.0,-29.628227,25
5889,91,41688.71,446.4,0.0,-28.922804,25
5894,93,41688.71,445.8,0.0,-27.864641,25
5896,93,41688.71,445.6,0.0,-27.511955,25
5904,92,41688.71,444.8,0.0,-26.101055,25
5907,91,41688.71,444.4,0.0,-25.395632,25
5914,90,41688.71,443.6,0.0,-23.984783,25
5919,90,41688.71,443.2,0.0,-23.27936,25
5923,90,41688.71,442.6,0.0,-22.221197,25
5929,90,41688.71,441.4,0.0,-20.104872,25
5932,89,41688.71,441.0,0.0,-19.399448,25
5935,92,41688.71,440.8,0.0,-19.04671,25
5938,92,41688.71,440.4,0.0,-18.341286,25
5941,90,41688.71,440.2,0.0,-17.988602,25
5944,86,41688.71,440.0,0.0,-17.635862,25
5946,83,41688.71,439.6,0.0,-16.930439,25
5949,82,41688.71,439.4,0.0,-16.5777,25
5954,85,41688.71,438.6,0.0,-15.166852,25
5957,85,41688.71,438.4,0.0,-14.814114,25
5960,86,41688.71,437.8,0.0,-13.755951,25
5965,87,41688.71,437.2,0.0,-12.697843,25
5970,84,41689.52,437.0,0.0,-12.345103,25
5975,81,41689.52,436.2,0.0,-11.042461,25
5976,80,41689.52,436.2,0.0,-11.042461,25
5983,81,41689.52,435.2,0.0,-9.261423,25
5990,79,41689.52,434.0,0.0,-7.1241546,25
5997,82,41689.52,433.2,0.0,-5.6993456,25
5998,82,41689.52,433.0,0.0,-5.343116,25
6002,85,41689.52,432.4,0.0,-4.274482,25
6005,88,41689.52,432.2,0.0,-3.9183068,25
6007,88,41689.52,432.0,0.0,-3.5620773,26
6013,89,41689.52,431.4,0.0,-2.4934433,26
6017,90,41689.52,431.0,0.0,-1.7810386,26
6020,87,41689.52,430.6,0.0,-1.068634,26
6022,83,41689.52,430.4,0.0,-0.7124046,26
6027,82,41690.93,430.0,1.502,0.0,26
6028,82,41692.33,430.0,1.829,0.0,26
6032,84,41706.18,430.0,4.731,0.0,26
6035,86,41727.84,430.4,7.558,-0.34236997,26
6037,86,41745.54,430.6,9.032,0.0,25
6039,88,41764.57,430.0,9.489,0.7059744,25
6046,90,41830.71,430.2,9.489,0.60741365,25
6049,93,41858.37,430.6,9.377,0.0,25
6053,96,41895.28,430.6,9.284,0.4414601,25
6054,96,41904.42,430.6,9.293,0.7447961,25
6059,98,41949.27,430.6,8.202,0.55918115,25
6063,96,41976.14,431.0,6.821,1.0045207,25
6064,95,41981.95,431.0,6.354,2.597466,25
6066,94,41993.39,431.0,5.916,2.7892218,25
6069,91,42009.0,431.2,5.188,3.0080323,25
6070,90,42013.99,431.6,4.927,1.3404537,25
6073,88,42026.21,432.0,4.115,0.86285466,25
6074,88,42030.2,432.0,4.096,1.0391215,25
6079,88,42046.8,432.4,2.715,0.3738721,25
6082,88,42055.07,432.8,2.874,-0.74906266,25
6083,89,42058.84,432.8,3.126,-0.9828838,25
6089,91,42083.99,432.8,4.861,-1.046031,25
6092,92,42100.43,432.6,5.3,-1.0092561,25
6095,93,42116.31,432.4,5.16,-0.72556734,25
6098,95,42132.09,432.2,5.188,0.0,25
6100,94,42143.69,432.0,5.3,-0.65080726,25
6101,94,42149.98,432.0,5.636,-0.4104649,25
6102,94,42155.77,432.0,5.328,-0.4382993,25
6105,96,42171.56,432.0,5.263,-0.46883804,25
6106,93,42176.05,432.2,5.263,-0.8629964,25
6107,96,42181.12,432.2,5.263,-0.92466325,25
6109,96,42193.37,432.2,5.421,-0.999846,25
6116,97,42240.88,431.6,5.85,-1.8032452,25
6119,96,42259.83,431.6,6.158,2.5530093,25
6120,95,42264.27,430.4,6.158,5.4003773,25
6122,92,42273.99,430.0,6.065,5.868312,25
6126,90,42295.45,431.2,5.123,4.814628,25
6127,90,42300.04,433.0,4.535,1.780365,25
6130,90,42311.52,433.2,3.751,1.5480672,25
6132,90,42321.92,433.2,5.067,3.040663,25
6133,90,42327.84,433.4,5.067,2.236759,25
6137,89,42351.75,433.8,5.682,1.8292354,25
6139,90,42363.97,434.0,6.028,3.0305455,25
6144,88,42393.67,434.8,5.636,1.4582512,25
6145,87,42398.78,435.0,5.048,1.9763434,25
6146,87,42404.29,435.2,5.048,1.5728971,25
6148,88,42418.81,435.6,6.802,1.1877191,25
6150,88,42431.84,435.6,5.636,1.8253516,25
6152,88,42444.03,436.0,5.729,1.0805651,25
6153,90,42449.33,436.0,5.729,1.2415836,25
6154,91,42454.5,436.0,5.729,1.330891,25
6155,91,42460.8,436.2,5.841,1.1460143,25
6157,91,42473.54,436.4,5.99,0.9408035,25
6165,91,42524.55,436.6,6.214,0.78406346,25
6169,92,42550.02,437.0,6.074,0.0,25
6172,93,42570.28,437.0,5.86,0.38807383,25
6173,93,42576.24,437.0,5.86,0.70606726,25
6176,94,42595.2,437.0,5.878,0.7594527,25
6177,95,42601.46,437.0,6.074,0.99878854,25
6178,95,42607.87,437.2,6.074,0.7451458,25
6186,96,42655.15,437.6,5.794,0.4552184,25
6194,96,42695.94,437.6,4.731,0.6640713,25
6196,96,42704.75,438.0,4.945,-0.3322903,25
6198,97,42715.01,438.0,5.281,-0.39136377,25
6199,97,42720.19,438.0,5.197,0.3318158,25
6202,97,42739.37,437.8,5.281,0.7237187,25
6203,99,42745.35,437.8,5.281,1.1695874,25
6205,99,42755.41,437.8,5.104,1.190022,25
6206,103,42761.65,437.8,5.281,0.0,25
6208,103,42775.05,438.0,5.281,-0.34905005,25
6209,104,42780.31,438.2,5.207,-0.7427542,25
6211,110,42789.81,438.4,5.151,-1.0631826,25
6212,112,42795.11,438.4,5.151,-1.1647259,25
6214,116,42807.66,438.4,5.43,-0.35768986,25
6216,115,42818.72,437.8,5.151,0.6364735,25
6217,115,42823.68,437.8,4.983,0.777595,25
6218,116,42828.39,437.8,4.768,0.60463166,25
6220,115,42836.5,437.8,4.712,0.6505698,25
6221,115,42841.16,437.8,4.712,0.75044143,25
6223,119,42850.83,437.8,4.535,1.1145998,25
6227,119,42870.16,438.2,4.749,0.36900154,25
6231,116,42889.97,438.2,4.88,0.395957,25
6232,117,42895.15,438.2,4.88,0.0,25
6234,116,42905.25,438.4,4.889,-0.3833594,25
6237,115,42920.5,438.4,5.039,0.735447,25
6239,113,42930.2,438.4,5.039,0.6897032,25
6242,110,42941.46,438.4,3.35,0.70342326,25
6246,112,42947.54,438.2,0.0,1.5540644,25
6249,111,42950.46,438.2,1.344,1.0828329,25
6252,111,42959.48,438.4,3.471,0.7659147,25
6257,112,42978.56,438.8,3.471,0.0,25
6260,112,42986.5,438.8,2.659,-0.3948386,25
6261,112,42989.39,438.8,2.659,-2.4341567,25
6262,112,42992.17,439.0,2.51,-2.8698688,25
6265,113,43001.86,439.0,2.762,-3.017833,25
6269,112,43013.2,438.8,2.631,-3.304233,25
6270,112,43015.19,438.8,2.51,-3.4313161,25
6272,112,43021.57,438.8,2.482,-3.5971353,25
6275,112,43027.64,438.8,2.081,-4.4439964,25
6278,111,43028.39,438.6,0.0,-3.7763834,25
6288,109,43028.39,438.4,0.0,-3.537511,25
6293,106,43028.54,438.0,0.0,-2.9479334,25
6297,104,43033.88,437.8,1.931,-2.6707506,25
6302,102,43050.67,437.4,4.432,-2.2504117,25
6303,101,43055.23,437.2,4.46,-2.1518865,25
6306,101,43070.39,437.0,5.029,-1.9529088,25
6307,101,43075.26,436.8,4.889,-1.7186623,25
6311,101,43096.35,436.4,5.029,-1.123945,25
6313,101,43106.58,436.0,5.113,-1.0854979,25
6316,102,43120.3,436.0,4.889,-1.1834934,25
6318,102,43128.73,435.8,4.749,-1.7773459,25
6319,103,43132.86,435.8,4.535,-1.5631868,25
6321,104,43141.86,435.6,4.516,-1.376411,25
6323,108,43151.62,435.4,4.516,-1.2573255,25
6324,107,43157.2,435.4,5.346,-1.4849856,25
6325,108,43163.24,435.4,5.664,-1.5624232,25
6327,110,43176.5,435.2,6.569,-1.3812921,25
6331,113,43205.45,434.8,7.828,-0.99729747,25
6333,113,43221.25,434.6,7.912,-1.0598937,25
6335,114,43236.93,434.4,7.959,-1.0306149,25
6336,111,43245.15,434.2,7.782,-1.1624923,25
6337,108,43253.65,434.2,7.828,-1.4349666,25
6338,110,43262.12,434.0,7.912,-1.3079357,25
6339,113,43270.71,434.0,7.959,-1.5197257,25
6340,113,43279.49,434.0,7.978,-1.410696,25
6341,110,43288.64,433.8,8.762,-1.3277524,25
6344,110,43314.94,433.6,8.295,-1.228294,25
6350,111,43370.12,433.2,8.845,-1.0884473,25
6353,113,43396.72,432.6,8.192,-0.71961474,25
6355,111,43410.26,432.4,6.83,0.3592649,25
6356,112,43415.53,432.4,5.729,0.0,25
6359,109,43425.64,432.2,2.874,0.35167935,24
6360,108,43427.46,432.2,1.68,0.0,24
6362,111,43428.24,432.2,0.0,0.0,24
6365,110,43428.24,432.4,0.0,-0.34077635,24
6378,107,43428.24,432.4,0.0,-0.34077635,24
6384,107,43431.81,432.4,1.614,-0.34077635,24
6388,107,43446.57,432.4,4.32,-0.36267063,24
6389,107,43452.41,432.6,5.309,-0.35527676,24
6392,105,43472.41,432.6,6.13,-0.3959749,24
6394,107,43487.02,432.4,6.69,1.1502675,24
6396,108,43502.89,432.2,7.287,1.8196328,24
6401,107,43542.1,432.4,6.979,1.2044582,24
6409,109,43602.77,433.2,7.651,0.6605367,24
6416,109,43659.15,433.6,7.894,0.7097509,24
6419,109,43683.3,434.0,7.95,-0.27331877,24
6420,109,43691.52,434.0,8.015,-0.30732,24
6425,112,43732.48,434.0,8.015,-0.35121962,24
6427,114,43748.61,433.8,7.763,0.0,24
6430,117,43770.22,433.8,7.763,0.0,24
6433,120,43796.09,433.8,7.847,0.0,24
6436,123,43817.98,433.8,7.754,0.0,24
6437,126,43825.46,433.8,7.633,-0.68952394,24
6440,131,43848.29,433.8,7.726,-0.7545934,24
6442,131,43865.7,433.8,7.633,-1.0578023,24
6447,129,43905.2,433.6,7.726,-0.4036468,24
6454,129,43965.16,433.2,8.342,0.0,24
6455,126,43973.91,433.2,8.342,-0.38058308,24
6460,126,44017.84,433.2,8.538,-0.28663185,24
6463,126,44043.79,433.0,8.584,-0.5771161,24
6468,126,44087.24,433.0,8.547,-0.37867716,24
6475,126,44149.61,432.6,8.855,0.0,24
6481,129,44202.37,432.6,8.79,0.0,24
6482,125,44210.85,432.6,8.79,-0.4171887,24
6484,129,44228.09,432.6,8.64,-0.45817354,24
6486,128,44245.81,432.6,8.64,-0.56995237,24
6492,131,44298.34,432.2,8.668,0.0,24
6498,132,44350.47,432.2,8.743,-0.7713141,24
6503,134,44395.18,431.8,8.92,-0.35822558,24
6504,135,44406.37,431.6,8.985,1.2525184,24
6507,132,44433.23,431.6,8.985,1.5180582,24
6510,134,44459.15,431.8,8.985,1.1325728,24
6515,133,44504.13,432.4,8.799,0.32106456,24
6517,136,44521.63,432.6,8.631,-0.44463193,24
6520,139,44546.08,432.6,7.437,-0.5518245,24
6526,137,44594.21,432.2,6.961,0.0,24
6530,134,44624.77,432.2,6.466,-0.7051692,24
6532,133,44636.38,432.2,5.346,-0.36665133,24
6536,130,44650.87,431.8,2.202,1.1174679,24
6539,131,44656.35,431.8,2.053,3.272071,24
6541,131,44661.62,431.8,2.631,3.5926082,24
6545,131,44679.24,432.0,4.731,3.5728397,24
6547,130,44690.39,432.0,4.731,3.364588,24
6548,129,44696.48,432.4,4.992,2.9095283,24
6551,126,44712.28,433.2,4.675,1.2995374,24
6553,125,44723.58,433.8,3.648,0.38748035,24
6556,123,44738.78,434.0,3.966,0.0,24
6557,123,44745.08,434.0,4.777,0.36687645,24
6559,121,44758.03,434.0,5.272,0.37815884,24
6560,121,44763.78,434.0,5.318,1.0624497,24
6562,120,44775.74,434.0,5.318,1.1846892,24
6564,119,44787.96,434.0,5.272,1.2029483,24
6565,118,44793.39,434.2,5.272,1.1040698,24
6566,118,44798.14,434.2,4.815,1.7463537,24
6567,118,44803.26,434.2,4.815,1.9002212,24
6569,117,44814.64,434.6,5.318,1.4663901,24
6574,118,44842.48,434.6,5.207,1.9289644,24
6576,118,44850.8,434.8,4.199,1.1065096,24
6578,117,44857.89,435.2,3.396,0.3834137,24
6579,115,44862.12,435.4,4.255,0.63837546,24
6580,117,44866.53,435.4,4.311,0.6846023,24
6585,118,44890.98,435.6,5.216,0.3707074,24
6586,118,44896.74,435.6,5.263,0.27343264,24
6587,118,44903.01,435.4,5.598,0.5936396,24
6590,118,44920.66,435.4,5.86,0.65412617,24
6597,118,44964.17,435.8,6.597,0.0,24
6598,118,44970.98,435.8,6.793,0.0,24
6599,118,44977.89,435.8,6.793,0.0,24
6602,117,44999.46,435.8,6.597,0.0,24
6608,120,45041.8,435.6,6.681,1.433418,24
6610,120,45055.35,435.8,6.681,1.0478163,24
6613,121,45071.89,436.4,5.384,-1.1552647,24
6614,121,45074.73,436.4,4.171,-1.5173277,24
6615,121,45077.46,436.4,2.183,-1.0795295,24
6617,122,45083.76,436.4,2.389,-1.1188122,24
6620,122,45098.83,436.4,5.132,-1.2276961,24
6621,123,45103.62,436.4,5.132,-1.3426256,24
6625,123,45124.37,436.2,5.169,-1.090645,24
6631,122,45148.83,435.6,2.155,1.5112712,24
6635,122,45158.39,435.6,2.771,2.4488592,24
6636,122,45161.28,435.6,2.771,2.8274167,24
6638,122,45166.66,435.6,2.613,2.950934,24
6639,122,45170.8,435.8,2.846,2.863674,24
6640,123,45177.53,436.0,4.703,2.711901,24
6642,123,45190.76,436.4,5.589,1.5554558,24
6647,125,45222.57,437.0,6.028,0.9378597,23
6651,123,45254.91,437.4,6.578,1.6943661,23
6652,123,45262.57,437.6,6.373,2.3557358,23
6657,122,45293.48,438.2,6.14,1.0832353,23
6659,122,45305.96,438.6,6.205,0.0,23
6661,122,45318.26,438.8,6.186,-0.33712327,23
6663,124,45329.77,438.8,6.14,-0.26417065,23
6665,123,45343.03,438.8,6.625,-0.31167105,23
6668,122,45365.42,438.8,7.306,-0.39291498,23
6672,123,45393.91,438.6,7.306,0.597357,23
6673,122,45401.53,438.6,7.334,0.7357121,23
6674,123,45409.19,438.6,7.334,0.48446804,23
6677,126,45432.44,438.8,7.353,0.26721781,23
6678,126,45440.66,439.0,7.362,0.0,23
6679,122,45448.32,439.0,7.511,1.0655257,23
6684,121,45484.25,439.0,7.362,1.0167181,23
6686,126,45497.1,439.0,7.353,1.5983385,23
6690,127,45527.24,439.6,7.101,1.1998123,23
6691,127,45534.39,439.8,7.101,1.344827,23
6692,131,45541.81,439.8,7.101,1.5284855,23
6695,134,45563.99,440.0,7.241,1.0145928,23
6698,136,45586.91,440.4,7.287,1.9456676,23
6700,139,45601.17,440.6,7.287,1.7368386,23
6701,139,45609.05,440.6,7.297,2.0524783,23
6705,141,45636.21,441.2,6.858,1.4265428,23
6711,144,45679.3,441.8,7.446,1.1898776,23
6712,144,45686.74,442.2,7.418,2.3018088,23
6714,145,45701.48,442.4,7.39,2.2689738,23
6717,146,45723.8,443.2,7.39,1.634361,23
6724,147,45775.12,443.8,7.222,1.1728731,23
6725,147,45781.96,444.4,7.222,4.7000604,23
6728,145,45802.96,445.4,7.119,3.666788,23
6729,144,45810.05,445.8,7.119,4.764738,23
6731,143,45822.92,446.6,6.998,2.8268063,23
6735,144,45847.57,447.4,6.27,1.969697,23
6736,144,45853.43,447.8,6.252,3.5377781,23
6740,147,45873.92,448.2,4.973,3.1938903,23
6741,147,45878.14,448.4,4.684,4.878967,23
6744,148,45886.98,448.8,2.426,3.4800112,23
6745,148,45888.53,449.2,1.987,3.325687,23
6748,147,45892.98,449.2,1.773,3.4111807,23
6750,147,45897.06,449.4,2.043,3.3271646,23
6753,146,45909.99,450.0,4.507,2.394468,23
6754,147,45914.5,450.0,4.591,5.4881387,23
6755,147,45918.93,450.2,4.591,5.559979,23
6757,147,45927.18,450.2,3.826,6.0161405,23
6762,146,45947.14,451.0,4.05,5.4315124,23
6763,145,45950.93,451.2,4.022,8.540485,23
6765,143,45959.09,452.2,4.022,7.2553186,23
6769,140,45975.57,453.2,4.022,5.8655286,23
6770,141,45978.8,453.6,4.022,6.890176,23
6771,138,45982.42,453.8,4.022,6.9389915,23
6772,135,45986.6,454.0,4.022,7.9238358,23
6773,135,45990.9,454.4,4.031,6.2363176,23
6776,133,46003.39,455.2,4.022,5.3883295,23
6777,131,46008.0,456.0,4.022,5.1481376,23
6782,129,46030.9,457.2,4.339,2.8870244,23
6783,129,46035.5,457.4,4.423,2.4910266,23
6787,128,46054.07,458.2,4.451,1.3431898,23
6789,125,46063.74,458.6,4.572,0.78310645,23
6790,127,46068.51,458.8,4.581,1.5464932,23
6792,128,46078.48,459.0,4.591,0.9241316,23
6795,126,46094.98,459.0,4.637,1.0885794,23
6796,126,46099.85,459.0,4.637,1.4017965,23
6797,129,46105.06,459.0,4.693,1.5019596,23
6798,130,46110.07,459.0,4.796,1.6315677,23
6799,127,46115.28,459.2,4.889,1.424772,23
6802,127,46133.07,459.6,5.785,0.7828676,23
6803,127,46139.62,459.6,6.0,0.7290884,23
6807,129,46166.03,459.8,6.0,0.52887136,23
6814,130,46215.44,460.0,6.55,0.62836313,23
6816,131,46229.67,460.2,6.783,2.210166,23
6818,130,46243.34,460.4,6.783,3.0144334,23
6820,131,46256.5,460.6,6.783,3.436106,23
6821,134,46262.99,460.8,6.783,4.2704697,23
6822,135,46269.78,461.0,6.783,4.2515182,23
6824,138,46282.85,461.4,6.559,3.6123672,23
6826,141,46295.69,462.0,6.401,5.268609,23
6828,144,46307.99,462.4,6.336,4.097876,23
6830,148,46319.3,463.0,6.261,3.9074047,23
6832,151,46330.73,463.4,6.074,5.946241,23
6833,151,46336.1,463.6,6.0,6.505951,23
6837,150,46359.18,464.8,5.645,5.0977945,23
6838,151,46364.53,465.0,5.626,5.017655,23
6839,151,46369.09,465.4,4.833,4.78274,23
6840,151,46372.92,466.0,4.078,3.4820716,23
6843,150,46382.64,466.6,2.818,2.7099066,23
6844,149,46386.46,467.0,3.63,4.4755764,23
6848,148,46403.48,467.4,3.798,5.011436,23
6851,148,46418.66,467.4,3.826,5.854571,22
6854,148,46431.9,468.0,4.255,6.807219,22
6855,148,46436.43,468.2,4.273,8.870502,22
6858,148,46450.35,469.4,4.273,5.6659408,22
6862,148,46468.35,470.6,4.301,4.923695,22
6864,149,46477.31,471.2,4.301,7.4758983,22
6866,149,46485.86,472.0,4.32,5.479662,22
6870,148,46503.48,473.0,4.357,5.5428452,22
6871,150,46508.08,473.2,4.395,7.134069,22
6874,150,46521.91,474.2,4.395,7.556007,22
6877,153,46535.67,475.2,4.516,8.842494,22
6878,153,46540.26,475.2,4.516,7.5491433,22
6881,150,46553.96,476.0,4.497,6.7533884,22
6882,151,46558.28,476.8,4.497,7.1666884,22
6883,152,46562.73,478.0,4.497,4.971783,22
6885,151,46571.59,478.8,4.423,4.064599,22
6886,151,46576.09,479.4,4.423,3.640093,22
6891,154,46599.36,480.0,4.469,2.7673354,22
6892,154,46603.9,480.0,4.488,5.065844,22
6897,152,46626.55,480.4,4.591,4.8026466,22
6900,148,46640.4,481.4,4.572,7.1437936,22
6901,146,46644.76,482.0,4.572,7.8651958,22
6906,144,46666.35,483.2,4.432,6.424053,22
6907,144,46671.17,483.4,4.432,7.1708736,22
6908,144,46675.84,483.8,4.432,7.0600457,22
6910,145,46685.27,484.4,4.432,6.0416903,22
6914,146,46703.98,485.6,4.637,5.4694104,22
6918,144,46722.36,487.0,4.647,4.4814377,22
6920,147,46732.05,487.4,4.637,6.919938,22
6921,147,46736.71,487.8,4.637,6.587501,22
6923,146,46745.05,488.4,3.844,6.0508804,22
6925,149,46753.21,488.8,3.9,6.5853763,22
6926,148,46757.52,489.2,4.078,6.863332,22
6927,150,46761.61,489.4,4.059,5.321406,22
6932,148,46779.92,490.6,3.322,3.8673606,22
6935,145,46792.77,491.4,3.826,3.300121,22
6938,145,46805.9,491.8,3.826,2.352418,22
6943,144,46829.23,492.8,4.992,0.38759056,22
6944,144,46834.76,493.2,4.992,-2.610259,22
6947,146,46852.6,493.2,5.197,-1.9099797,22
6948,145,46857.65,493.2,4.88,-2.4231799,22
6950,144,46866.9,493.0,4.88,-2.2982666,22
6953,144,46883.02,492.4,4.992,-1.5465454,22
6958,142,46918.71,491.8,6.979,-1.7550445,22
6961,144,46940.09,491.6,6.531,-3.2092829,22
6963,144,46955.16,490.8,6.494,-3.5610905,22
6964,143,46961.65,490.6,6.531,-3.4578454,22
6965,144,46968.65,490.4,6.569,-2.9726121,22
6966,145,46975.12,490.2,6.802,-2.88917,22
6968,145,46990.78,489.8,6.961,-2.1335483,22
6970,146,47007.3,489.0,8.192,-1.2359776,22
6971,145,47015.49,488.8,8.258,-1.3167619,22
6972,145,47024.02,488.8,8.556,-1.5220249,22
6974,143,47040.76,488.6,8.36,-1.5107895,22
6976,141,47055.74,488.4,7.101,-1.149265,22
6978,137,47068.16,488.2,6.158,-0.59884965,22
6980,137,47077.07,488.0,4.245,-0.367445,22
6982,136,47083.64,487.8,3.238,0.0,22
6986,135,47093.14,487.8,1.885,0.0,22
6988,136,47097.75,487.8,2.09,0.32314226,22
6990,135,47103.48,487.8,2.566,0.35004115,22
6994,133,47122.44,487.8,4.843,0.38977832,22
6997,134,47140.55,487.8,5.188,1.3557602,22
6999,134,47154.57,487.8,6.149,1.8067629,22
7004,132,47195.64,488.0,7.297,2.3421252,22
7007,133,47213.76,488.8,6.942,5.7307463,22
7008,132,47221.68,489.4,6.942,8.322102,22
7009,134,47229.9,490.0,6.942,7.9319386,22
7011,133,47244.14,490.8,6.942,7.6951947,22
7012,132,47251.21,491.4,6.933,6.854637,22
7013,133,47258.08,492.0,6.905,6.6572914,22
7015,132,47271.48,493.2,6.802,5.164006,22
7018,132,47289.77,494.2,6.765,2.9023223,22
7021,134,47308.52,495.4,6.364,0.7192809,22
7022,134,47314.7,495.8,6.364,0.0,22
7025,136,47333.81,496.0,6.242,0.0,22
7027,136,47345.52,496.0,5.729,-0.70313287,22
7029,137,47355.11,495.8,5.151,-0.23836134,22
7031,138,47364.75,495.8,4.731,-0.26934788,22
7033,139,47375.05,495.8,5.384,-0.30913186,22
7036,143,47390.54,496.0,5.169,-0.7350044,22
7043,146,47429.42,495.6,5.384,-1.5809156,22
7044,147,47435.14,495.6,5.477,-4.6437306,22
7045,147,47441.15,495.4,5.486,-4.425125,22
7049,149,47468.24,494.8,6.914,-3.8830144,22
7051,149,47481.33,494.4,7.259,-6.2528386,22
7054,149,47503.15,493.2,6.242,-5.403371,22
7055,149,47509.42,492.4,6.354,-4.2973127,22
7056,149,47515.9,492.2,6.55,-4.4201565,22
7058,149,47529.27,491.8,6.55,-4.711029,22
7060,149,47536.67,490.6,3.779,-4.619715,22
7063,148,47544.83,490.2,2.613,-4.536657,22
7067,145,47563.77,490.0,5.328,-4.2050533,22
7068,145,47570.88,489.8,6.513,-3.291132,22
7069,144,47578.2,489.2,6.895,-2.7873468,22
7071,143,47593.98,488.0,7.53,-1.2422109,22
7072,143,47601.82,487.6,7.605,-0.63176036,22
7077,142,47642.58,487.6,7.67,-0.68663466,22
7083,141,47689.29,487.2,7.828,-0.76465625,22
7088,139,47721.2,487.0,5.216,-2.8878944,22
7089,138,47725.48,486.6,4.488,-5.342208,22
7090,137,47729.57,486.4,4.488,-5.394437,22
7091,137,47733.46,486.2,4.488,-4.527584,22
7092,136,47737.21,485.8,4.096,-4.1393914,22
7094,135,47744.37,485.6,3.872,-4.0626893,22
7095,134,47748.6,485.4,3.872,-3.0074353,22
7096,134,47753.52,485.4,4.647,-3.2325954,22
7098,133,47764.4,485.0,5.542,-2.7691233,22
7099,132,47770.54,484.2,5.608,-1.1505909,22
7100,132,47777.24,483.8,6.233,-0.7375934,22
7102,132,47791.33,483.6,6.923,-0.399166,22
7104,132,47804.26,483.4,6.559,0.7529698,22
7105,132,47810.77,483.6,6.308,2.8602796,22
7106,131,47816.68,483.6,6.308,2.458303,22
7108,131,47824.86,483.6,4.152,2.7061229,22
7109,131,47826.88,483.4,2.874,3.5348604,22
7110,130,47829.61,483.4,2.697,4.13928,22
7111,130,47832.52,483.4,2.697,4.3844256,22
7114,129,47843.79,483.4,3.928,4.3038216,22
7118,129,47859.63,483.8,3.434,3.6603112,22
7122,130,47875.39,485.2,3.648,0.0,22
7123,132,47879.79,485.2,3.462,-1.833564,22
7125,135,47888.31,485.6,3.462,-4.772172,22
7127,138,47898.7,485.8,4.18,-5.8870735,22
7128,139,47904.65,485.8,5.16,-6.69548,22
7130,140,47914.39,485.8,4.525,-7.542015,22
7133,140,47929.93,485.2,5.309,-8.668232,22
7135,140,47942.92,484.2,5.72,-10.0543165,22
7137,141,47952.57,482.6,4.684,-7.854635,22
7138,141,47957.87,482.2,4.637,-7.4150987,22
7139,141,47962.85,481.8,4.637,-6.4220314,22
7140,141,47967.57,481.6,4.684,-5.878528,22
7142,140,47977.69,480.6,5.281,-4.605441,22
7143,140,47983.5,480.0,5.281,-4.3421655,22
7145,138,47993.65,478.8,4.945,-1.9451824,22
7148,139,48003.98,478.6,2.062,-1.9412545,22
7153,138,48006.6,478.4,0.0,-3.5903292,22
7157,137,48010.81,478.4,2.099,-3.0181923,22
7158,137,48013.94,478.4,2.286,-3.2483723,22
7162,137,48028.33,478.6,2.659,-3.8257506,22
7168,136,48045.26,477.8,2.93,-2.0414743,22
7169,136,48046.19,477.6,0.0,-1.4728583,22
7171,136,48046.34,477.6,0.0,-1.4884117,22
7178,136,48047.64,477.4,0.0,-1.2414356,22
7182,135,48050.61,476.8,1.446,-0.5046523,22
7184,134,48053.94,476.6,1.596,-0.26280978,22
7185,135,48055.94,476.6,1.978,-0.2743488,22
7188,134,48066.12,476.6,3.994,-0.28177044,22
7192,133,48077.74,476.6,3.266,-0.33003947,22
7194,133,48087.35,476.6,4.908,-0.73203576,22
7195,133,48092.86,476.6,5.393,-1.1877191,22
7201,131,48126.76,476.4,5.412,-0.69242525,22
7202,130,48132.18,476.4,5.412,-0.795971,22
7203,129,48137.71,476.2,5.412,-0.3377063,22
7205,128,48150.48,476.0,5.916,0.0,22
7206,128,48157.07,476.0,5.916,-1.4312311,22
7207,128,48163.81,476.0,6.457,-2.7835062,22
7209,128,48177.05,476.0,6.503,-3.1065884,22
7211,128,48191.59,476.0,7.045,-4.231717,22
7213,128,48206.46,476.0,6.886,-1.351282,22
7215,128,48221.81,475.2,6.886,0.26569107,22
7216,128,48229.18,474.2,6.961,2.003726,22
7217,127,48236.24,473.8,6.961,3.0429037,22
7219,127,48250.82,475.0,7.129,0.0,22
7223,128,48281.82,475.2,7.493,-0.2657838,22
7229,129,48326.3,475.4,7.549,-0.54853237,22
7233,126,48354.92,475.0,7.409,-1.38758,22
7234,125,48361.94,475.0,7.287,-2.6133676,22
7235,123,48368.03,474.8,6.979,-2.5893583,22
7236,123,48375.3,474.8,7.007,-3.890565,22
7237,122,48383.57,474.6,7.007,-3.6826358,22
7239,121,48399.56,474.2,7.007,-3.5421445,22
7241,121,48416.01,473.8,8.099,-3.8463504,22
7242,121,48424.62,473.4,8.36,-3.0203087,22
7245,123,48451.51,472.6,8.566,-2.082524,22
7248,124,48482.15,471.8,9.9,-3.6184022,22
7249,124,48492.42,471.4,9.984,-4.9731455,22
7253,124,48534.58,470.0,9.984,-2.4963336,22
7255,123,48556.31,468.8,10.198,-1.7859377,22
7257,123,48579.65,468.4,10.217,-2.517249,22
7259,121,48601.32,468.0,10.264,-1.410403,22
7260,121,48611.69,467.6,10.301,-1.263923,22
7265,120,48664.5,467.0,10.264,-0.37871456,22
7271,119,48720.19,466.8,9.116,-0.35949317,22
7274,118,48745.42,466.6,8.416,-0.757897,22
7276,118,48762.03,466.4,8.603,-0.7397966,22
7281,115,48799.49,466.2,7.213,-0.3915798,22
7283,114,48813.21,466.0,7.026,-1.9359174,22
7284,113,48819.48,466.0,6.531,-4.775001,22
7287,111,48834.53,465.8,4.843,-5.192638,22
7288,110,48838.12,465.6,3.882,-3.5561228,22
7289,110,48841.08,465.2,3.284,-1.3526603,22
7291,109,48846.01,465.2,2.538,-1.4097755,22
7295,109,48851.35,465.0,1.502,-1.2134123,22
7299,110,48852.66,465.0,0.0,-1.3185257,23
7310,110,48852.66,464.6,0.0,-0.6763932,23
7311,109,48852.66,464.6,0.0,-0.6763932,23
7314,106,48852.66,464.4,0.0,-0.33817083,23
7318,103,48852.66,464.0,0.0,0.3382224,23
7325,101,48852.66,463.8,0.0,0.6764448,23
7337,98,48852.94,463.6,0.0,1.0146157,23
7344,96,48852.94,463.6,0.0,1.0228435,23
7352,96,48858.46,463.6,2.361,1.0228435,23
7355,94,48867.49,463.4,2.389,1.5053734,23
7356,93,48869.6,463.4,2.202,2.2952938,23
7361,92,48874.74,463.2,1.064,2.7889957,23
7362,93,48876.1,463.2,1.362,3.7546253,23
7364,93,48881.1,463.2,2.827,3.8580348,23
7365,93,48884.74,463.2,3.303,3.4583993,23
7369,94,48911.57,463.8,7.455,2.6699321,23
7370,94,48919.6,464.2,7.633,3.3633254,23
7371,95,48927.82,464.6,7.95,3.106942,23
7373,97,48944.74,465.2,8.23,2.6127367,23
7374,98,48953.37,465.4,8.388,3.0681233,23
7376,98,48970.94,465.8,8.118,2.0235968,23
7379,98,48996.83,466.2,8.36,1.944817,23
7382,98,49022.65,467.0,8.36,1.3275317,23
7386,99,49056.98,467.2,8.36,1.0250796,23
7391,102,49100.57,467.8,8.472,0.38288867,23
7392,102,49109.21,468.0,8.51,1.6667082,23
7393,103,49117.87,468.0,8.51,1.9529277,23
7398,105,49160.69,468.4,8.51,0.70938814,23
7403,108,49202.82,469.0,8.426,0.34141487,23
7405,109,49219.28,469.0,8.342,0.6273661,23
7411,109,49266.65,469.2,7.968,0.0,23
7414,112,49288.58,469.4,7.045,-0.3966476,23
7415,113,49295.69,469.2,7.315,0.0,23
7418,117,49316.62,469.2,6.746,0.0,23
7420,116,49329.82,469.2,6.373,0.0,23
7422,116,49341.53,469.0,5.916,0.0,23
7423,116,49348.01,469.2,5.962,-0.99476725,23
7425,115,49361.31,469.2,6.373,-1.1168362,23
7427,114,49374.18,469.2,6.373,-0.951948,23
7429,113,49387.85,469.2,6.438,-1.1932415,23
7431,112,49401.87,469.0,7.166,-1.5848482,23
7434,110,49424.43,468.6,7.241,0.0,23
7435,110,49431.03,468.6,6.886,0.7351086,23
7436,110,49438.25,468.6,6.886,0.8010307,23
7438,109,49454.94,468.2,7.241,1.4795665,23
7444,109,49506.24,468.6,7.95,1.1722252,23
7450,111,49557.06,469.2,8.155,0.7893323,23
7451,111,49565.12,469.6,8.024,2.7986498,23
7453,112,49580.82,469.6,7.567,2.7374194,23
7455,114,49594.62,469.6,6.83,3.487634,23
7458,116,49614.28,470.2,7.054,3.6867657,23
7462,117,49638.3,471.2,5.748,4.3415413,23
7463,118,49643.62,471.6,5.468,7.864998,23
7465,119,49654.49,472.0,5.16,7.4713287,23
7466,119,49660.0,472.4,5.16,5.517716,23
7467,119,49665.06,472.4,4.983,6.0300527,23
7470,119,49679.85,473.4,5.16,4.755295,23
7472,119,49689.19,473.8,4.927,4.78892,23
7474,119,49699.89,475.6,4.927,1.8786147,23
7478,120,49719.8,476.2,4.721,1.1279788,23
7480,121,49730.14,476.0,4.749,4.9957027,23
7485,120,49753.31,476.2,4.656,5.064191,23
7487,118,49762.42,476.8,4.656,6.5052953,23
7491,117,49779.92,478.0,4.516,5.154397,23
7494,116,49793.25,479.0,4.544,5.097719,23
7495,117,49797.65,479.4,4.591,7.3491144,23
7498,116,49811.8,480.0,4.591,6.89079,23
7499,115,49816.89,480.6,4.591,5.999768,22
7500,113,49821.83,480.8,4.591,6.174466,22
7502,114,49831.03,481.4,4.591,5.652319,22
7503,113,49835.94,481.6,4.591,6.700305,22
7508,112,49858.71,483.0,4.591,4.631728,22
7512,114,49878.49,484.2,4.703,5.8635383,22
7514,114,49887.89,484.6,4.628,5.7519765,22
7516,114,49897.46,485.4,4.628,5.2570176,22
7517,115,49902.25,485.6,4.628,4.7603335,22
7520,114,49916.89,486.4,4.647,3.7763298,22
7525,114,49941.19,487.6,4.749,4.104181,22
7529,116,49960.5,488.2,4.787,4.767515,22
7531,117,49970.55,488.6,4.824,3.431066,22
7534,115,49985.25,489.8,4.843,2.0013847,22
7536,117,49995.89,490.0,4.927,3.4927628,22
7542,116,50030.73,490.8,5.617,1.465192,22
7543,116,50036.96,491.0,5.617,1.3433548,22
7550,118,50078.06,491.8,5.766,0.0,23
7552,119,50090.48,492.0,5.841,-0.7813224,23
7558,122,50129.37,491.8,6.233,-0.38791808,23
7560,125,50142.16,491.6,6.308,0.3828495,23
7563,130,50161.73,491.6,6.364,0.3359232,23
7565,136,50174.91,491.6,6.429,0.24836409,23
7566,138,50181.68,491.6,6.485,0.29661494,23
7567,142,50188.23,491.8,6.522,0.0,23
7569,145,50201.76,491.6,6.559,0.36969122,23
7575,146,50242.42,491.8,6.727,0.0,23
7584,145,50304.89,491.8,6.839,0.0,23
7585,144,50311.51,491.8,6.83,7.1647325,23
7587,143,50323.42,492.2,6.046,7.866982,23
7589,142,50334.46,493.0,5.281,9.092979,23
7590,142,50339.39,493.6,5.095,8.747292,23
7591,143,50343.82,494.2,4.357,7.3805513,23
7593,143,50353.28,494.8,4.591,6.885739,23
7594,144,50357.94,495.4,4.619,7.132904,23
7595,144,50362.28,495.6,4.591,9.542447,23
7597,145,50371.73,496.2,5.029,7.438162,23
7598,146,50376.3,496.4,4.703,8.346606,23
7601,147,50389.32,497.8,4.591,6.3303776,23
7603,147,50398.98,498.4,4.619,6.0896764,23
7604,147,50403.66,498.6,4.619,6.676923,23
7605,147,50408.21,499.0,4.572,6.540607,23
7609,145,50426.94,500.4,4.423,4.5858345,23
7611,147,50435.68,501.0,4.413,6.0537777,23
7618,148,50465.05,501.4,4.189,7.2786636,23
7622,148,50479.89,503.0,3.956,8.920997,23
7623,148,50483.55,504.2,3.826,8.777788,23
7625,148,50490.62,504.6,3.695,7.5222774,23
7630,147,50506.78,505.4,3.368,7.0074334,23
7632,148,50512.91,506.0,3.2,9.961144,23
7634,149,50518.78,506.8,3.172,8.437384,23
7638,150,50532.26,507.8,3.163,7.4963984,23
7641,149,50542.06,508.8,3.247,9.020814,22
7642,148,50545.33,509.0,3.256,10.093181,23
7646,146,50559.0,510.2,3.256,8.486,22
7650,145,50572.28,511.2,3.266,8.975675,22
7652,144,50578.8,511.8,3.322,10.038634,22
7654,147,50585.62,512.6,3.322,9.761941,22
7658,147,50599.62,513.6,3.368,9.1130905,22
7661,149,50610.3,514.8,3.396,8.887808,22
7664,149,50620.51,515.8,3.378,8.792474,22
7668,152,50634.12,517.0,3.359,7.8520494,22
7672,153,50647.08,518.0,3.322,6.6647277,22
7676,153,50660.51,519.2,3.331,6.5359936,22
7680,155,50674.12,520.2,3.368,6.515787,22
7684,156,50688.3,521.2,3.415,5.929208,22
7685,157,50691.83,521.6,3.415,6.7542415,22
7688,153,50702.34,522.4,3.462,7.102432,22
7690,152,50709.35,522.8,3.462,7.461001,22
7691,150,50712.84,523.0,3.462,8.044345,22
7693,153,50720.01,523.6,3.462,7.419295,22
7694,154,50723.55,524.0,3.471,6.921718,22
7699,151,50741.75,525.0,3.564,5.4587207,22
7700,150,50745.44,525.2,3.62,6.3060884,22
7705,148,50764.12,526.2,3.63,5.0316257,22
7708,148,50775.0,527.4,3.639,3.744628,22
7710,148,50782.42,527.8,3.639,3.7579722,22
7716,149,50805.32,528.4,3.686,3.129437,22
7721,148,50823.05,529.2,3.686,2.4363222,22
7724,150,50833.62,529.6,3.574,2.7005002,22
7728,153,50848.35,530.0,3.602,2.5246146,22
7732,156,50862.9,530.4,3.676,1.5480572,23
7734,156,50869.89,530.6,3.695,1.5845135,23
7741,156,50897.3,531.4,3.882,0.3560796,23
7748,155,50926.23,531.6,4.059,1.3101424,23
7749,155,50930.4,531.6,4.115,-2.7005985,23
7755,153,50958.62,532.2,4.339,-5.510749,23
7759,150,50978.21,532.4,4.665,-4.247982,23
7761,151,50988.64,530.2,4.749,5.5895033,23
7762,150,50993.73,529.0,4.796,1.0489863,23
7763,150,50998.87,528.4,4.917,1.9657227,23
7766,149,51015.28,527.6,5.048,3.3245575,23
7768,148,51026.08,530.0,5.244,3.6019454,23
7769,148,51031.98,531.4,5.318,1.9554149,23
7770,148,51038.17,533.2,5.458,-1.0828874,23
7774,145,51064.96,530.8,6.989,5.0440745,23
7777,143,51087.48,529.8,7.231,4.6914754,23
7779,141,51101.73,532.6,6.989,-1.9842051,23
7780,140,51109.23,534.0,7.035,-5.8548746,23
7782,140,51124.87,533.8,7.231,-6.3104663,23
7783,140,51132.35,532.6,7.25,-5.4483485,23
7785,140,51147.94,532.6,7.446,-6.1941633,23
7787,139,51163.35,531.4,7.614,-4.3955016,23
7788,138,51171.35,530.4,7.66,-1.9631109,23
7790,136,51187.44,529.4,7.847,-0.63290864,23
7792,134,51202.8,529.2,7.847,0.0,23
7796,132,51234.6,529.0,7.875,0.365727,23
7799,131,51257.6,529.0,7.8,-1.4430043,23
7805,130,51303.8,529.2,7.726,-4.0776277,23
7806,130,51311.28,528.0,7.726,1.9320004,23
7807,130,51318.75,527.0,7.203,4.025767,23
7812,130,51352.62,528.8,7.11,-1.4743801,23
7814,131,51366.1,529.0,6.765,-5.1776514,23
7817,130,51386.85,529.2,6.765,-7.0875664,23
7818,130,51393.8,527.8,6.867,-1.2841258,23
7821,131,51414.39,526.8,6.83,0.36226043,23
7823,132,51428.28,525.8,6.877,2.5132024,23
7826,134,51449.03,524.8,6.961,3.033076,22
7830,134,51478.0,527.0,6.998,0.84014785,22
7836,130,51520.67,527.4,7.185,1.2583697,22
7837,127,51527.6,527.6,7.185,3.9104884,22
7839,123,51541.74,528.0,7.194,3.7568128,22
7840,122,51548.96,528.2,7.194,4.2539325,22
7848,123,51607.78,530.8,7.325,0.3407925,22
7849,123,51615.21,531.0,7.334,-1.7721378,22
7854,120,51655.42,530.6,8.416,-1.5451927,22
7855,120,51663.85,530.4,8.556,-9.355163,22
7857,118,51679.66,530.0,8.108,-10.0981045,22
7858,118,51687.96,529.6,8.034,-11.453255,22
7859,118,51696.62,529.0,8.108,-11.0436,22
7860,118,51705.07,528.6,8.36,-9.914768,22
7862,117,51721.42,526.0,8.416,-2.319116,22
7863,116,51728.75,524.2,7.922,0.3799585,22
7864,116,51735.6,523.8,6.802,1.7255358,22
7865,116,51742.06,523.2,6.802,3.1324852,22
7866,115,51748.89,523.0,7.054,4.019291,22
7869,115,51773.85,523.4,7.409,3.781133,22
7871,115,51785.56,524.4,5.402,1.8633403,22
7872,114,51789.96,524.8,5.3,-0.6660278,22
7874,114,51800.57,525.4,5.934,-1.8042806,22
7877,114,51819.64,525.4,6.364,-2.010797,22
7878,114,51826.23,525.4,6.364,-3.940943,22
7881,115,51845.4,525.4,6.382,-3.379431,22
7883,115,51860.34,524.4,7.287,0.0,22
7884,116,51867.9,524.2,7.623,0.32046828,22
7885,115,51875.59,524.0,7.623,0.7303776,22
7887,114,51891.52,523.2,7.287,2.3172436,22
7891,114,51922.55,523.2,7.623,0.0,22
7893,114,51935.9,524.4,6.755,-3.938348,22
7896,115,51957.52,524.6,7.446,-4.938594,22
7899,115,51978.55,523.2,6.643,-2.3202164,22
7901,115,51988.71,522.2,4.544,0.0,22
7902,116,51993.54,522.0,4.544,-1.0503178,22
7905,116,52009.33,522.0,5.393,-1.1485815,22
7906,116,52014.14,522.0,5.067,-1.6162553,22
7909,117,52027.44,522.2,4.544,-2.1035912,22
7910,117,52031.64,522.2,4.507,-3.113794,22
7914,119,52046.11,522.2,3.312,-3.3596575,22
7919,118,52071.66,521.4,5.076,-2.583593,22
7921,119,52085.76,521.0,6.401,-5.2938757,22
7923,119,52100.46,520.4,6.989,-7.0102587,22
7924,119,52107.46,520.0,6.727,-6.8527913,22
7925,119,52115.21,519.6,6.727,-6.97778,22
7927,119,52132.34,519.2,7.39,-7.263491,22
7928,119,52140.33,517.8,7.017,-9.743839,22
7929,118,52149.8,516.6,6.989,-11.299119,22
7931,117,52167.79,515.6,7.81,-11.612466,22
7932,117,52177.64,515.4,9.107,-14.146766,22
7933,117,52187.85,514.6,9.2,-8.886779,22
7934,116,52196.96,512.4,9.2,-7.00304,22
7935,116,52205.02,510.2,8.164,-4.3735876,22
7936,115,52212.07,509.2,7.091,-3.1167228,22
7937,115,52218.17,508.4,6.914,-0.6889636,22
7938,115,52224.84,508.2,6.205,-0.3872005,22
7943,114,52255.55,507.6,4.852,1.4533238,22
7944,114,52260.3,507.6,4.656,2.3557088,22
7946,114,52269.58,507.8,4.553,2.3541384,22
7948,114,52279.68,508.0,4.852,2.7703228,22
7949,114,52284.67,508.4,4.852,0.37621734,22
7950,114,52290.05,508.6,4.805,0.0,22
7952,114,52301.21,508.8,4.731,-0.26980925,22
7953,114,52306.53,508.8,4.656,-0.31866792,22
7954,114,52311.14,508.8,4.656,-0.34764436,22
7956,114,52319.98,509.0,4.497,-0.756806,22
7958,114,52328.53,509.4,4.497,2.0271814,22
7959,114,52332.48,509.4,4.497,2.3739896,22
7965,115,52363.89,508.6,4.759,3.4768317,22
7966,115,52368.96,508.6,4.759,3.3830488,22
7968,115,52379.28,510.4,4.591,0.6668127,22
7970,115,52390.14,510.6,4.833,1.0931721,22
7971,114,52395.5,510.6,4.833,-0.3223103,22
7977,114,52428.98,510.8,5.001,-0.70479727,22
7978,114,52434.17,510.8,5.057,-0.55150723,22
7981,114,52452.37,511.2,5.197,-1.1864743,22
7989,114,52501.73,510.4,5.692,-0.35674614,22
7990,112,52508.39,510.4,6.457,-3.5704281,22
7993,111,52529.17,510.2,7.035,-3.348971,22
7996,109,52552.25,509.4,7.577,-5.055992,22
7998,109,52568.3,508.6,7.698,-5.6603155,22
7999,109,52576.94,508.2,8.314,-6.9814014,22
8003,108,52612.5,506.0,8.743,-3.7123733,22
8004,107,52619.99,505.2,7.894,-3.7123733,22
8005,107,52626.15,504.6,6.522,-3.7123733,22
8006,107,52630.92,504.6,5.542,-3.7123733,22
8008,108,52636.82,504.0,2.799,-3.7123733,22
8010,108,52640.41,503.6,1.838,-3.7123733,22
8012,108,52642.44,503.4,1.129,-3.7123733,22
,,,,,,
