time,heartrate,distance,altitude,velocity_smooth,grade_smooth,temp
0,62,0.0,510.8,0.0,-30.0,34
9,59,1.48,510.8,0.0,-30.0,34
16,62,1.48,510.8,0.0,-30.0,34
18,63,1.67,509.8,0.0,-30.0,34
21,64,1.92,508.4,0.0,-30.0,34
23,64,2.31,507.2,0.0,-29.363846,34
25,65,2.45,506.0,0.0,-27.288324,34
27,64,2.68,505.0,0.0,-25.537037,34
28,64,2.71,504.6,0.0,-21.473528,34
31,64,4.51,503.4,0.0,-19.439817,35
34,64,5.1,502.4,0.0,-18.285938,35
38,62,5.27,501.2,0.0,-16.22079,35
40,59,5.4,500.8,0.0,-15.469768,35
42,58,5.46,500.2,0.0,-14.349411,35
45,59,5.67,499.0,0.0,-12.039219,35
48,60,6.12,497.8,0.0,-9.749791,35
51,61,7.03,496.6,0.0,-7.498255,35
54,61,7.29,495.4,0.0,-3.6331677,35
58,62,7.64,494.0,0.0,-1.0956755,35
59,62,7.72,493.8,0.0,-0.7352498,35
62,63,8.27,493.0,0.0,0.7362211,35
66,63,8.29,492.0,0.0,2.6008515,35
70,63,8.29,491.0,0.0,4.4945316,35
75,65,8.29,489.8,0.0,6.741826,35
80,63,8.29,488.6,0.0,9.061041,35
83,60,8.29,488.0,0.0,10.4981985,35
90,61,8.29,487.4,0.0,11.697321,35
101,62,11.43,486.4,0.0,13.646873,35
105,62,11.73,486.2,0.0,15.883575,35
116,63,11.78,485.4,0.0,17.689089,35
131,63,14.31,484.4,1.745,19.611813,36
133,63,17.69,484.4,1.745,18.090668,36
137,65,31.75,485.6,3.77,17.05571,36
138,66,36.42,488.0,4.161,13.167304,36
139,65,41.26,489.8,4.581,11.046119,36
140,67,46.24,491.0,4.637,9.74677,36
141,67,51.33,492.2,4.731,9.306814,36
142,67,56.59,492.8,4.787,11.19935,36
143,67,61.85,493.4,4.581,11.187508,36
146,68,77.59,494.6,4.787,9.54665,36
149,71,92.64,495.8,4.899,10.314775,36
150,72,97.88,496.0,5.001,13.097709,36
152,73,108.45,497.0,5.085,13.0810995,36
155,76,124.74,499.2,5.151,12.58047,36
157,78,135.71,500.6,5.235,13.800106,36
158,79,141.22,501.8,5.244,20.271301,36
159,79,147.62,502.6,5.244,21.811005,36
160,80,152.9,503.2,5.244,22.702333,36
165,81,178.51,504.2,5.132,18.88675,35
167,82,189.13,508.0,5.132,19.52506,35
168,82,193.52,512.6,5.188,17.86677,35
169,83,200.46,514.0,5.188,16.821861,35
173,86,223.02,515.2,5.44,16.749924,35
174,86,228.82,517.4,5.552,30.0,35
175,87,234.86,517.8,5.58,30.0,35
178,86,251.82,518.8,5.664,30.0,35
179,85,257.86,523.8,5.804,30.0,35
180,84,264.97,527.8,5.804,30.0,35
181,84,271.04,532.4,5.85,25.089233,35
182,84,277.34,536.6,5.878,21.250563,35
183,83,283.47,541.4,5.878,15.781589,35
184,83,288.23,543.4,5.878,13.982235,35
185,83,295.15,546.0,5.804,10.289775,35
187,83,306.31,550.6,5.645,1.156161,35
188,83,310.69,553.2,5.626,-8.073918,35
193,81,340.8,552.2,5.626,-6.7818575,35
194,81,347.14,551.4,5.626,-3.4594426,35
195,81,354.07,551.2,5.645,-3.4934313,35
196,83,360.86,550.2,5.813,-2.1406822,35
197,84,367.73,548.8,5.925,3.9039347,35
199,86,380.99,547.6,6.382,6.832759,35
200,86,387.83,547.4,6.41,9.775235,35
203,87,410.36,548.0,6.606,10.275875,35
204,89,417.39,549.0,6.606,15.971105,34
206,89,429.19,551.0,5.253,10.443817,34
207,89,434.1,551.8,4.936,8.376285,34
208,90,438.34,552.6,4.824,4.6779046,34
210,92,446.63,553.2,4.245,4.0130405,34
211,93,450.82,555.0,4.245,1.1629592,34
212,92,454.54,556.6,3.779,-2.385185,34
213,94,457.82,557.8,3.256,-5.423538,34
215,95,463.96,557.8,2.995,-5.703274,34
218,97,472.73,557.6,3.107,-6.0031714,34
221,100,481.74,556.8,2.976,-6.4508634,34
226,100,498.22,556.2,2.976,-2.2779994,34
227,101,500.85,555.6,2.995,1.1703417,34
233,103,517.31,555.4,2.948,1.1407958,34
236,103,525.39,554.4,2.865,1.3445778,34
239,103,534.41,553.4,2.855,3.5069,34
243,103,549.42,555.0,3.088,0.0,34
244,103,553.46,556.2,3.088,5.147933,34
250,102,576.85,556.0,3.76,5.8607316,34
253,103,588.12,555.2,3.76,7.1005907,34
256,103,599.48,555.0,3.854,6.016052,34
259,104,611.91,556.8,3.956,-1.5507556,34
260,103,616.26,559.4,3.956,-9.572651,34
261,103,620.95,560.6,4.535,-11.231895,34
264,103,636.18,560.4,4.815,-11.897594,34
265,103,641.45,559.4,4.535,-8.92823,34
266,104,645.63,558.2,4.637,-9.529528,34
267,104,650.86,557.2,4.815,-9.085166,34
268,103,656.28,556.0,5.029,-8.44286,34
269,104,661.94,554.8,5.029,-5.480575,34
271,105,671.36,554.6,5.151,-5.6435914,34
272,105,675.57,554.4,5.151,-6.2161756,34
274,104,682.12,556.0,3.508,-9.727132,34
275,103,684.48,556.2,2.482,-9.493089,34
279,103,687.56,555.4,0.0,-8.672506,34
280,103,689.1,554.8,0.0,-8.181153,34
281,103,691.62,554.2,2.239,-7.450393,34
282,103,694.41,553.4,3.032,-6.468043,34
283,103,700.46,553.0,3.751,-6.079306,34
284,103,705.38,552.2,4.32,-5.27597,34
289,104,729.0,551.4,4.339,-5.7371826,34
295,104,753.52,550.8,3.863,-30.0,34
298,104,760.95,549.4,2.211,-20.279589,34
300,106,763.55,548.2,1.25,-20.761131,34
302,108,764.3,546.6,0.0,-19.15046,34
303,109,764.3,545.8,0.0,-18.197409,34
304,110,764.3,545.0,0.0,-16.984268,34
305,112,764.3,543.8,0.0,-15.164508,34
306,112,764.3,542.8,0.0,-13.648057,34
307,112,764.3,541.6,0.0,-11.828298,34
308,111,764.3,540.6,0.0,-10.311847,34
309,111,764.3,539.4,0.0,-8.49218,34
310,111,764.3,538.2,0.0,-6.6724205,34
311,111,764.3,537.2,0.0,-5.1559696,34
312,110,764.3,536.0,0.0,-3.3362103,34
313,110,764.49,535.0,0.0,-1.8197595,34
314,110,765.6,534.0,0.0,-0.30363914,34
315,110,767.92,532.8,1.791,1.549198,34
316,109,772.17,532.0,3.2,2.8923602,34
317,109,776.54,531.2,3.826,4.484011,34
319,109,787.19,530.0,5.281,7.080408,34
320,110,793.05,529.8,5.738,9.03264,34
326,109,830.53,532.4,5.897,4.217897,34
328,109,842.48,533.8,5.934,4.2740126,34
333,112,873.72,534.8,6.065,3.2683003,33
336,114,891.32,535.8,6.084,7.392019,33
338,117,903.51,536.4,6.084,8.52908,33
339,120,910.67,536.8,6.065,8.987281,33
340,122,916.71,538.0,6.084,3.0915022,33
341,124,921.69,539.6,6.196,1.282145,33
346,126,952.16,540.6,6.018,0.0,33
347,126,957.08,541.6,6.018,-2.1160297,33
353,129,994.69,541.6,6.112,-2.3142989,33
355,127,1008.92,540.6,6.186,-3.1737874,33
356,127,1013.99,540.4,6.186,-2.1983066,33
358,127,1026.29,539.2,6.233,0.0,33
359,128,1032.3,538.6,6.186,1.0807272,33
361,123,1045.08,538.6,6.186,0.5837637,33
364,127,1063.62,539.0,6.177,0.0,33
365,127,1068.5,539.2,6.168,-2.1313329,33
366,130,1075.82,539.2,6.149,-2.3410108,33
367,133,1081.96,539.2,6.149,-1.8559234,33
370,127,1100.85,539.2,6.252,-2.0481033,33
371,127,1105.91,539.0,6.252,0.45058325,33
373,128,1120.0,539.0,6.336,0.47794288,33
376,128,1140.37,538.0,6.354,2.0049808,33
383,128,1189.87,538.0,7.194,3.6707678,33
385,128,1205.77,539.4,7.269,2.558001,33
388,130,1229.24,540.4,7.437,-0.64965093,33
389,135,1235.23,540.4,7.474,1.1930542,33
390,138,1244.5,540.6,7.511,1.0560594,33
391,141,1252.15,540.8,7.633,0.9359456,33
393,145,1267.58,540.6,7.651,1.2840717,33
401,146,1330.19,540.0,7.894,2.559812,33
403,146,1346.47,541.6,7.996,8.660967,33
405,146,1364.54,543.0,8.034,8.719534,33
406,146,1372.78,544.2,8.043,8.450756,33
409,146,1397.14,545.2,8.09,8.009616,33
411,146,1413.73,547.4,8.164,1.7862003,33
414,147,1437.97,549.2,8.183,-0.27433136,33
415,147,1446.29,550.4,8.183,-1.794208,33
420,147,1486.61,550.2,8.192,-1.7098867,33
422,147,1504.75,549.0,8.183,0.0,33
426,147,1537.05,549.2,8.155,-2.4892073,33
432,147,1585.34,549.0,8.062,-3.563737,33
435,145,1610.19,547.2,8.062,1.8736029,33
437,142,1626.05,546.4,8.006,6.773895,33
440,142,1649.48,546.6,7.94,9.590957,32
442,143,1663.48,548.4,7.912,1.9622562,32
443,143,1671.18,550.0,7.875,-1.7119689,32
444,143,1680.4,551.4,7.819,-3.4978604,32
448,145,1710.84,551.8,7.642,-4.437619,32
454,146,1757.37,549.6,8.183,-5.474534,32
455,146,1765.95,548.4,8.5,-14.4383135,32
456,146,1774.69,546.6,8.696,-11.28894,32
457,145,1783.79,545.0,8.901,-10.172136,32
459,145,1802.24,543.0,9.135,-6.4665885,32
460,145,1811.48,542.0,9.191,-6.0835056,32
462,144,1829.92,540.6,9.079,-3.8257241,32
464,142,1845.79,539.4,9.807,-5.058557,32
465,141,1858.23,539.0,10.133,-5.7865686,32
466,140,1869.03,538.6,10.376,-6.132237,32
467,139,1879.63,538.4,10.488,-6.983834,32
469,137,1901.21,537.2,10.861,-6.8472433,32
471,135,1923.64,535.8,11.206,-3.592175,32
472,135,1935.24,534.6,11.477,-2.9472373,32
473,135,1947.01,533.4,11.925,-1.3359351,32
476,134,1984.81,532.8,12.904,-0.9265169,32
481,133,2055.33,532.8,14.481,-1.4233162,32
482,133,2070.41,531.8,14.854,-8.519571,32
484,133,2101.56,530.0,15.424,-4.5714145,32
485,132,2114.2,528.2,15.638,-3.9472854,32
488,133,2162.59,526.8,16.151,-5.2846365,32
489,134,2182.48,525.8,16.338,-10.950687,32
490,134,2198.96,523.2,16.525,-6.3947253,32
491,133,2215.66,521.2,16.59,4.383511,32
492,133,2232.67,520.0,16.786,8.944407,32
494,131,2263.01,520.0,16.525,11.169956,32
496,129,2300.91,524.0,16.711,10.931688,32
497,128,2318.09,527.6,16.777,8.495627,32
498,128,2335.49,530.0,16.786,0.769108,32
499,128,2352.83,531.2,16.833,-3.0599952,32
500,128,2370.23,532.0,16.907,-4.855442,32
504,127,2427.19,530.4,11.766,-3.5221694,32
505,127,2437.33,528.4,10.637,-2.9899094,31
507,126,2457.84,527.2,10.32,-1.7073565,31
508,126,2468.18,527.2,10.32,-2.6748202,31
512,127,2507.62,526.0,10.282,-4.0224237,31
513,125,2517.74,526.0,10.217,-12.662137,31
514,125,2527.9,525.6,10.18,-15.724696,31
515,125,2537.91,523.6,10.133,-15.119993,31
516,125,2547.79,522.0,10.003,-15.132524,31
518,124,2567.83,520.4,9.993,-16.062517,31
519,124,2577.81,518.4,9.965,-17.263985,31
520,124,2587.67,516.2,9.993,-16.290714,31
521,124,2597.51,514.6,9.993,-15.733521,31
522,124,2607.66,513.0,9.993,-15.198349,31
523,124,2617.93,510.8,9.993,-14.338807,31
524,125,2628.24,509.4,10.105,-13.516579,31
525,126,2638.65,508.0,10.124,-14.232172,31
526,126,2648.93,506.6,10.17,-14.218519,31
527,126,2659.38,505.2,10.236,-14.356098,31
528,126,2669.84,503.4,10.245,-9.765374,31
529,127,2680.34,502.4,10.282,-9.797493,31
531,128,2700.58,500.6,10.282,-4.709133,31
533,130,2720.9,497.8,10.282,0.4220534,31
534,131,2731.36,497.4,10.32,1.0743058,31
540,133,2795.74,498.2,10.394,0.0,31
541,132,2806.96,498.2,10.497,-4.156621,31
546,131,2863.22,496.2,10.945,-1.4261085,31
547,131,2874.52,495.4,10.992,-12.627573,31
548,131,2885.96,494.4,11.029,-13.388725,31
549,131,2894.97,492.6,11.048,-10.782537,31
550,130,2908.38,491.4,11.132,-10.396039,31
552,129,2931.5,489.6,11.299,-10.723271,31
554,127,2954.73,486.8,11.346,-7.604265,31
555,126,2966.34,485.2,11.402,-6.4779487,31
557,123,2989.48,483.4,11.514,-4.7055144,31
560,121,3026.03,482.4,12.289,-3.6778178,31
564,117,3076.79,480.6,12.289,-2.765588,31
565,116,3089.71,479.2,12.447,-7.954435,31
566,115,3102.52,477.4,12.559,-7.4415846,31
567,113,3115.19,476.4,12.559,-6.900935,31
569,111,3139.82,474.8,12.559,0.21662478,31
570,109,3151.79,474.2,12.559,1.1817536,31
571,109,3163.5,472.8,11.85,3.9383507,31
575,106,3207.66,472.2,10.609,4.845241,31
578,105,3237.94,475.0,9.48,0.0,31
580,106,3253.22,475.8,7.502,-1.3326566,31
582,105,3263.74,475.8,5.944,0.0,31
584,104,3282.54,475.0,6.168,1.3519404,31
586,104,3298.26,474.8,6.634,7.8364296,31
589,102,3322.94,475.0,8.052,12.639951,31
590,102,3331.86,475.8,8.528,10.348306,31
591,101,3341.2,476.4,8.929,10.988143,31
592,101,3348.79,479.4,9.032,0.0,31
593,100,3357.79,481.4,9.032,-3.926974,31
596,98,3382.6,482.0,7.222,-30.0,31
597,97,3387.29,482.0,6.149,-30.0,31
600,95,3399.6,480.0,3.275,-30.0,31
601,94,3401.67,479.4,2.258,-30.0,31
602,94,3403.6,478.4,1.829,-30.0,31
603,95,3404.21,477.4,1.25,-30.0,31
1281,111,3404.21,399.0,0.0,12.434036,31
1282,111,3404.21,398.6,0.0,13.088449,31
1284,110,3404.21,397.8,0.0,14.397324,31
1286,110,3406.34,396.8,1.512,16.033379,31
1288,110,3412.37,397.0,3.182,16.299793,31
1290,111,3422.88,398.0,5.113,16.272614,31
1291,111,3429.25,400.4,6.018,11.820913,31
1292,112,3436.08,402.0,6.541,10.318466,31
1293,112,3443.25,403.6,6.783,11.411999,31
1294,112,3450.5,404.8,6.961,12.004431,31
1296,112,3465.27,405.2,7.119,12.179018,31
1297,113,3471.19,406.6,6.783,8.349129,31
1299,115,3485.56,407.4,6.783,4.916919,31
1300,116,3492.04,407.8,6.214,1.494632,31
1301,117,3498.07,410.0,5.608,-2.3993323,31
1302,118,3504.56,411.4,5.337,-5.350737,31
1304,121,3513.92,411.8,4.208,-3.0884209,31
1306,122,3520.12,411.8,2.781,-3.609256,31
1308,122,3523.69,411.2,1.474,-0.35883987,31
1310,123,3526.86,410.0,1.232,1.921164,31
1313,122,3538.44,409.4,4.329,5.02351,31
1315,122,3549.99,408.6,5.58,5.9724793,31
1318,121,3568.89,408.6,6.382,7.2998366,30
1319,121,3575.63,409.8,6.55,7.6418047,30
1320,122,3582.55,411.0,6.578,6.2042775,30
1323,122,3602.21,412.2,6.364,4.3806705,30
1324,122,3608.57,412.4,6.364,3.6595016,30
1325,122,3614.96,412.4,6.364,3.6016974,30
1326,122,3621.35,412.6,6.373,3.5548182,30
1327,122,3627.28,413.8,6.289,1.4599857,30
1328,121,3632.51,414.2,4.973,1.0484933,30
1329,120,3638.17,414.4,4.973,0.8476863,30
1330,120,3643.96,414.4,5.272,0.92160016,30
1332,120,3656.8,414.4,6.28,1.0075802,30
1333,120,3663.75,414.4,6.242,1.4591926,30
1334,120,3671.05,414.4,6.933,0.9952577,30
1338,121,3703.13,414.6,7.931,0.8200936,30
1339,121,3711.32,415.0,8.146,-0.3519867,30
1343,123,3744.08,415.2,7.968,1.4849937,30
1344,121,3752.11,415.2,7.968,2.1357262,30
1345,124,3760.18,415.2,7.968,2.3954227,30
1352,124,3819.09,414.8,8.043,3.389234,30
1356,125,3850.41,416.8,6.961,-1.9699669,30
1358,125,3862.32,417.4,5.878,-30.0,30
1359,125,3867.85,417.2,5.58,-30.0,31
1362,124,3880.04,416.2,3.21,-28.740023,31
1363,123,3881.93,415.6,2.193,-30.0,31
1365,123,3882.8,414.0,0.0,-30.0,31
1366,123,3882.8,413.2,0.0,-30.0,31
1367,123,3882.8,412.4,0.0,-29.653465,31
1369,124,3882.8,411.2,0.0,-27.676598,31
1371,124,3882.8,409.6,0.0,-25.040724,31
1373,123,3882.8,408.0,0.0,-22.40485,31
1375,122,3882.8,406.4,0.0,-19.768978,31
1377,119,3882.8,405.0,0.0,-17.462606,31
1379,118,3882.8,403.4,0.0,-14.826733,31
1381,117,3882.8,402.0,0.0,-12.520362,31
1383,117,3882.8,400.4,0.0,-9.884489,31
1385,117,3885.17,399.0,1.875,-7.578118,31
1387,117,3892.13,398.2,3.956,-6.4889994,31
1388,116,3897.21,397.6,4.815,-6.2333336,31
1390,115,3908.91,396.6,5.757,-5.973169,31
1391,115,3915.4,396.4,6.233,-3.2982497,31
1395,118,3943.57,394.6,7.306,-0.9059872,31
1396,119,3950.96,394.4,7.306,0.2870047,31
1400,122,3981.87,393.4,7.371,1.9254868,31
1404,121,4013.3,394.0,7.735,6.1050677,31
1405,122,4021.11,394.6,7.735,8.300443,31
1412,123,4073.39,397.0,7.25,4.942733,31
1413,123,4080.14,399.6,7.437,13.191749,31
1414,122,4087.46,401.8,7.437,9.281673,31
1417,123,4110.86,403.0,7.66,8.321592,31
1418,125,4118.64,403.4,7.446,7.7803917,31
1419,126,4126.47,404.4,7.465,7.0204377,31
1421,128,4142.76,406.6,7.66,2.5193522,31
1424,130,4167.43,407.6,7.763,1.6876198,31
1425,131,4175.56,407.8,7.763,2.2355435,31
1430,133,4213.86,408.4,7.754,1.6658888,31
1434,134,4247.83,408.8,7.791,2.029906,31
1437,135,4272.59,409.6,8.052,5.5258203,31
1438,135,4281.43,410.0,8.267,8.2020855,31
1440,135,4298.13,411.4,8.276,7.0262756,31
1442,135,4314.95,412.4,8.276,7.8886952,31
1445,135,4338.5,414.0,7.772,8.810594,31
1446,135,4344.81,415.4,6.839,5.848848,31
1448,134,4356.78,416.6,6.028,1.8256842,31
1449,134,4362.87,417.0,6.196,-2.574477,31
1450,135,4369.39,417.8,6.196,-5.2609687,31
1452,136,4381.71,418.8,6.224,-8.0958185,31
1454,135,4393.13,418.8,5.813,-11.22911,31
1455,134,4399.59,418.6,6.14,-9.342411,31
1456,134,4405.48,417.6,5.179,-8.668069,31
1457,133,4410.59,416.4,4.516,-7.507746,31
1458,133,4415.62,415.6,4.488,-6.696581,31
1459,133,4420.99,415.0,4.488,-6.4031186,31
1460,133,4427.09,414.6,5.132,-7.221017,31
1462,133,4440.42,413.8,6.224,-8.06014,31
1465,134,4461.45,412.2,7.054,-6.409983,31
1466,135,4468.98,412.2,7.269,-7.568869,31
1467,135,4476.59,411.6,6.951,-8.660937,31
1468,135,4484.31,410.6,7.054,-6.1017084,31
1470,135,4499.4,409.2,7.101,-4.7231035,31
1471,135,4506.04,408.4,7.091,-4.5853357,31
1473,132,4516.83,408.0,5.44,-3.175101,31
1474,132,4521.78,408.0,4.815,-3.7014163,31
1479,131,4551.65,407.0,6.83,-2.3385558,31
1483,131,4581.75,406.0,7.558,-4.0062604,31
1485,131,4596.96,405.6,7.166,-0.87471455,31
1487,131,4611.75,404.6,7.166,0.75049174,31
1492,133,4650.25,403.6,7.558,2.3494236,31
1495,133,4671.1,405.0,7.166,-28.488478,31
1497,133,4682.42,405.0,5.235,-20.929441,30
1501,132,4695.74,404.0,2.473,-23.364346,30
1502,132,4697.24,403.6,1.512,-15.777109,30
1505,132,4697.81,402.2,0.0,-14.048445,31
1508,131,4698.07,401.0,0.0,-12.295664,31
1510,130,4698.07,400.0,0.0,-10.794454,31
1512,128,4698.07,398.8,0.0,-8.943956,31
1514,126,4698.07,397.8,0.0,-7.4018917,31
1516,124,4698.07,396.6,0.0,-5.5514426,31
1519,122,4698.07,395.2,0.0,-3.3925612,31
1521,119,4698.07,394.2,0.0,-1.8504965,31
1522,117,4698.07,393.6,0.0,-0.92524827,31
1524,116,4698.07,392.8,0.0,0.30843177,31
1525,117,4698.07,392.4,0.0,0.92524827,31
1528,118,4698.07,391.4,0.0,2.467313,31
1531,116,4702.45,390.4,1.81,4.009378,31
1532,114,4706.4,390.2,3.051,4.6201415,31
1534,112,4716.04,390.2,4.843,4.936562,31
1539,111,4736.65,390.8,3.704,2.3038402,31
1540,111,4740.52,391.4,3.704,2.1293373,31
1541,112,4744.85,392.6,3.704,0.5637502,31
1544,114,4763.07,393.0,6.671,0.0,31
1550,117,4811.75,393.0,7.66,-0.70967036,31
1551,118,4819.61,393.0,7.66,3.5136058,31
1554,121,4842.99,392.6,7.511,4.744748,31
1555,122,4848.89,392.8,7.511,6.168516,31
1559,123,4874.23,394.0,5.86,5.2898984,31
1560,123,4881.25,395.2,5.748,7.6463323,31
1563,122,4898.25,396.2,5.617,7.676919,31
1565,122,4909.49,396.2,5.776,11.017788,31
1568,122,4926.56,397.2,5.776,11.292079,31
1570,121,4941.13,399.2,7.166,10.131218,31
1572,121,4956.22,400.8,7.353,8.497193,31
1574,123,4973.1,402.6,7.166,4.185232,30
1576,124,4987.8,404.4,7.231,2.4865997,30
1578,124,5002.24,405.4,7.231,1.3906038,30
1583,121,5037.62,406.0,7.063,0.9271048,31
1584,121,5045.18,406.0,7.063,3.9255636,31
1587,120,5066.91,406.2,7.063,4.054382,31
1588,121,5074.7,406.6,7.511,4.8896422,31
1589,121,5082.62,406.8,7.138,4.1876693,31
1594,124,5124.15,408.6,7.978,1.6968851,31
1596,126,5141.56,409.4,8.23,4.6696463,31
1597,126,5150.42,409.6,8.295,5.577722,31
1599,126,5168.14,411.2,8.64,3.7042885,31
1604,126,5209.76,413.0,7.39,0.0,31
1605,125,5215.78,413.4,6.037,5.7781525,31
1607,124,5226.04,413.4,4.6,6.230474,31
1609,123,5235.61,413.0,4.525,7.765561,31
1612,122,5250.43,412.8,4.824,9.410804,31
1613,121,5256.29,412.8,5.43,13.9744835,31
1618,122,5292.99,416.2,7.623,10.755467,31
1619,122,5300.67,418.2,7.642,11.921682,31
1620,122,5308.64,419.8,7.931,9.945942,31
1621,123,5317.35,421.8,7.931,7.175739,31
1623,126,5333.42,423.2,7.623,1.4691467,31
1625,127,5348.08,424.0,7.623,-1.0254345,31
1626,127,5355.06,424.8,6.933,-6.821626,31
1627,127,5361.32,425.2,6.597,-8.588915,31
1629,126,5371.69,425.6,5.011,-11.536861,31
1633,128,5391.77,424.0,5.253,-11.32692,31
1634,129,5396.19,423.4,5.067,-30.0,31
1635,129,5400.9,422.2,5.011,-30.0,31
1636,127,5406.18,421.2,5.011,-30.0,31
1637,127,5411.6,420.8,5.011,-30.0,31
1639,126,5422.84,419.8,5.011,-30.0,31
1642,126,5434.85,418.2,3.63,-30.0,31
1644,128,5441.88,416.6,2.893,-30.0,31
1646,130,5446.99,414.8,2.137,-30.0,31
1680,117,5446.99,397.2,0.0,-4.278154,31
1681,117,5448.92,397.2,1.652,-5.929898,31
1685,114,5456.15,398.6,1.558,-10.188707,31
1688,113,5460.26,398.6,1.26,-10.347992,31
1691,112,5465.41,398.0,1.577,-9.978304,31
1694,113,5474.4,397.4,2.976,-10.11003,31
1696,114,5481.83,396.8,3.284,-10.648649,31
1697,115,5485.43,396.4,3.284,-9.843992,31
1700,115,5494.79,395.4,2.603,-8.667401,31
1701,115,5497.08,394.8,2.417,-11.218742,31
1703,114,5501.31,394.2,2.603,-10.648868,31
1706,114,5508.73,393.2,2.417,-9.537717,31
1707,113,5512.24,393.0,2.846,-9.951176,31
1711,111,5528.67,392.0,3.947,-8.890128,31
1714,109,5537.84,390.8,3.21,-7.219145,31
1715,109,5540.29,390.6,2.911,-7.9806933,31
1719,110,5549.14,389.6,2.267,-4.8075085,31
1724,108,5563.39,388.4,2.547,-3.3509507,31
1729,109,5580.64,387.4,3.014,-2.7583275,31
1731,109,5587.97,387.0,3.191,-2.3098571,31
1735,109,5602.48,386.6,3.48,-2.0830054,31
1736,109,5606.32,386.6,3.583,-3.1926668,31
1738,109,5614.0,386.4,3.583,-2.7725372,31
1743,107,5631.66,386.0,3.499,-2.481061,31
1747,107,5644.51,385.8,2.734,-1.8599129,31
1749,107,5649.57,385.4,2.939,-1.5512879,31
1750,108,5652.21,385.2,2.939,-1.839087,31
1751,108,5655.4,385.0,2.939,-1.5437626,31
1757,108,5677.53,385.0,3.266,-1.9615606,31
1762,106,5695.46,384.4,3.359,-1.6936078,31
1764,105,5703.3,384.6,3.359,-2.9661143,31
1767,104,5716.01,384.2,3.76,-2.5192094,31
1769,103,5724.02,383.8,3.826,-1.4652443,31
1772,103,5736.44,383.8,3.966,-0.60387313,31
1777,101,5749.49,383.4,1.642,0.0,31
1783,101,5758.85,383.0,1.605,2.1822338,31
1784,100,5760.56,382.8,1.577,4.389361,31
1788,101,5770.49,382.6,2.967,4.9223022,31
1793,102,5790.24,383.0,3.648,3.9664822,31
1797,103,5804.83,383.4,3.266,3.446291,31
1798,103,5806.94,384.2,3.266,1.927133,31
1799,104,5812.84,384.6,3.359,1.0954152,31
1801,104,5825.42,385.2,4.899,0.0,31
1802,103,5831.12,385.2,5.048,0.0,31
1803,105,5836.58,385.2,5.16,0.0,31
1804,105,5841.31,385.4,5.048,-0.3298658,31
1806,106,5850.01,385.2,4.544,0.0,31
1807,106,5855.37,385.2,4.899,0.38726866,31
1808,106,5860.96,385.2,5.048,0.38824108,31
1811,106,5875.86,385.2,5.048,0.3540195,31
1812,106,5880.45,385.2,4.945,-0.375198,31
1813,106,5885.44,385.0,4.945,-0.320282,31
1815,105,5896.7,385.2,5.057,-0.69634366,31
1816,105,5901.54,385.2,5.057,-0.6297802,31
1817,105,5906.49,385.4,4.945,-1.0194145,31
1819,105,5917.13,385.4,4.88,-1.1183172,31
1821,105,5929.32,385.4,5.981,0.30115643,31
1823,105,5942.71,385.0,6.513,1.1009052,31
1826,106,5960.33,384.8,5.039,0.5803357,31
1827,106,5965.14,384.8,4.208,0.7766126,31
1832,105,5983.69,385.0,3.611,0.0,31
1836,105,5991.87,385.6,1.708,-1.0429372,30
1841,106,6011.93,385.6,2.538,-1.3650132,30
1846,106,6030.89,385.2,2.734,-1.507727,30
1848,107,6040.34,385.0,3.751,-1.6538959,30
1850,108,6049.53,385.0,4.18,-1.9769037,30
1851,108,6054.4,384.8,4.563,-1.9471102,30
1853,108,6063.79,384.4,4.656,-1.9607974,30
1854,109,6068.4,384.4,4.824,-1.9768199,30
1855,110,6072.59,384.4,4.563,-2.3970785,30
1859,111,6090.7,384.4,4.731,-2.9272223,30
1861,111,6100.85,384.0,4.731,-2.975113,30
1862,111,6105.46,383.8,4.768,-3.1665146,30
1864,109,6114.26,383.4,4.731,-1.9202815,30
1865,109,6118.64,383.4,4.712,-2.2387831,30
1867,109,6127.51,383.2,4.647,-1.8326763,30
1868,109,6132.35,382.8,4.553,-1.0961148,30
1872,108,6151.46,382.4,4.665,-0.35155573,30
1875,104,6168.18,382.2,4.964,1.2760888,30
1876,107,6173.15,382.2,4.964,1.4843497,30
1878,107,6181.89,382.2,4.6,1.6044849,30
1880,107,6189.32,382.2,3.48,1.8754262,30
1883,106,6198.8,382.2,2.109,2.7199252,30
1884,106,6200.5,382.0,1.913,2.9889982,30
1888,105,6213.95,382.4,4.04,2.4511528,30
1892,102,6235.29,383.0,5.001,1.9358983,30
1893,102,6240.53,383.2,4.843,2.7630053,30
1899,101,6265.68,383.6,3.294,1.3515772,30
1901,101,6274.42,384.0,4.106,2.3507254,30
1904,102,6285.9,384.2,3.714,2.6301749,30
1912,103,6314.3,384.6,2.986,2.6878796,30
1913,103,6316.17,384.6,2.127,4.331528,30
1916,103,6327.62,385.2,3.07,3.3782606,30
1918,102,6337.8,385.6,4.731,2.9684825,30
1920,102,6350.61,386.0,5.365,2.7832952,30
1921,103,6356.7,386.4,5.561,2.064458,30
1923,103,6369.68,386.6,6.065,1.9184669,30
1926,104,6387.94,387.0,5.804,2.941472,30
1929,104,6408.56,387.4,6.065,4.6439877,30
1930,108,6416.04,387.6,6.196,5.40834,30
1932,111,6430.44,388.4,6.466,4.7689114,30
1933,115,6437.08,388.8,6.494,4.2376523,30
1934,118,6443.55,389.4,6.503,3.65039,30
1936,121,6455.74,390.0,6.55,2.4249055,30
1939,121,6474.69,390.8,6.55,-0.5539317,30
1942,121,6491.68,391.2,5.486,-1.5071968,30
1944,121,6501.29,391.4,4.908,-2.02037,30
1950,119,6527.93,391.4,5.645,-2.34436,30
1955,118,6561.1,390.4,6.979,0.0,30
1956,118,6568.1,390.0,6.989,0.7571371,30
1962,121,6614.0,389.4,7.931,1.0998708,30
1970,124,6677.64,390.4,7.931,0.31573328,30
1976,122,6728.35,390.6,8.295,0.0,30
1979,121,6753.8,390.6,8.407,3.1693192,30
1981,121,6770.27,390.8,8.416,3.9832273,30
1982,121,6778.14,391.2,8.416,3.979454,30
1984,120,6791.56,392.2,6.886,1.6942924,30
1986,120,6801.21,392.6,5.085,2.6352487,30
1989,119,6808.83,393.0,2.23,3.0161397,30
1990,119,6809.93,393.0,1.418,4.1516433,30
1991,119,6811.22,393.0,1.353,4.2724314,30
1994,118,6820.78,392.8,2.323,4.793857,30
1999,116,6837.73,393.2,1.95,5.574037,30
2001,117,6845.2,393.2,3.452,7.8981776,30
2003,117,6854.75,394.0,4.479,5.4824176,30
2005,117,6862.52,394.6,3.611,5.3227286,30
2007,117,6870.57,395.2,3.452,2.349628,30
2008,117,6874.98,395.4,3.452,2.3161802,30
2009,116,6879.9,396.2,3.452,0.0,30
2012,115,6888.24,397.0,1.185,-1.2027638,30
2019,114,6903.1,397.2,1.838,-1.7227769,30
2020,114,6907.13,397.2,2.902,-0.6165274,30
2023,115,6921.69,397.4,3.247,-0.9837663,30
2028,115,6945.54,396.6,3.592,2.707958,30
2032,117,6967.44,396.2,3.592,4.2148757,30
2037,119,6987.5,396.8,3.704,10.150457,30
2041,121,7006.63,398.4,3.947,11.452606,30
2042,120,7010.6,398.8,3.947,11.314311,30
2045,117,7020.35,400.4,3.639,4.580977,30
2046,118,7024.74,402.2,3.443,2.3264382,30
2047,117,7030.15,403.0,5.272,1.0746329,30
2048,119,7036.47,403.6,5.832,0.0,30
2049,119,7043.35,404.0,6.345,-1.2013843,30
2051,119,7057.95,404.8,7.203,-2.67639,30
2054,121,7080.39,404.6,7.409,-2.372109,30
2057,124,7103.09,403.6,7.203,-2.3039408,30
2060,128,7125.5,403.2,7.203,2.4324217,30
2061,129,7132.7,403.0,7.203,3.5281882,30
2063,131,7146.84,402.4,7.175,4.926965,30
2069,131,7193.47,404.0,7.175,6.292554,30
2070,131,7200.72,405.4,7.399,23.80569,30
2071,131,7208.38,407.4,7.409,22.517176,30
2072,131,7215.96,409.0,7.521,17.64423,30
2073,131,7224.08,411.2,7.698,8.468514,30
2074,130,7230.59,412.8,7.707,7.2163253,30
2075,130,7240.0,414.6,7.754,5.1989017,30
2076,130,7248.16,416.4,7.763,2.850266,30
2077,130,7256.01,418.4,7.772,-2.124307,30
2078,130,7264.04,419.8,7.894,-8.328386,30
2082,132,7296.26,418.8,7.968,-6.5968394,30
2083,131,7304.93,418.0,7.968,-4.655556,30
2084,132,7313.63,417.2,7.996,-3.9904494,30
2086,134,7330.7,415.0,8.052,-0.39040965,30
2090,136,7365.04,414.4,8.603,1.9954205,30
2093,139,7390.85,414.8,8.603,2.697432,30
2095,138,7408.33,415.6,8.566,1.6829474,30
2096,136,7416.84,416.0,8.566,1.5414376,30
2097,138,7425.61,416.2,8.566,1.4446734,30
2104,136,7486.13,416.8,8.687,0.6633144,30
2109,137,7531.79,417.2,8.92,3.4342453,30
2110,137,7538.49,417.2,8.92,5.8173375,30
2113,137,7562.01,419.0,7.483,3.2642567,30
2114,136,7569.54,419.4,7.483,2.1334138,30
2117,136,7593.66,420.2,8.071,-0.79429036,30
2119,137,7610.12,420.8,8.071,-1.819631,30
2120,138,7618.24,421.8,8.071,-3.9839792,30
2126,138,7670.54,420.6,8.491,-2.2981434,30
2131,137,7712.85,419.4,8.556,-1.7494246,30
2133,137,7727.94,418.6,8.407,0.32296795,30
2134,136,7736.1,418.4,8.342,4.023021,30
2139,135,7774.88,417.6,7.222,6.2412033,30
2141,135,7787.57,418.8,6.643,19.154814,30
2142,135,7793.9,420.8,6.466,10.484221,30
2143,135,7799.95,422.0,6.466,9.557946,30
2144,135,7804.53,423.8,5.925,7.239217,30
2145,135,7811.27,425.6,5.748,0.9460305,30
2146,135,7816.34,427.2,5.925,-1.7640876,30
2147,135,7826.27,428.8,6.625,-5.0246234,30
2150,135,7852.4,428.6,8.052,-4.8269935,30
2152,136,7868.08,427.6,7.903,-6.7185655,30
2156,137,7900.64,426.2,8.052,-3.293512,30
2157,137,7909.07,425.0,8.08,-3.0585577,30
2162,137,7952.95,423.8,8.342,3.422211,30
2163,136,7961.72,423.4,8.584,4.8402443,30
2168,136,8006.74,425.6,8.827,1.1037289,30
2169,136,8015.96,426.0,8.911,1.4555458,30
2170,135,8025.08,426.2,8.911,2.1998062,30
2174,134,8061.79,426.2,8.92,2.418046,30
2180,134,8116.06,426.8,8.892,2.9482644,30
2181,135,8124.22,428.4,8.771,7.308153,30
2183,135,8140.9,430.4,8.696,4.622926,30
2185,135,8158.15,431.8,8.678,3.7805681,30
2187,138,8176.05,432.4,8.696,3.2317827,30
2189,140,8193.96,432.8,8.752,3.5274055,30
2194,143,8238.66,433.8,8.864,1.6077241,30
2196,143,8256.0,435.0,8.864,0.0,30
2203,146,8319.05,434.8,8.836,0.31743538,30
2204,146,8327.8,435.0,8.836,5.767939,30
2205,146,8335.9,435.2,8.398,6.30567,30
2206,144,8344.39,435.6,8.398,3.478102,30
2207,146,8351.86,438.2,9.06,-0.7303906,30
2208,145,8362.92,439.6,8.929,2.8668587,30
2210,146,8381.29,439.8,8.995,3.0278895,30
2212,147,8399.29,438.6,8.873,6.296983,30
2216,150,8435.58,437.8,9.06,16.29643,30
2218,150,8453.47,442.0,8.957,18.693304,30
2219,150,8460.43,446.6,8.845,14.203863,30
2220,150,8468.59,447.8,8.444,11.44263,30
2221,150,8478.27,449.0,8.836,5.4723554,30
2222,150,8486.67,449.2,8.836,6.0318646,30
2223,150,8495.19,451.6,8.78,2.344645,30
2224,150,8504.07,452.8,8.64,-1.6879953,30
2225,150,8512.78,453.8,8.556,-3.9506016,30
2228,149,8537.69,453.8,8.36,-4.7812557,30
2230,150,8554.6,452.8,8.36,0.0,30
2231,150,8562.97,451.8,8.36,5.572024,30
2235,147,8596.05,451.4,8.295,7.560881,30
2236,147,8604.75,452.8,8.295,11.104116,30
2237,147,8613.45,454.6,8.314,8.835657,30
2238,147,8622.46,455.2,8.314,6.637502,30
2239,147,8631.15,455.8,8.482,6.677752,30
2241,148,8648.6,456.8,8.519,5.8434725,30
2242,148,8656.98,458.6,8.519,4.2498236,30
2245,149,8682.55,459.2,8.538,-0.20431624,30
2247,150,8700.09,459.8,8.556,-1.1092808,30
2253,151,8754.7,460.8,8.883,-3.304567,30
2260,149,8818.81,459.0,9.219,-2.8147151,30
2262,149,8838.0,457.2,9.303,-11.660853,30
2263,149,8847.62,455.6,9.321,-11.343462,30
2264,149,8856.82,454.4,9.34,-11.190174,30
2265,150,8864.28,453.2,9.34,-12.150941,30
2266,151,8875.35,452.4,9.34,-11.820673,30
2267,151,8884.59,450.6,9.34,-9.993207,30
2269,151,8903.25,449.2,9.321,-8.160813,30
2270,151,8912.58,448.2,9.321,-3.6870499,30
2271,151,8921.89,446.4,9.265,-2.1389873,30
2272,152,8931.28,445.6,9.265,-1.4223198,30
2273,152,8940.81,445.0,9.265,-0.8022285,30
2280,154,9006.08,444.6,9.265,-0.30622557,30
2283,154,9033.86,444.4,9.293,-6.4300804,30
2285,155,9052.62,443.4,9.293,-6.9554605,30
2288,155,9080.75,441.8,9.293,-1.5718831,30
2290,156,9099.94,439.6,9.312,2.562471,30
2293,156,9129.19,438.8,9.443,4.7474113,30
2296,156,9158.9,440.6,9.629,2.049071,30
2300,155,9197.67,441.6,9.732,5.2050767,30
2303,155,9228.19,442.0,9.9,5.8964977,30
2308,155,9279.19,445.2,10.04,3.1435375,30
2310,155,9299.55,446.8,10.049,5.045078,30
2313,156,9330.49,448.0,10.096,4.1662674,30
2314,157,9340.79,449.4,10.096,2.6386738,30
2316,157,9361.96,450.6,10.17,1.3628459,30
2317,158,9372.62,450.6,10.226,1.9202328,30
2321,161,9414.19,451.0,10.394,5.151356,30
2323,161,9434.48,451.6,10.394,2.1860466,30
2324,161,9444.89,454.2,10.394,-0.8461943,30
2330,163,9505.6,453.8,10.17,-0.33031386,30
2331,163,9515.81,453.6,10.17,-5.1278887,30
2333,163,9536.54,452.8,10.189,-4.622688,30
2336,164,9567.92,451.0,10.348,-4.9984555,30
2337,164,9578.22,450.4,10.385,-8.2694235,30
2338,164,9588.44,449.8,10.385,-6.786729,30
2339,165,9598.57,448.4,10.385,-5.647863,30
2341,165,9618.83,447.2,10.385,-4.3655295,30
2344,164,9648.98,446.2,10.385,-1.1079838,30
2348,164,9690.85,445.0,10.31,1.7020699,30
2352,164,9731.13,445.4,10.31,2.324418,30
2354,164,9751.22,446.4,10.31,0.0,30
2359,164,9797.85,446.8,8.985,0.5044365,30
2363,163,9830.69,446.4,8.174,-30.0,30
2364,164,9836.44,447.2,6.326,-30.0,30
2367,163,9843.24,447.0,1.773,-30.0,30
2369,161,9843.52,446.4,0.0,-30.0,30
2405,130,9843.52,422.6,0.0,2.2271507,30
2406,130,9843.72,422.2,0.0,2.9695342,30
2407,131,9844.0,421.6,0.0,4.088592,30
2408,131,9844.67,421.2,0.0,4.8709126,30
2409,131,9847.45,420.8,2.809,5.67949,30
2411,130,9854.79,419.8,3.48,9.517179,30
2413,129,9866.15,419.8,5.785,10.837884,30
2414,127,9873.07,419.8,6.55,21.485466,30
2416,126,9888.86,421.6,8.08,21.048008,30
2417,126,9897.39,422.8,8.267,21.733788,30
2418,125,9906.23,423.8,8.799,23.791632,30
2419,124,9915.57,425.4,9.097,23.726183,30
2420,125,9925.41,429.0,9.555,19.384657,30
2421,125,9935.59,432.6,10.161,16.119564,30
2422,127,9945.93,434.2,10.534,16.288338,30
2423,128,9956.17,435.2,10.534,15.831684,30
2424,129,9964.62,437.8,10.534,13.884045,30
2425,130,9977.61,439.2,10.786,14.62249,30
2426,130,9988.56,441.0,10.786,13.836933,30
2427,131,9999.18,442.8,10.534,13.291546,30
2428,131,10009.76,443.6,10.637,12.870192,30
2429,132,10020.47,445.2,10.637,10.99186,30
2431,134,10041.28,447.4,10.637,6.588571,30
2432,133,10051.76,449.8,10.609,4.8160095,30
2433,133,10062.22,450.4,10.637,4.6634073,30
2435,133,10084.28,451.0,10.712,5.1592703,30
2437,132,10107.75,451.6,11.43,6.9617686,30
2439,135,10132.2,453.0,12.195,7.104476,30
2440,135,10144.61,454.6,12.195,7.89258,30
2441,136,10156.97,455.8,12.195,3.9327142,30
2442,136,10169.6,456.4,12.009,0.19504546,30
2443,137,10182.71,457.4,12.083,-0.89088637,30
2444,137,10195.65,458.6,12.195,-2.6119182,30
2449,139,10259.28,457.8,12.69,-1.8791302,30
2450,139,10271.85,456.6,12.69,-5.9094143,30
2453,141,10309.99,454.8,12.718,-4.7457714,30
2454,140,10322.6,453.6,12.718,-5.3156066,30
2456,140,10348.68,452.4,12.848,-4.264875,30
2458,140,10374.11,451.2,12.82,-5.8690696,30
2460,138,10398.46,450.2,12.671,-6.0761476,30
2461,141,10409.92,449.0,12.065,-6.299472,30
2463,141,10433.59,447.6,12.009,-3.5352504,30
2464,142,10446.08,446.6,12.354,-3.199409,30
2465,140,10458.96,446.0,12.354,0.96386904,30
2467,141,10483.52,445.2,12.223,2.6788917,30
2469,142,10508.2,445.0,12.065,4.1709223,30
2472,142,10541.19,446.6,10.758,0.35377365,30
2474,143,10564.72,447.4,10.385,0.23524429,30
2480,144,10626.0,446.8,10.105,1.305177,30
2484,144,10665.11,447.6,10.096,3.457982,30
2485,144,10675.44,447.6,10.077,5.7981653,30
2487,143,10695.6,448.6,10.077,5.129663,30
2491,144,10734.0,450.0,9.863,4.3830895,30
2492,145,10743.79,451.6,9.853,2.281679,30
2494,146,10763.99,452.8,9.853,0.66490567,30
2498,144,10803.94,453.0,9.825,0.9709904,30
2502,148,10846.38,453.2,10.189,1.900018,30
2503,146,10856.71,453.8,10.217,-1.3078061,30
2504,146,10866.7,454.2,10.217,-2.3638997,30
2508,146,10907.54,454.6,10.217,-4.0874786,29
2512,146,10949.69,453.0,10.217,-4.435871,29
2514,146,10970.6,451.2,10.469,-8.70658,29
2515,146,10981.22,450.2,10.497,-11.707294,29
2516,146,10991.82,449.2,10.506,-9.423136,29
2517,146,11002.48,448.0,10.516,-9.008715,29
2519,146,11023.64,446.6,10.562,-7.923081,29
2521,146,11045.03,444.0,10.516,-6.4921837,29
2522,146,11055.45,443.2,10.506,-9.018509,29
2523,146,11065.55,442.4,10.506,-6.6561227,29
2524,146,11075.82,441.6,10.46,-6.4389095,29
2525,146,11085.93,440.6,10.45,-5.788065,29
2527,144,11104.7,439.4,10.404,-2.9462574,29
2529,145,11127.33,437.8,10.31,1.9452748,29
2531,147,11147.01,437.6,10.17,5.439892,29
2533,144,11166.62,437.6,10.086,5.849482,29
2535,144,11186.31,439.0,9.919,4.868148,29
2537,142,11205.31,440.8,9.853,1.6516947,29
2539,143,11223.86,441.0,9.041,1.8566663,29
2543,143,11259.1,441.8,9.088,3.7377915,29
2545,140,11277.21,442.0,9.088,-0.3054383,29
2548,140,11305.17,443.8,9.088,-5.6849995,29
2550,138,11324.49,444.0,9.219,-7.9461536,29
2553,137,11354.95,441.8,9.639,-6.6549373,29
2555,137,11375.33,439.4,9.928,-5.4551067,29
2556,136,11385.61,438.4,10.021,-5.950268,29
2558,136,11406.06,437.0,10.114,-1.9856367,29
2559,133,11416.11,436.6,10.114,-2.0000014,29
2560,134,11425.97,435.6,10.142,-0.6653674,29
2565,131,11476.23,435.4,10.021,-0.39829993,29
2569,129,11516.49,435.2,9.975,-0.9961971,29
2571,132,11536.37,435.0,9.993,-5.541181,29
2572,132,11546.4,434.6,9.993,-3.3287678,29
2573,132,11556.85,433.2,9.909,-1.8917061,29
2574,134,11566.91,433.0,9.909,-1.8911397,29
2576,131,11585.96,432.2,9.909,-0.7479917,29
2580,129,11620.47,432.0,7.791,-0.31904948,29
2584,127,11648.66,431.8,7.334,0.31715506,29
2588,125,11683.61,431.8,9.06,2.997466,29
2589,124,11692.96,432.0,9.163,4.9100065,29
2592,125,11722.15,433.6,9.06,3.1814432,29
2593,128,11730.92,434.0,9.116,3.2692704,29
2594,129,11740.43,434.4,9.163,3.4223692,29
2595,129,11749.84,434.8,9.2,4.079771,29
2598,125,11777.3,435.4,9.489,1.6240374,29
2599,125,11789.45,435.8,9.545,1.6883162,29
2600,126,11799.47,436.4,9.564,1.0229448,29
2605,129,11848.21,437.2,9.9,-2.2914948,29
2606,127,11860.61,437.0,10.152,-3.242843,29
2612,129,11922.16,435.8,10.282,-1.942044,29
2613,132,11932.67,434.6,10.282,-6.6002045,29
2614,129,11943.42,433.0,10.282,-4.8666296,29
2616,128,11964.9,431.8,10.404,-2.977523,29
2618,128,11986.1,430.8,10.404,-5.963817,29
2619,127,11997.09,430.4,10.553,-7.76584,29
2620,131,12007.99,430.2,10.562,-9.67773,29
2621,134,12018.76,429.6,10.618,-7.0802298,29
2623,134,12039.99,427.6,10.674,-4.796383,29
2624,134,12050.83,426.2,10.674,5.59245,29
2626,131,12072.79,425.0,10.749,8.967144,29
2629,134,12104.46,425.0,10.702,7.623478,29
2630,135,12114.88,429.8,10.674,0.0,29
2632,135,12135.82,430.4,10.609,-1.155265,29
2635,136,12166.9,429.8,10.432,2.7567492,29
2637,137,12186.86,429.8,10.31,4.612173,29
2641,137,12227.53,431.2,10.292,2.216803,29
2644,137,12258.94,432.6,10.31,3.1895094,29
2645,137,12269.25,432.8,10.413,3.847362,29
2647,137,12290.22,433.6,10.413,2.6879165,29
2649,136,12311.06,434.6,10.441,0.3839541,29
2650,139,12321.36,434.8,10.441,0.23825654,29
2652,141,12342.5,435.0,10.478,0.0,29
2657,138,12395.11,434.8,10.562,0.38007972,29
2659,137,12416.52,435.0,10.609,-5.596374,29
2663,136,12459.44,433.2,10.609,-4.033426,29
2666,136,12491.07,431.4,10.497,-3.4499424,29
2669,136,12523.46,430.2,10.758,-1.8244916,29
2672,136,12556.7,429.2,10.833,-3.698682,29
2673,137,12567.52,429.0,10.833,-4.3585334,29
2676,135,12599.16,427.8,10.852,-3.3965302,29
2680,135,12644.03,426.4,11.048,-4.172853,29
2682,134,12666.1,425.2,10.936,-5.4352417,29
2684,134,12688.12,423.6,11.085,-1.8248234,29
2685,135,12699.3,421.8,11.085,0.0,29
2691,135,12764.98,422.2,10.926,-0.60937274,29
2693,135,12786.68,421.8,10.926,-3.7113535,29
2695,136,12808.11,420.2,10.87,-2.6758103,29
2696,136,12818.96,420.0,10.852,-3.3836372,29
2697,136,12829.54,419.8,10.702,-2.0946705,29
2700,138,12861.11,419.0,10.6,-1.3317955,29
2704,137,12904.71,418.2,10.59,-1.1039267,29
2705,137,12915.55,418.0,10.59,1.7070475,29
2711,137,12974.86,417.6,10.572,2.6901293,29
2713,136,12997.48,419.2,10.534,-6.355646,29
2718,137,13047.35,415.8,10.096,-3.4162776,29
2720,136,13067.39,414.6,10.021,-0.447111,29
2722,133,13087.28,413.4,9.965,1.1562477,29
2727,135,13136.57,413.4,9.76,1.447257,29
2729,138,13156.39,414.2,9.732,-1.7207446,29
2731,137,13175.65,414.4,9.62,-1.7913377,29
2732,137,13185.13,414.4,9.62,-2.3795621,29
2733,136,13194.97,414.6,9.536,-1.4394685,29
2737,138,13234.48,413.2,9.685,0.6714835,29
2739,136,13254.43,413.0,9.536,-1.629804,29
2744,135,13308.22,413.6,10.982,-3.3534548,29
2748,136,13354.01,411.8,11.981,3.0708208,29
2750,136,13379.65,411.4,12.512,4.511192,29
2753,136,13420.68,414.0,13.735,1.4674908,29
2754,136,13434.48,414.4,13.753,3.9668252,29
2755,135,13448.49,414.8,13.968,4.698432,29
2756,134,13462.34,415.4,13.968,5.392324,29
2757,135,13475.87,415.8,13.436,6.5259967,29
2758,137,13489.78,416.6,13.483,5.770495,29
2759,138,13503.99,417.4,13.735,4.048133,29
2760,138,13517.59,418.4,13.735,3.2825668,29
2761,137,13531.44,419.4,13.753,1.7423209,29
2763,137,13559.09,419.8,13.884,1.4576228,29
2765,140,13586.4,420.2,13.884,4.3774924,29
2766,140,13600.03,420.6,13.884,3.2446945,29
2768,140,13627.61,422.0,13.884,1.8014773,29
2771,139,13666.84,423.2,12.998,1.1699187,29
2772,139,13679.07,423.2,12.736,1.411333,29
2777,138,13737.85,423.8,11.831,0.6824429,29
2781,137,13784.44,424.2,11.057,3.9100378,29
2784,136,13814.45,426.6,10.674,-1.3370874,29
2787,134,13844.32,427.2,9.853,-2.246585,29
2792,134,13894.82,425.8,9.956,-0.7955436,29
2793,134,13904.49,425.4,9.853,-1.9946637,29
2797,133,13943.61,424.8,9.704,-1.191996,29
2798,134,13954.9,424.6,9.685,0.25874963,29
2799,133,13962.69,424.2,9.685,0.91203827,29
2801,131,13983.99,424.0,9.601,1.3775659,29
2805,134,14020.65,424.0,9.564,2.3506238,29
2809,134,14060.56,424.8,9.639,6.5169997,29
2810,134,14072.77,425.8,9.639,-1.2403048,29
2811,134,14081.23,428.2,10.366,-4.9781575,29
2813,134,14105.69,428.2,11.243,-5.684461,29
2816,135,14141.21,426.8,11.794,-5.8332243,29
2818,136,14163.9,424.8,12.662,-7.6711583,29
2820,138,14190.51,423.4,13.128,-5.6892257,29
2821,139,14203.92,421.2,13.184,-4.1114807,29
2823,139,14230.64,420.0,13.418,-2.2143116,29
2824,139,14243.79,419.6,13.119,-2.5246072,29
2828,138,14294.24,419.0,13.222,-1.9914594,29
2831,139,14336.48,418.0,13.222,1.7740462,29
2833,139,14361.89,417.8,13.119,2.9087698,29
2836,139,14398.41,419.2,11.906,-2.0583565,29
2837,138,14410.0,419.6,11.579,-3.70866,29
2842,138,14468.71,417.6,11.766,-1.0253694,29
2843,137,14480.53,417.0,11.635,-6.3370094,29
2844,137,14494.61,416.4,11.617,-6.5314226,29
2845,137,14505.94,415.2,11.579,-6.0887346,29
2846,137,14515.03,413.6,11.57,-4.41019,29
2850,142,14560.36,412.2,11.495,-2.0752194,29
2852,141,14582.52,411.2,11.449,-2.0330486,29
2853,141,14595.94,410.8,11.271,-1.5874623,29
2856,142,14629.05,410.6,11.057,-1.6014254,29
2861,143,14683.69,409.8,11.663,-1.1054006,29
2862,143,14694.94,409.2,11.663,-3.7091007,29
2865,144,14727.24,408.8,10.992,-3.735577,29
2868,141,14759.2,407.6,10.88,-3.1026256,29
2871,144,14791.95,406.4,10.805,-3.2973044,29
2873,141,14813.67,405.6,10.805,-2.9543433,29
2874,141,14824.44,404.6,10.814,-4.8373027,29
2876,138,14846.12,404.2,10.852,-2.8771396,29
2877,140,14858.98,404.0,10.852,-3.6424153,29
2878,140,14867.62,403.4,10.852,0.0,29
2881,139,14900.99,402.0,10.917,2.403759,29
2883,140,14925.83,402.0,10.917,5.8202744,29
2885,142,14945.24,403.4,10.945,3.1225774,29
2886,143,14956.24,405.0,10.945,-0.31604117,29
2888,141,14977.33,405.2,10.945,-0.76428646,29
2891,138,15008.53,405.0,10.646,0.0,29
2894,137,15040.47,404.8,10.646,0.26867998,29
2898,133,15082.99,405.0,10.553,0.0,29
2899,132,15093.88,405.0,10.59,-0.34948656,29
2901,134,15116.87,405.0,11.365,0.0,29
2902,131,15128.62,405.0,11.738,0.0,29
2903,130,15140.33,404.8,11.738,1.7729692,29
2906,127,15174.17,404.8,11.122,-1.0780631,29
2907,126,15185.04,405.0,11.122,-1.1374305,29
2908,126,15196.05,405.8,11.169,-2.3405092,29
2914,126,15262.16,404.2,11.048,-0.3025749,29
2915,126,15273.08,404.0,11.038,-0.30583477,29
2920,125,15327.58,403.6,10.982,0.36655235,29
2925,128,15382.77,403.8,10.954,-0.36311626,29
2927,126,15404.76,403.6,10.926,-3.2862008,29
2931,129,15449.85,403.0,11.048,-3.5252924,29
2932,130,15461.57,401.4,11.15,-7.7749968,29
2933,129,15472.87,401.0,11.085,-8.712675,29
2934,129,15483.76,399.2,11.085,-4.7426434,29
2935,129,15494.69,397.2,11.085,-0.37021565,29
2937,129,15516.86,396.6,11.085,0.20558892,29
2938,130,15527.56,396.2,11.085,0.7971023,29
2944,132,15592.12,396.6,10.749,0.31080282,29
2945,131,15603.48,396.8,10.908,-0.26595548,29
2951,131,15667.45,396.6,10.618,0.0,29
2956,130,15718.59,396.6,10.366,-1.9493153,29
2962,131,15780.74,395.6,10.366,-0.964854,29
2964,131,15801.27,395.0,10.245,0.23611498,29
2965,131,15811.58,394.8,10.245,0.622243,29
2971,132,15865.75,395.0,8.015,0.3707562,29
2976,133,15900.6,395.2,7.035,0.0,29
2979,135,15927.39,395.2,9.125,1.4921625,29
2980,135,15937.5,395.2,9.723,2.2287612,29
2981,136,15948.12,395.2,10.45,1.3596022,29
2984,135,15981.0,395.2,11.169,1.5143193,29
2989,136,16040.75,396.4,12.195,0.3365961,29
2990,135,16053.26,396.6,12.317,5.237075,29
2992,135,16078.41,398.0,12.839,3.834239,29
2994,135,16105.47,399.6,13.203,5.9472666,29
2995,136,16118.95,400.0,13.203,11.82807,29
2996,137,16132.14,401.0,12.839,9.909921,29
2997,137,16145.12,402.8,12.858,8.943225,29
2998,138,16158.26,405.0,12.942,2.6717944,29
3000,138,16183.56,406.2,12.708,1.444284,29
3004,137,16227.23,407.4,10.637,-1.2392247,29
3009,139,16280.39,407.2,10.693,-1.8825135,29
3012,136,16310.93,406.2,10.544,1.9171114,29
3015,135,16343.36,406.6,10.628,4.7425756,29
3017,134,16365.97,407.4,10.637,5.6195054,29
3018,134,16377.45,409.2,10.693,4.67668,29
3019,135,16388.43,410.6,10.898,3.6378071,29
3022,138,16421.67,411.6,10.936,1.241208,29
3023,138,16432.44,411.8,10.936,1.5759215,29
3028,141,16485.22,412.6,10.74,0.37964877,29
3029,144,16495.86,412.8,10.637,1.1294029,29
3031,147,16517.0,412.6,10.6,1.8890148,29
3033,150,16538.18,413.0,10.59,3.7816546,29
3034,154,16549.02,413.4,10.6,4.566142,29
3035,155,16559.65,413.6,10.59,5.328703,29
3036,156,16570.12,414.2,10.562,5.377808,29
3038,159,16590.86,415.0,10.562,3.8490021,29
3039,162,16601.49,415.8,10.534,1.5434829,29
3040,162,16611.81,416.4,10.469,-0.32365036,29
3041,166,16622.19,417.0,10.45,-1.5544049,29
3042,169,16632.57,417.0,10.413,-0.82101923,29
3043,174,16642.92,417.0,10.413,-0.95868677,29
3045,177,16663.49,416.6,10.413,-0.3816881,29
3048,177,16695.18,416.2,10.413,0.42281902,29
3054,175,16758.06,416.4,10.404,0.31847724,29
3059,174,16809.48,416.6,10.404,3.124133,29
3063,173,16853.0,418.2,10.544,1.5474427,29
3065,173,16874.25,418.4,10.553,3.1536572,29
3069,173,16916.55,419.2,10.562,1.8888148,29
3072,172,16948.58,420.4,10.581,1.5327352,29
3073,172,16959.39,420.6,10.553,1.9303008,29
3079,172,17021.17,421.2,9.695,1.2985221,29
3080,172,17030.33,422.0,9.321,4.503278,29
3081,172,17039.24,422.4,9.247,4.517524,29
3082,171,17047.69,424.0,8.659,2.5813706,29
3083,171,17055.22,425.0,7.987,1.1226798,29
3085,171,17066.4,425.4,5.225,-0.6893187,29
3090,170,17101.18,425.6,8.37,-1.0526673,29
3094,169,17142.43,425.6,10.749,0.7959303,29
3099,172,17201.98,424.8,12.102,2.696719,29
3101,175,17227.11,426.4,12.438,10.395396,29
3102,176,17239.74,427.8,12.438,6.262019,29
3103,177,17252.15,430.2,12.102,2.3535488,29
3105,178,17273.9,431.6,12.102,-0.5837561,29
3106,178,17287.87,431.6,11.841,0.0,29
3107,181,17299.25,431.6,11.15,0.0,29
3109,184,17320.76,431.6,10.805,-0.58687574,29
3111,184,17341.12,431.2,10.422,-0.24714285,29
3117,185,17401.68,431.6,10.254,-0.99104,29
3123,186,17461.93,431.0,9.984,-0.33260518,29
3124,185,17472.4,430.8,10.096,-3.0457842,29
3126,182,17493.41,430.8,10.096,-2.740613,29
3128,181,17514.57,430.2,10.254,-2.6938343,29
3131,182,17545.57,429.2,10.338,-0.3825294,29
3132,182,17556.04,428.8,10.348,0.0,29
3138,182,17619.56,428.8,10.31,0.0,29
3140,182,17640.53,428.8,10.357,-0.9685791,29
3146,180,17702.27,428.0,10.226,0.0,29
3148,180,17723.1,428.0,10.226,3.183171,29
3152,180,17765.24,429.2,10.273,0.4279957,29
3157,179,17816.75,430.0,10.404,-0.7761754,29
3162,178,17866.33,429.6,9.9,-2.015372,29
3166,178,17906.37,428.0,9.872,-3.1388235,29
3167,177,17916.34,427.8,9.9,-5.293404,29
3169,177,17936.57,426.8,9.919,-4.356309,29
3171,176,17956.18,425.8,10.012,-2.9252148,29
3172,176,17967.0,425.6,10.03,-3.596217,29
3176,177,18012.01,424.6,10.506,-1.5392495,29
3179,177,18045.19,423.6,10.702,-0.55818075,29
3180,177,18056.32,423.4,10.786,-0.5376865,29
3186,177,18119.84,423.0,10.964,0.0,29
3192,176,18187.18,423.0,10.889,-0.5955379,29
3194,176,18209.17,422.6,10.964,0.9256896,29
3200,176,18273.86,424.0,10.777,-0.93070585,29
3202,175,18295.25,423.4,10.777,-5.283639,29
3205,175,18327.04,421.8,10.656,-1.8644783,29
3208,175,18359.79,420.6,10.637,0.62879103,29
3209,175,18370.41,420.6,10.628,0.9570776,29
3214,175,18422.83,420.8,10.581,0.76654094,29
3215,174,18433.4,421.2,10.6,2.5767584,29
3217,174,18454.99,421.8,10.6,0.7945546,29
3218,173,18465.99,422.0,10.6,0.7399755,29
3219,173,18477.04,422.4,10.628,-1.1158006,29
3222,172,18509.15,422.6,10.637,-0.70867544,29
3223,172,18519.79,422.4,10.637,-0.7563577,29
3227,172,18562.05,421.8,10.516,1.1664943,29
3233,172,18622.71,422.0,10.17,1.6419431,29
3237,171,18664.9,423.0,10.17,-0.8410137,29
3242,171,18718.11,422.8,10.376,-1.130158,29
3246,172,18759.83,422.2,10.376,-0.76976913,29
3247,172,18770.24,422.0,10.376,-3.393747,29
3248,172,18780.49,421.8,10.376,-3.7360866,29
3250,172,18801.9,421.2,10.534,-0.7810409,29
3251,173,18812.94,420.8,10.534,-0.3600689,29
3252,173,18823.72,420.2,10.534,-0.90991443,29
3255,173,18857.52,419.8,10.758,-0.51902,29
3259,173,18900.99,420.6,10.88,-3.5087297,29
3263,173,18943.29,419.4,10.814,-4.51931,29
3265,173,18963.16,417.6,10.021,-3.1220288,29
3266,173,18972.78,416.6,9.62,-2.4544969,29
3267,173,18982.01,416.4,9.527,-3.5793555,29
3271,173,19020.3,416.0,9.555,-3.46013,29
3273,173,19039.99,415.2,9.555,-2.7811038,29
3274,174,19049.75,414.0,9.555,0.26266232,29
3276,174,19070.82,413.8,10.273,0.6028329,29
3280,175,19116.21,413.8,11.411,1.7507108,29
3281,176,19127.96,414.2,11.523,6.4903774,29
3283,176,19151.62,414.8,12.512,1.9536362,29
3284,177,19164.71,416.8,12.662,0.0,29
3285,177,19177.9,417.8,13.082,-1.5229915,29
3289,180,19230.5,418.2,12.736,-2.6685147,29
3290,180,19243.15,416.8,12.774,1.330655,29
3291,181,19255.93,416.2,12.858,2.3201041,29
3296,183,19320.92,416.8,12.858,1.850336,29
3299,182,19358.88,418.0,12.792,3.452922,29
3302,182,19396.5,419.0,12.671,4.825795,29
3303,182,19408.9,420.6,12.643,3.3455696,29
3304,181,19421.23,421.0,12.559,3.3689322,29
3306,181,19445.06,422.0,12.484,1.7689869,29
3308,181,19468.37,422.2,12.251,2.1005607,29
3312,181,19511.96,423.0,10.656,2.5965154,29
3313,180,19522.38,423.6,10.348,3.427842,29
3314,180,19532.72,424.4,10.348,2.7566776,29
3316,180,19554.41,425.6,10.982,1.0887208,29
3319,177,19587.79,426.2,10.898,1.0666138,29
3320,177,19598.72,426.2,10.749,2.0865896,29
3323,176,19629.31,426.0,9.975,2.5883179,29
3329,174,19683.77,427.0,8.78,2.213294,29
3333,174,19722.15,428.2,9.312,4.0503545,29
3334,174,19732.4,429.2,9.853,4.269345,29
3335,174,19742.92,429.8,10.394,0.4461618,29
3336,173,19753.43,430.6,10.394,-0.5055818,29
3337,173,19763.68,431.4,10.385,-1.7494041,29
3338,172,19773.79,431.6,10.058,-2.3990808,29
3343,174,19822.36,431.4,9.853,-2.7350254,29
3348,174,19869.2,430.2,9.76,-3.337188,29
3350,174,19888.45,428.8,9.639,-2.3143299,29
3353,174,19917.81,428.0,9.545,-1.955002,29
3355,174,19938.41,427.6,10.385,-1.6592448,29
3357,173,19960.2,427.2,10.889,-1.5675561,29
3361,174,20002.45,426.6,10.581,2.7229216,29
3364,174,20033.81,426.2,10.581,5.4101877,29
3367,176,20065.35,428.6,10.544,6.464889,29
3369,177,20086.51,429.6,10.534,1.61643,29
3370,177,20097.25,432.0,10.534,-1.5279919,29
3375,179,20152.31,432.0,10.721,-1.8270563,29
3378,178,20187.4,431.0,11.738,-4.016955,29
3379,177,20199.62,430.0,12.037,-2.5693767,29
3380,177,20212.21,429.6,12.186,-5.110686,29
3383,177,20249.75,428.6,12.456,-4.3950005,29
3384,177,20262.46,428.4,12.186,-8.033454,29
3386,177,20287.46,426.4,12.382,-7.124959,29
3388,178,20312.25,425.0,12.382,-7.2400227,29
3389,178,20324.45,423.4,12.382,-6.987438,29
3391,178,20348.45,422.0,12.307,-6.096505,29
3393,178,20372.58,420.6,12.186,-6.1150703,29
3395,178,20396.83,419.2,12.13,-5.575691,29
3397,178,20420.57,417.6,12.046,-5.9333906,29
3399,178,20444.45,416.2,12.018,-5.383101,29
3401,178,20467.75,415.2,11.878,-5.6822796,29
3403,178,20491.27,413.4,11.831,-3.110309,29
3405,177,20514.96,412.4,11.831,-2.0372837,29
3407,177,20538.71,411.2,11.813,-1.1571909,29
3408,177,20550.32,411.2,11.813,-1.4978632,29
3409,177,20562.22,411.2,11.841,-1.7533386,29
3414,177,20618.65,410.8,11.038,-1.4137117,29
3416,177,20640.32,410.0,11.076,3.7180178,29
3420,176,20683.29,409.4,10.861,5.3140235,29
3423,176,20715.83,412.4,10.842,1.5735891,29
3426,176,20747.09,413.4,10.646,-1.272946,29
3427,176,20757.34,413.4,10.544,-1.9009722,29
3432,176,20810.36,412.4,10.525,-0.37749398,29
3433,176,20820.8,412.2,10.525,-0.81657255,29
3439,175,20884.01,411.8,10.45,-0.31689236,29
3441,175,20904.76,411.6,10.45,-1.6533515,29
3446,174,20956.75,411.2,10.422,-1.5413289,29
3449,174,20988.2,410.4,10.413,2.536403,29
3455,174,21051.66,410.8,10.525,3.162099,29
3458,174,21082.98,412.8,10.544,6.7171574,29
3459,174,21093.42,414.6,10.544,3.583453,29
3461,174,21114.39,415.8,10.544,2.2514122,29
3465,174,21155.68,417.0,10.282,0.0,29
3466,174,21165.86,417.2,10.264,-6.1750245,29
3468,174,21185.44,417.0,9.835,-8.01512,29
3471,173,21214.26,415.0,9.872,-7.93852,29
3472,173,21223.47,413.6,10.058,-7.8872538,29
3473,173,21232.83,412.4,9.872,-4.559038,29
3475,172,21251.04,411.2,9.564,-3.3802412,29
3477,171,21270.06,409.8,9.452,-1.0807976,29
3480,170,21298.16,409.2,9.452,-0.36364427,29
3483,169,21325.24,409.0,9.359,5.6403675,29
3486,168,21351.51,409.0,9.359,7.9819536,29
3489,167,21380.55,412.0,9.359,12.620206,29
3490,167,21390.19,413.4,9.209,16.906721,29
3491,166,21399.64,417.0,9.069,12.293497,29
3493,166,21418.21,418.0,9.209,12.553166,29
3495,166,21437.43,420.4,9.396,10.903005,29
3497,168,21457.12,423.0,9.573,10.494638,29
3499,169,21477.03,425.2,9.573,2.6659765,29
3500,169,21486.82,426.8,9.527,-1.2118742,29
3501,169,21496.52,428.4,9.527,-4.2707233,29
3504,170,21524.8,429.2,9.527,-6.4919763,29
3506,169,21543.2,427.0,9.527,0.0,29
3507,168,21552.1,426.0,9.443,1.2020937,29
3509,167,21569.17,425.6,8.491,1.8873262,29
3516,165,21626.42,426.0,8.295,1.7478312,29
3517,164,21634.63,427.0,8.267,2.622948,29
3519,163,21649.49,428.0,7.577,1.1342212,29
3520,163,21657.25,428.4,7.688,-1.0080025,29
3524,161,21687.59,429.2,7.614,-2.7059414,29
3527,161,21709.14,428.6,7.483,-10.601366,29
3528,160,21716.13,427.8,7.381,-13.748633,29
3529,160,21722.96,426.4,7.381,-12.96585,29
3530,159,21730.46,425.2,7.334,-12.308796,29
3533,156,21749.91,423.0,7.129,-9.179786,29
3534,156,21756.7,422.0,7.101,-7.6698217,29
3536,156,21771.75,420.4,6.961,-5.9645143,29
3537,155,21778.35,419.2,6.877,-2.8070402,29
3538,155,21785.09,418.4,6.83,-2.0907242,29
3539,155,21791.96,418.0,6.83,-1.7642918,29
3543,152,21820.52,417.8,6.877,-1.6558822,29
3549,149,21864.67,416.6,7.241,2.330402,29
3550,149,21872.17,416.6,7.269,2.688696,29
3557,148,21924.33,417.8,7.353,0.76919425,29
3560,148,21944.7,418.2,7.315,4.45882,29
3563,148,21967.21,419.6,7.241,4.416884,29
3566,149,21987.35,420.8,6.587,0.0,29
3567,150,21993.14,421.0,6.0,-7.253399,29
3568,151,21999.2,421.2,6.0,-7.508658,29
3569,151,22004.39,422.0,6.224,-9.500291,29
3572,152,22024.61,422.0,6.252,-10.34134,29
3573,152,22030.49,420.8,6.224,-11.322601,29
3574,152,22036.37,419.2,6.121,-9.756785,29
3575,152,22042.44,418.0,6.121,-8.56266,29
3578,151,22062.56,417.0,6.252,-9.19156,29
3579,151,22069.19,416.0,6.252,-8.097129,29
3582,151,22090.13,414.6,6.643,-6.727449,29
3583,151,22097.08,413.4,6.662,0.7348983,29
3585,151,22110.78,412.0,6.681,2.1570666,29
3588,151,22131.83,410.8,6.783,3.8540025,29
3589,150,22139.43,410.4,6.802,5.643423,29
3597,151,22199.29,413.2,7.39,1.6780597,29
3598,151,22206.82,414.2,7.427,16.679625,29
3599,151,22214.3,416.0,7.39,15.709815,29
3600,152,22221.8,417.6,7.418,8.103695,29
3601,152,22229.29,419.0,7.427,6.636761,29
3603,152,22244.73,421.0,7.521,0.2204558,29
3605,152,22260.5,422.6,7.66,-1.8603823,29
3607,154,22276.16,424.4,7.66,-5.3721876,29
3613,153,22320.07,422.6,7.073,-5.2349772,29
3615,153,22333.49,421.2,6.671,-9.144218,29
3616,153,22340.01,419.6,6.522,-8.421287,29
3618,153,22352.56,417.8,6.681,-4.835773,29
3620,152,22365.52,416.0,6.671,-3.1389935,29
3623,149,22385.93,415.6,6.671,-3.1444736,29
3628,149,22422.76,415.2,6.867,-5.0014944,29
3631,148,22446.01,413.8,7.222,-8.077319,29
3633,148,22461.55,412.2,7.446,-8.639662,30
3635,148,22477.35,410.8,7.558,-7.943618,30
3637,148,22493.59,409.4,7.67,-6.0634036,30
3639,148,22510.92,407.8,8.491,-4.851544,30
3641,148,22527.07,406.6,8.248,-2.4948425,30
3643,148,22543.4,405.6,7.95,-1.8725146,30
3644,148,22551.39,405.4,7.95,-2.0073864,30
3645,148,22559.23,405.0,7.95,-1.6716317,30
3653,147,22623.36,404.6,7.866,-1.2495522,30
3654,148,22631.27,403.8,7.866,-2.9361684,30
3656,148,22647.71,400.0,7.968,2.391401,30
3658,149,22664.38,398.8,8.09,5.5463395,30
3662,147,22698.47,399.0,8.416,9.723333,30
3663,147,22707.25,401.6,8.5,8.573653,30
3664,146,22715.95,403.0,8.51,5.4508243,30
3665,146,22724.76,404.0,8.547,4.67931,30
3666,145,22733.55,404.8,8.575,4.041675,30
3668,144,22752.26,405.0,8.575,4.345928,30
3672,144,22784.41,406.2,8.491,3.462089,30
3674,146,22801.23,407.2,8.388,1.1669924,30
3675,147,22809.91,407.4,8.388,1.157943,30
3680,149,22852.97,408.2,8.519,-1.6156375,30
3685,150,22896.85,408.0,8.659,-3.046003,30
3686,151,22905.66,406.8,8.668,-3.4182537,30
3689,150,22934.02,406.4,8.668,-4.2814345,30
3691,149,22949.62,406.2,8.659,1.4581187,30
3693,147,22966.27,405.0,8.64,3.5953207,30
3694,146,22974.29,403.8,8.566,11.052765,30
3695,147,22982.14,403.8,7.987,16.422466,30
3699,148,23016.07,405.6,8.108,15.791109,30
3700,146,23022.45,407.4,8.062,19.923422,30
3701,147,23030.54,410.0,8.062,13.591845,30
3702,148,23040.38,413.0,8.062,5.1077404,30
3703,149,23046.95,414.8,8.062,3.0998776,30
3704,150,23055.07,416.2,8.062,1.0368384,30
3706,152,23070.46,417.4,8.062,-2.60941,30
3707,153,23078.23,418.2,8.006,-6.1605,30
3711,152,23104.73,417.6,6.317,-30.0,30
3712,152,23108.74,416.8,4.143,-30.0,30
3713,151,23112.33,416.0,3.536,-30.0,30
3716,149,23122.13,415.0,3.471,-30.0,30
3717,149,23125.62,415.0,3.798,-30.0,30
3718,149,23129.81,414.4,3.798,-30.0,30
4330,114,23129.81,353.6,6.746,6.5704803,32
4331,114,23137.47,353.6,6.914,6.5704803,32
4335,115,23166.73,353.8,7.129,6.366157,32
4336,115,23174.04,354.6,7.175,11.201955,32
4337,115,23181.49,355.8,7.175,10.397731,32
4340,115,23203.68,357.0,7.259,8.710706,32
4341,115,23211.09,358.0,7.259,11.030386,32
4343,114,23225.91,359.6,7.306,9.252813,32
4345,115,23241.04,361.2,7.315,10.831662,31
4346,114,23248.66,362.2,7.315,13.07885,31
4347,117,23256.32,362.6,7.362,14.178024,31
4349,118,23271.75,363.8,7.549,14.162316,31
4350,119,23279.5,365.2,7.567,15.78566,31
4351,120,23287.1,367.0,7.567,14.680503,31
4353,123,23302.35,369.0,7.633,13.912099,31
4354,122,23310.01,370.2,7.633,12.491266,31
4355,121,23317.52,371.4,7.633,12.123916,31
4357,123,23332.83,373.6,7.577,9.164789,31
4358,123,23340.39,374.8,7.577,9.594938,31
4360,126,23356.93,376.4,7.521,8.0044,31
4361,130,23364.51,377.0,7.493,13.07411,31
4362,136,23372.14,378.0,7.521,13.402698,31
4363,139,23379.9,378.6,7.521,15.987906,31
4365,141,23395.32,379.6,7.549,11.827241,31
4366,141,23402.9,380.8,7.558,12.881812,31
4367,142,23410.57,382.4,7.558,11.687803,31
4368,142,23418.27,384.0,7.558,10.895143,31
4369,143,23426.09,385.2,7.586,10.220574,31
4373,143,23456.0,387.2,7.558,10.233052,31
4375,142,23471.34,388.6,7.521,14.341322,31
4376,142,23478.92,390.6,7.521,11.182501,31
4378,141,23494.16,392.6,7.474,9.015709,31
4380,142,23509.17,394.0,7.465,9.320794,31
4383,142,23532.24,396.2,7.53,7.401187,31
4385,144,23547.86,397.4,7.567,7.7967944,31
4387,145,23563.32,399.0,7.567,6.844067,31
4389,147,23578.74,400.2,7.567,6.336857,31
4391,149,23593.88,401.6,7.614,3.2165592,31
4393,151,23609.36,402.2,7.633,3.0042112,31
4394,151,23617.09,403.2,7.633,0.88442385,31
4395,151,23625.05,403.6,7.633,0.33288366,31
4398,151,23647.28,404.0,7.633,-0.38397622,31
4402,151,23677.26,403.8,7.633,7.9965057,31
4403,151,23684.65,403.8,7.549,19.551266,31
4406,148,23707.38,406.8,7.381,17.58911,31
4407,148,23715.15,408.6,7.381,17.417433,31
4408,148,23722.82,409.8,7.381,10.62182,31
4409,147,23730.56,411.2,7.381,9.559939,31
4410,148,23738.22,414.2,7.511,1.6015972,31
4411,149,23745.89,416.2,7.549,-1.8270833,31
4412,151,23753.68,417.4,7.549,-3.4784586,31
4413,152,23761.59,418.2,7.642,-5.2264147,31
4415,155,23777.36,418.0,7.66,-5.604339,31
4417,155,23793.1,416.4,7.679,-4.334609,31
4420,155,23815.14,415.2,7.791,-3.6121829,31
4421,155,23824.69,415.0,7.8,-4.7990932,31
4426,155,23865.18,413.8,8.006,-2.002558,31
4431,155,23904.77,412.6,7.968,-5.4128513,31
4432,155,23911.16,412.2,7.94,-5.0172424,31
4434,155,23928.27,411.2,7.912,-4.2230306,31
4435,155,23936.0,409.2,7.884,-2.340823,31
4443,156,23996.78,409.0,7.744,-2.316795,31
4446,155,24021.84,407.6,7.763,-4.7588634,31
4448,156,24037.81,405.8,7.763,-0.32532573,31
4451,156,24059.89,404.4,7.8,1.799489,31
4454,156,24083.53,404.6,7.875,2.1481767,31
4458,157,24115.81,405.6,7.959,3.8363621,31
4459,157,24123.8,405.8,7.959,5.6818075,31
4465,157,24172.27,407.0,7.866,7.134153,31
4466,157,24179.95,409.0,7.856,5.583412,31
4467,157,24186.22,411.0,7.856,2.8214421,31
4469,157,24202.64,412.0,7.856,1.1884813,31
4471,156,24219.49,414.0,7.875,-5.6535544,31
4473,155,24236.8,414.2,8.351,-7.9230576,31
4476,155,24263.1,412.6,8.594,-12.0075,31
4478,154,24280.34,410.6,8.594,-15.053111,31
4479,154,24288.7,409.4,8.594,-7.551012,31
4480,154,24297.0,406.4,8.594,-3.6375093,31
4481,154,24305.37,403.4,8.594,1.5356562,31
4482,154,24313.71,401.2,8.594,9.928228,31
4486,154,24349.31,403.0,8.556,10.200231,31
4487,154,24357.98,404.2,8.556,11.91751,31
4488,154,24366.71,406.4,8.556,9.571346,31
4489,154,24375.55,408.4,8.594,7.82261,31
4493,154,24408.18,409.6,8.622,6.790054,31
4495,155,24425.68,411.2,8.64,16.240557,31
4498,155,24450.65,413.0,8.566,12.665947,31
4499,155,24458.9,417.8,8.51,2.6844714,31
4500,155,24467.15,419.4,8.51,0.33977094,31
4501,155,24475.7,420.2,8.51,-1.1854674,31
4502,155,24484.26,420.6,8.51,-0.79877645,31
4506,155,24517.88,420.4,8.407,-0.7304737,31
4507,155,24525.87,419.6,8.407,0.8873114,31
4512,155,24566.65,420.2,8.23,0.381983,31
4520,156,24630.86,419.8,8.052,1.2492795,31
4521,157,24638.82,420.6,8.024,11.97687,31
4522,157,24646.85,422.2,7.996,11.642017,31
4524,157,24662.62,423.2,7.968,15.303939,31
4525,157,24670.36,424.2,7.968,19.54222,31
4527,157,24685.94,426.2,7.912,16.634012,31
4528,157,24693.94,427.2,7.912,16.973728,31
4529,157,24701.91,428.6,7.912,16.868692,31
4530,157,24710.03,431.6,7.912,13.943304,31
4531,157,24717.95,433.6,7.95,12.942273,31
4533,157,24734.16,435.0,7.875,8.604942,31
4536,157,24757.9,436.8,7.875,2.2625012,31
4537,157,24765.91,439.4,7.95,-1.4315171,31
4538,156,24773.9,440.8,7.95,-6.7503157,31
4543,158,24813.97,439.8,7.95,-6.717672,31
4544,158,24822.26,438.6,7.959,-7.360155,31
4545,158,24830.58,437.0,7.978,-5.617081,31
4547,159,24845.32,436.0,8.118,-4.7420173,31
4551,160,24879.35,435.0,8.22,-2.679101,31
4553,159,24894.06,433.8,8.127,-2.308132,31
4561,161,24957.54,433.0,8.043,-1.5779274,31
4562,161,24965.54,432.0,7.959,-4.8574724,31
4564,161,24981.37,429.8,7.959,-2.548425,31
4565,161,24989.38,428.2,7.95,-0.6389024,31
4567,161,25005.38,426.2,7.931,2.9253845,31
4572,161,25044.32,426.0,7.856,6.358944,31
4574,161,25059.04,427.8,7.8,4.172159,31
4582,161,25121.12,429.4,7.595,2.581091,31
4583,161,25129.1,431.0,7.623,10.656218,31
4584,161,25137.28,432.6,7.642,9.560684,31
4585,161,25145.32,434.2,7.66,8.225582,31
4586,160,25153.25,435.8,7.66,6.4395742,31
4587,160,25160.65,437.0,7.642,-0.9986617,31
4588,160,25167.96,438.2,7.642,-3.42318,31
4592,157,25198.32,438.8,7.623,-7.1119466,31
4594,156,25213.43,439.2,7.623,-11.8308,31
4599,155,25252.53,436.4,7.735,-21.501947,31
4600,155,25260.45,432.8,7.754,-30.0,31
4601,155,25268.42,428.8,7.8,-28.464981,31
4602,156,25276.41,424.6,7.828,-23.483643,31
4603,156,25284.38,421.2,7.875,-20.566154,31
4604,156,25292.38,418.8,7.903,-19.051495,31
4605,156,25300.4,417.0,7.922,-18.084194,31
4606,157,25308.62,415.6,7.922,-17.471758,31
4607,157,25316.83,413.8,7.95,-16.75857,31
4608,158,25324.73,412.8,8.006,-17.11327,31
4609,158,25331.16,411.4,8.043,-14.859975,31
4610,158,25339.13,410.0,8.043,-6.305629,31
4611,159,25346.71,408.4,8.043,-4.7747765,31
4612,158,25354.34,407.2,8.043,-3.4507947,31
4613,158,25362.28,406.2,8.052,-2.1407094,31
4614,158,25371.87,404.8,8.043,2.5070493,31
4615,158,25380.0,403.4,8.006,6.822552,31
4619,157,25410.55,403.2,7.978,9.643198,31
4620,157,25418.33,405.0,7.968,6.593096,31
4621,157,25427.72,406.2,7.978,7.972232,31
4622,157,25434.07,407.2,7.978,10.063043,31
4626,156,25465.24,408.4,7.959,9.855794,31
4627,156,25473.66,408.6,6.951,12.334231,31
4628,156,25479.49,410.6,6.951,3.8560994,31
4629,156,25486.84,412.4,7.362,2.3269513,31
4632,155,25509.21,413.6,7.483,1.254999,31
4633,155,25517.17,414.6,7.483,0.27251136,31
4641,156,25582.73,415.0,7.922,-0.305703,31
4642,156,25588.78,414.8,7.922,5.7406116,31
4646,158,25619.81,416.8,7.838,0.71737003,31
4647,158,25628.98,417.4,7.838,-1.2593192,31
4648,159,25635.04,417.6,7.838,-1.8445957,31
4649,159,25644.64,417.8,7.912,-4.3962893,31
4654,160,25683.43,417.2,7.959,-4.062908,31
4656,160,25698.93,416.6,7.912,-10.053003,31
4659,160,25724.65,415.0,7.996,-9.9939575,31
4660,160,25731.17,414.0,7.931,-3.6030211,31
4661,160,25739.32,412.2,7.931,2.755002,31
4662,160,25749.07,411.0,7.931,5.247582,31
4666,160,25780.34,410.0,8.071,1.8125648,31
4668,159,25796.62,412.0,8.127,-6.389995,31
4669,159,25804.43,414.0,8.127,-11.848772,31
4675,158,25852.52,411.0,8.043,-9.092231,31
4677,158,25868.42,407.4,7.987,-12.2037325,31
4678,157,25876.44,405.2,7.978,-11.827769,31
4679,157,25884.33,402.8,7.968,-6.4890933,31
4680,157,25893.86,402.0,7.978,-6.02863,31
4681,156,25900.21,401.6,7.978,-6.352306,31
4682,156,25909.9,401.2,7.931,-6.955056,31
4684,156,25924.31,400.4,7.875,-8.557772,31
4687,155,25947.43,398.6,7.856,-7.5945783,31
4688,155,25954.99,398.2,7.828,-5.9429746,31
4689,155,25963.86,397.4,7.819,-3.0641315,31
4691,155,25977.05,395.8,7.651,-1.4530511,31
4693,155,25992.61,394.6,7.511,0.0,31
4695,156,26004.86,394.4,7.362,0.37118405,31
4701,158,26046.7,394.8,6.97,-2.7995129,31
4702,158,26055.01,394.6,6.961,2.9669347,31
4705,160,26074.41,393.4,6.923,10.85411,31
4709,161,26100.74,393.2,6.345,14.2029705,31
4711,161,26112.32,396.2,5.729,5.476818,31
4712,161,26117.73,399.6,5.626,0.6914063,31
4713,161,26123.41,402.0,5.626,-3.8118074,31
4714,162,26129.38,402.4,5.869,-8.148772,31
4720,160,26170.23,401.0,7.054,-6.6680627,31
4721,160,26177.56,400.0,6.718,-10.856023,31
4723,160,26192.54,398.0,7.035,-3.9095066,31
4725,159,26207.92,396.8,7.138,-0.5194137,31
4727,160,26221.96,395.4,7.521,1.6218281,31
4729,160,26239.05,394.4,7.698,-0.2806661,31
4733,158,26269.71,395.6,7.744,-2.5832686,31
4736,155,26293.33,396.4,7.754,-5.66278,31
4740,153,26326.51,394.2,7.894,-4.416537,31
4741,152,26334.89,393.2,7.996,-1.4279584,31
4742,152,26343.34,391.8,8.043,2.5320275,31
4744,152,26361.52,390.8,8.164,4.7593074,31
4747,152,26382.68,391.2,7.539,-0.33348888,31
4748,151,26390.3,392.4,7.511,-3.818126,31
4749,151,26398.03,393.2,7.912,-5.7927227,31
4752,150,26421.44,393.4,7.763,-9.04656,31
4755,149,26445.41,391.0,7.763,-11.10926,31
4756,149,26453.38,390.0,7.838,-13.698383,31
4758,148,26469.36,388.4,7.987,-11.748852,31
4759,148,26477.53,386.8,7.987,-12.267838,31
4761,148,26493.95,384.8,8.08,-4.421065,31
4762,148,26502.4,383.4,8.127,-3.3251326,31
4764,148,26519.67,382.2,8.202,-1.5425181,31
4768,149,26554.25,380.6,8.463,2.5664296,31
4774,150,26605.81,381.4,8.575,2.730473,31
4775,151,26614.56,382.8,8.575,2.3121338,31
4776,151,26623.32,384.2,8.575,0.33053148,31
4778,153,26640.61,385.6,8.584,-2.3190918,31
4782,153,26675.17,385.2,8.631,-3.6796207,31
4783,154,26683.76,384.4,8.631,-5.374546,31
4785,154,26700.56,383.2,8.622,-4.319748,31
4787,154,26717.47,383.0,8.566,-5.3055925,31
4791,155,26753.44,381.2,8.566,-0.43536884,31
4792,155,26761.92,380.2,8.556,1.0707041,31
4798,155,26809.82,380.0,8.472,-0.21026546,31
4804,155,26857.53,380.8,7.922,-1.0997134,31
4812,154,26919.23,379.8,7.567,-0.32481498,31
4813,154,26926.46,379.6,7.567,6.0224557,31
4814,154,26933.63,379.0,7.558,7.993972,31
4820,155,26979.08,380.2,7.511,6.5368843,31
4824,156,27007.24,383.2,7.483,5.588725,31
4825,157,27014.55,385.0,7.483,1.1931974,31
4827,157,27029.33,386.0,7.446,-0.33466133,31
4828,157,27036.72,386.0,7.39,2.3461323,31
4833,160,27074.4,385.8,7.343,6.475331,31
4834,160,27080.64,385.8,7.343,2.2605608,31
4835,161,27089.4,387.2,7.343,0.72871006,31
4837,161,27103.77,389.2,7.334,-1.9026738,31
4839,161,27118.53,389.4,7.334,-2.7004204,31
4845,161,27163.19,388.4,7.605,-1.5312523,31
4846,161,27170.96,387.8,7.605,-4.609595,31
4847,161,27180.56,387.6,7.688,-1.9244043,31
4850,161,27206.39,387.0,8.715,-1.1368555,31
4851,161,27215.35,386.6,8.818,2.2367923,31
4853,158,27233.4,385.4,9.013,4.8456883,31
4857,156,27269.28,386.4,8.818,7.21017,31
4858,155,27277.88,388.0,8.818,11.892813,31
4859,155,27286.26,389.2,8.818,11.59329,31
4860,155,27294.55,390.2,8.818,13.065185,31
4862,154,27310.6,392.0,8.575,15.970242,31
4863,154,27318.67,392.4,8.444,26.583714,31
4865,151,27334.94,393.2,8.258,30.0,31
4866,150,27341.49,395.8,8.192,30.0,31
4867,149,27349.76,397.4,8.192,30.0,31
4868,149,27357.98,400.8,8.192,30.0,31
4869,149,27367.9,404.2,8.192,30.0,31
4870,149,27376.24,407.6,8.174,25.151821,31
4871,149,27384.32,410.8,8.174,16.02824,31
4872,149,27392.33,413.0,8.174,4.662807,30
4873,150,27400.32,415.4,8.174,2.0587673,30
4874,150,27408.25,417.4,8.174,-0.57436895,31
4876,150,27423.5,420.0,8.052,-4.8463497,30
4877,151,27431.12,421.6,7.996,-13.176928,30
4882,150,27470.31,419.6,7.67,-13.126931,31
4883,150,27478.28,417.0,7.67,-27.198765,31
4884,149,27484.49,414.4,7.67,-23.940517,31
4885,149,27492.26,412.6,7.67,-23.486343,31
4886,149,27500.12,410.4,7.735,-21.811401,31
4887,148,27507.73,408.4,7.763,-20.364077,31
4888,148,27515.56,406.4,7.763,-19.958792,31
4889,147,27523.32,404.2,7.772,-16.453197,31
4890,147,27532.75,402.6,7.782,-15.827238,31
4891,147,27540.51,401.4,7.782,-14.955372,31
4892,147,27548.28,399.4,7.782,-13.48154,31
4893,147,27556.04,398.2,7.763,-13.486889,31
4894,147,27563.72,397.0,7.763,-12.618602,31
4896,147,27578.86,395.2,7.716,-11.001186,31
4898,147,27594.09,393.8,7.614,-10.643861,31
4899,148,27601.62,392.2,7.549,-6.728549,31
4901,148,27616.34,391.0,7.521,-5.392782,31
4903,149,27629.38,389.4,7.483,0.27077833,31
4906,149,27653.67,388.4,7.483,1.9730498,31
4908,150,27666.02,388.2,7.502,-0.7696554,31
4911,151,27690.25,388.8,7.605,-1.9840267,31
4913,151,27705.69,389.6,7.633,-4.267774,31
4918,151,27746.84,387.8,7.698,-6.3158855,31
4919,152,27754.89,387.2,7.772,-10.010079,31
4920,152,27762.9,385.6,7.866,-9.288365,31
4922,152,27778.84,384.2,7.931,-6.709571,31
4924,152,27793.38,382.8,7.95,-6.1164336,31
4925,152,27802.91,382.0,7.959,-1.4124268,31
4926,152,27810.96,381.6,7.968,3.8941154,31
4929,152,27834.58,380.4,8.006,6.0856647,31
4931,152,27850.25,379.4,8.006,12.861501,31
4935,151,27880.18,381.2,7.912,4.5922527,31
4936,151,27887.63,384.6,7.866,0.75618225,31
4937,150,27895.06,386.2,7.698,-3.980852,31
4942,149,27933.16,385.6,7.586,-3.4029093,31
4944,148,27948.09,385.0,7.493,6.8576984,31
4948,146,27978.26,383.8,7.549,12.268968,31
4949,146,27985.89,383.0,7.549,27.066471,31
4954,145,28023.36,388.6,7.53,22.45495,31
4955,146,28030.9,393.0,7.53,30.0,31
4956,146,28036.82,397.2,7.455,30.0,31
4957,146,28044.31,400.0,7.455,30.0,31
4958,146,28053.39,402.8,7.446,30.0,31
4959,147,28060.91,406.8,7.446,29.30426,31
4960,147,28068.44,409.8,7.446,26.622236,31
4961,147,28075.73,411.8,7.446,28.864737,31
4962,147,28083.26,415.2,7.455,21.939547,31
4963,147,28090.74,417.0,7.455,21.64417,31
4964,148,28098.35,418.8,7.465,20.913149,31
4965,148,28106.1,420.6,7.539,20.500275,31
4966,149,28113.7,422.2,7.539,21.317764,31
4967,149,28121.18,423.8,7.539,18.321083,31
4969,150,28136.01,427.0,7.53,14.770664,31
4971,150,28151.19,428.4,7.605,10.078566,31
4972,150,28158.8,431.4,7.605,1.0285306,31
4974,150,28172.81,433.4,7.605,-1.7087063,31
4975,150,28182.2,434.6,7.633,-4.2657437,31
4977,150,28197.73,436.2,7.66,-11.690482,31
4981,151,28229.17,434.6,7.782,-16.752367,31
4982,151,28236.99,432.2,7.791,-23.523048,31
4983,151,28244.86,429.8,7.838,-23.089548,31
4984,151,28252.78,428.2,7.838,-23.789066,31
4986,152,28268.51,425.4,7.838,-19.733593,31
4988,152,28284.63,422.0,7.894,-19.223297,31
4989,152,28292.6,419.2,7.894,-12.165433,31
4990,152,28300.46,417.0,7.847,-9.772177,31
4992,152,28315.69,415.0,7.847,-0.81980544,31
4993,152,28321.74,413.0,7.772,2.4169865,31
4994,152,28329.14,411.8,7.735,5.0046396,31
4996,152,28343.85,409.8,7.521,13.839141,31
5000,150,28373.76,412.0,7.446,16.076727,30
5001,149,28381.21,414.4,7.446,25.942293,30
5002,148,28388.6,417.0,7.427,24.086435,30
5003,147,28396.11,418.6,7.427,22.578232,30
5004,148,28403.6,420.4,7.446,22.408663,30
5005,148,28411.24,423.2,7.483,18.321133,30
5006,148,28419.08,425.2,7.483,17.190004,30
5007,148,28426.95,426.6,7.483,12.80152,30
5008,148,28434.51,428.2,7.483,11.633391,30
5010,149,28448.93,429.8,7.483,2.3241491,30
5012,151,28463.49,432.2,7.455,0.0,30
5014,153,28478.51,434.2,7.455,-2.6936781,30
5022,153,28538.03,434.2,7.371,-3.3776617,30
5025,152,28560.71,432.2,7.39,-8.338087,30
5026,152,28568.39,430.8,7.39,-14.69698,30
5028,152,28583.19,429.4,7.446,-13.970778,30
5029,152,28590.85,429.0,7.465,-16.128284,30
5030,152,28598.69,427.8,7.465,-12.725893,30
5031,153,28604.94,426.2,7.521,-11.617115,30
5032,153,28612.55,424.8,7.521,-4.455917,30
5033,153,28621.6,423.2,7.521,-2.1667798,30
5035,154,28635.36,422.0,7.53,2.3609269,30
5037,154,28652.29,420.6,7.567,4.7883034,30
5039,154,28668.08,420.0,7.595,7.3916306,30
5044,155,28706.43,422.0,7.744,7.4731307,30
5045,155,28716.12,424.0,7.772,1.9634718,30
5046,155,28724.33,425.6,7.819,-2.4126654,30
5047,155,28732.38,426.2,7.819,-3.7904472,30
5050,155,28757.5,426.0,8.052,-3.9952428,30
5053,155,28782.47,425.0,8.155,-6.359912,30
5054,155,28790.52,424.0,8.174,-7.552707,30
5056,155,28807.09,422.6,8.192,-6.199096,30
5058,156,28823.68,421.2,8.192,-4.7949076,30
5059,156,28832.06,420.8,8.239,-2.9260912,30
5061,156,28848.76,420.0,8.248,-2.0978584,30
5063,157,28865.6,419.0,8.248,-0.79832315,30
5067,158,28899.01,418.4,8.276,4.8315434,30
5073,158,28948.35,418.6,8.108,7.5463357,30
5076,158,28973.27,422.4,8.155,10.084416,30
5077,158,28981.48,424.2,8.118,12.126516,30
5078,157,28989.57,425.8,8.118,11.071902,30
5080,157,29005.98,427.4,8.127,2.1897275,30
5081,157,29014.41,428.2,8.155,1.6676321,30
5082,157,29022.79,429.4,8.155,0.26478764,30
5084,157,29039.37,431.2,8.155,-2.3764236,30
5090,158,29090.07,432.2,8.239,-5.1272273,30
5097,160,29149.33,429.6,8.444,-2.3704329,30
5098,160,29157.99,428.2,8.463,-5.596013,30
5099,160,29164.83,427.0,8.463,-4.6603746,30
5100,160,29175.08,426.0,8.463,-3.6943083,30
5102,160,29190.42,424.6,8.472,-1.9939375,30
5107,161,29235.23,423.4,8.5,-2.2553756,30
5108,161,29243.69,423.4,8.491,-6.680341,30
5110,161,29259.83,422.2,8.482,-4.7118173,30
5113,160,29286.36,420.8,8.482,-4.0037365,30
5114,160,29294.86,420.0,8.491,-0.2435457,30
5115,161,29303.46,419.8,8.454,0.0,30
5119,161,29335.04,418.4,8.295,2.1506894,30
5123,161,29368.56,417.8,8.388,2.8214526,30
5129,160,29420.13,419.8,8.23,0.7771205,30
5131,160,29436.77,420.2,8.267,-0.48260972,30
5139,160,29503.09,419.8,8.211,0.0,30
5140,160,29510.72,419.8,8.211,-0.32685372,30
5147,160,29564.51,421.0,7.688,-2.6116526,30
5151,159,29593.24,419.6,7.605,-2.2562232,30
5152,159,29602.47,416.8,7.605,5.3782425,30
5154,158,29617.71,416.8,7.623,6.274103,30
5157,158,29640.87,418.4,7.679,0.58335644,30
5159,158,29656.58,419.8,7.726,-5.6143126,30
5163,157,29686.37,420.2,7.735,-11.047403,30
5165,157,29701.45,418.8,7.726,-17.321568,30
5166,157,29709.14,416.4,7.735,-15.865885,30
5167,157,29716.89,414.4,7.735,-9.85269,30
5168,157,29724.71,413.0,7.763,-8.981923,30
5170,157,29740.6,410.6,7.763,-6.4136233,30
5172,157,29756.9,409.4,7.763,-6.2712817,30
5176,158,29790.5,407.6,8.127,-4.729412,30
5178,158,29807.65,406.4,8.23,-2.3366628,30
5182,159,29841.87,405.2,8.491,2.7260103,30
5184,160,29859.02,405.2,8.5,4.9212904,30
5191,159,29918.99,406.6,8.528,4.0034857,30
5193,158,29936.08,409.0,8.528,8.218467,30
5194,158,29944.56,409.8,8.528,4.982142,30
5195,158,29953.06,410.6,8.528,4.3304706,30
5197,158,29970.29,412.2,8.472,1.9514298,30
5201,157,30004.39,413.2,8.463,0.787101,30
5203,157,30021.02,413.2,8.407,3.0616207,31
5209,157,30069.78,413.6,8.36,5.5925126,31
5210,157,30078.39,415.2,8.36,13.15677,31
5211,157,30086.86,416.8,8.351,12.205684,31
5212,157,30095.31,418.2,8.351,10.8544235,31
5213,157,30103.78,419.4,8.351,10.339102,30
5214,157,30112.28,421.0,8.351,8.2801695,30
5216,157,30130.72,422.2,8.351,7.30911,30
5218,157,30147.54,423.2,8.314,8.355737,30
5220,157,30164.25,424.8,8.314,7.9635935,30
5221,157,30172.62,426.0,8.314,5.92011,30
5224,157,30198.02,427.6,8.351,3.1302536,30
5226,157,30214.96,428.8,8.398,-0.5799753,30
5227,157,30223.51,429.0,8.398,-1.1562492,30
5228,157,30232.0,429.2,8.398,-4.1523533,30
5229,157,30240.56,430.0,8.426,-6.4179673,30
5232,158,30267.03,430.0,8.426,-7.3763127,30
5234,158,30281.4,428.4,8.37,-11.942318,30
5236,157,30297.35,426.8,7.147,-13.375549,30
5237,157,30302.8,425.8,6.951,-13.844895,30
5238,156,30310.89,424.6,6.951,-13.002132,30
5240,155,30323.68,422.8,7.306,-12.529643,30
5241,155,30332.19,421.6,7.306,-7.018342,30
5242,154,30338.94,420.0,7.241,-5.759994,30
5243,153,30344.39,418.6,7.147,-4.364645,30
5245,154,30359.62,417.6,6.951,-3.245013,30
5246,154,30365.42,417.2,6.951,-3.4286015,30
5252,153,30412.21,416.0,7.483,-2.5744872,30
5253,153,30419.88,415.4,7.521,-7.6566453,30
5255,152,30435.3,414.6,7.623,-7.3127055,30
5257,153,30451.13,413.6,7.633,-9.419729,30
5259,154,30466.96,411.8,7.754,-7.8811755,30
5261,155,30482.61,411.2,7.782,-8.556,30
5262,156,30490.71,410.0,7.782,-8.7942505,30
5264,157,30507.06,408.4,7.8,-6.298627,30
5265,157,30515.13,407.4,7.894,-6.354501,30
5268,157,30539.41,406.2,7.95,-5.098252,30
5272,158,30569.93,405.0,7.968,-4.580391,30
5275,158,30596.21,403.4,8.052,-5.5339794,31
5278,157,30620.7,402.4,8.164,-3.104793,31
5280,156,30635.78,400.6,8.183,1.9279287,31
5283,155,30660.68,398.6,8.211,5.927483,31
5287,157,30693.41,400.4,8.211,9.1927595,31
5288,158,30703.12,402.0,8.211,9.659531,31
5290,160,30719.48,405.0,8.174,5.8686867,31
5291,161,30727.65,405.8,8.164,1.5818015,31
5293,163,30741.78,406.0,8.136,1.4920608,31
5295,166,30757.66,406.2,8.034,1.5062534,31
5296,167,30765.72,408.2,8.034,-1.9785941,31
5301,167,30808.13,407.6,8.034,-4.20263,30
5302,167,30814.71,407.2,8.034,-8.054903,30
5304,167,30832.39,406.0,8.034,-6.8996944,30
5306,167,30848.71,404.8,8.034,-7.097475,30
5307,167,30856.74,404.2,8.034,-6.447239,30
5309,165,30872.8,403.4,7.996,-3.5207806,31
5311,164,30888.83,402.0,7.996,-2.199728,30
5313,162,30904.77,400.8,7.978,-0.70470333,30
5317,161,30936.55,400.6,7.959,-0.57798135,31
5322,158,30974.15,400.6,7.782,-5.542389,31
5323,158,30981.29,400.2,7.763,-0.9084294,31
5324,157,30987.04,399.0,7.744,0.4955018,31
5325,156,30995.48,397.8,7.53,2.1308708,31
5326,155,31000.98,396.6,7.297,4.1965456,31
5328,155,31017.24,395.8,7.297,5.8859525,31
5334,154,31062.3,398.4,7.455,4.431736,31
5336,153,31075.91,399.4,7.474,5.6871476,31
5339,154,31100.11,401.0,7.493,3.4844012,31
5341,155,31114.86,402.2,7.465,-1.3468244,31
5342,156,31122.26,402.4,7.446,-2.0591786,31
5345,156,31144.71,402.8,7.465,-2.6711168,31
5347,157,31159.5,403.4,7.446,-4.462032,31
5354,158,31212.14,401.4,7.437,-1.8972187,31
5355,157,31219.76,400.4,7.437,-2.3938835,31
5356,156,31227.26,400.2,7.437,-2.3608558,31
5360,155,31256.04,401.8,7.474,-5.3303733,31
5364,155,31287.39,400.2,7.465,-10.507097,31
5365,155,31294.8,398.6,7.465,-9.091985,31
5367,155,31309.43,395.8,7.409,-1.5873995,31
5369,154,31322.35,394.6,7.334,-0.60762846,31
5372,154,31344.57,392.8,7.297,1.3999295,31
5381,153,31408.29,393.4,7.11,0.94595873,31
5386,155,31447.99,394.0,7.381,8.736859,31
5388,155,31463.17,394.8,7.493,6.68294,31
5395,154,31516.99,398.8,7.633,1.1178154,31
5396,153,31524.71,399.4,7.614,3.7335792,31
5399,153,31546.14,399.0,7.614,4.084624,31
5401,152,31561.63,399.0,7.605,1.301488,31
5402,152,31570.6,399.8,7.605,0.32628128,31
5403,152,31578.33,401.4,7.614,-2.6705868,31
5409,153,31622.95,401.2,7.698,-3.44506,31
5412,154,31648.23,400.0,7.735,-3.1758106,31
5416,154,31679.95,398.8,7.828,-2.8458037,31
5419,154,31704.47,398.2,7.95,-3.0493548,31
5422,154,31727.6,397.2,8.052,-2.7137513,31
5428,154,31778.21,396.2,8.323,-1.981299,31
5432,154,31813.06,395.2,8.351,-4.1032467,31
5435,155,31836.86,394.2,8.314,-0.66977984,31
5436,155,31842.84,392.8,7.511,4.020353,31
5438,155,31858.57,391.4,7.175,6.8325167,31
5440,155,31872.7,391.2,7.511,12.358252,31
5444,152,31901.55,393.8,7.175,11.112195,31
5445,152,31908.91,395.4,7.175,5.078026,31
5446,151,31915.95,397.4,7.166,2.3436706,31
5447,151,31921.53,398.8,7.119,0.0,31
5448,151,31928.32,399.8,7.101,-2.2556684,31
5454,153,31968.43,400.0,6.559,-2.74208,31
5459,153,32001.25,398.8,6.448,-2.3759003,31
5462,151,32019.08,398.0,6.448,0.24469171,31
5463,151,32023.68,397.6,6.438,0.93544483,31
5467,150,32045.59,396.6,5.318,2.6957803,31
5473,150,32083.07,397.6,5.962,6.457446,31
5474,150,32089.36,398.2,5.981,14.932356,31
5476,151,32101.47,399.8,5.962,16.32023,31
5479,152,32119.59,401.2,6.0,19.08652,31
5481,153,32131.65,402.6,5.99,22.952452,31
5482,154,32137.9,403.8,5.99,12.975612,31
5483,154,32145.83,406.4,5.99,10.18759,31
5484,156,32152.76,409.0,6.727,6.9140105,31
5485,159,32158.46,411.0,6.867,1.81242,31
5486,161,32164.23,412.6,7.026,-0.2796314,31
5487,163,32172.75,414.8,7.035,-3.647944,31
5488,164,32181.38,414.8,6.727,-4.188247,31
5491,165,32200.83,413.4,6.905,-0.95518047,31
5495,164,32230.15,412.8,7.138,-0.46925488,31
5502,162,32286.25,412.4,7.791,0.0,31
5503,161,32294.72,412.4,7.847,0.0,31
5511,160,32360.22,412.4,8.239,0.0,31
5513,159,32378.81,412.4,8.332,-2.2836144,31
5518,157,32421.62,411.4,8.51,-3.0824547,31
5519,157,32430.79,411.0,8.678,-12.185874,31
5521,156,32448.72,409.8,8.752,-11.42924,31
5522,154,32457.68,408.4,8.818,-9.829542,31
5524,153,32475.92,406.8,8.864,-8.428347,31
5526,151,32492.18,404.4,8.845,-6.7402062,31
5528,150,32510.01,402.8,8.864,-4.3966594,31
5529,150,32520.41,402.4,8.864,-4.35767,31
5530,150,32529.4,401.8,8.864,-2.5135243,31
5532,149,32546.84,400.8,8.864,-1.41579,31
5533,149,32555.9,400.4,8.864,-1.124179,31
5534,149,32565.06,400.4,8.845,-3.0337746,31
5538,147,32600.17,400.0,8.64,-3.707999,31
5539,147,32608.8,399.8,8.631,-5.817087,31
5542,146,32635.44,398.8,8.622,-2.391395,31
5545,146,32658.71,397.4,8.575,-1.3558506,31
5551,147,32709.39,396.4,8.127,0.0,31
5552,147,32717.25,396.4,8.08,1.2041556,31
5556,149,32746.39,396.6,7.735,1.0901881,31
5564,151,32808.83,397.6,7.53,0.0,31
5565,152,32816.3,397.6,7.511,6.4799223,31
5568,152,32838.92,398.4,7.502,11.685111,31
5571,154,32861.39,400.0,7.474,15.024408,31
5574,155,32883.05,401.0,7.334,25.249544,31
5576,157,32897.6,406.2,7.306,24.247066,31
5577,157,32905.1,408.8,7.297,23.125978,31
5578,157,32911.13,411.8,7.287,14.56459,31
5579,158,32919.99,414.2,7.287,12.46251,31
5580,159,32927.46,415.8,7.287,11.64935,31
5581,160,32934.9,417.2,7.231,10.671136,31
5583,161,32950.22,418.8,7.334,8.702036,31
5587,162,32981.82,421.0,7.567,4.5969567,31
5588,162,32990.2,423.0,7.679,-2.3455942,31
5590,163,33006.81,423.6,7.716,-3.8863852,31
5592,163,33024.47,423.6,8.258,-6.1522713,31
5594,163,33041.74,423.4,8.295,-9.657718,31
5596,164,33061.87,421.6,8.407,-12.94523,31
5597,164,33070.86,420.2,8.556,-16.302538,31
5598,164,33080.0,419.0,8.64,-12.644061,31
5599,165,33089.37,418.0,8.668,-12.991817,31
5600,164,33098.62,416.6,8.939,-11.851905,31
5602,163,33114.78,414.2,8.939,-12.007159,31
5604,162,33134.09,411.6,8.939,-9.140598,31
5605,162,33143.19,411.0,8.939,-11.565989,31
5606,161,33152.04,410.2,8.864,-12.111216,31
5608,160,33169.54,407.8,8.864,-7.7258463,31
5609,160,33178.27,406.6,8.864,-7.3767433,31
5611,158,33194.46,405.0,8.827,-5.6281047,31
5612,158,33203.54,404.0,8.864,-4.6022234,31
5613,157,33214.36,403.8,8.864,-6.8896427,31
5615,156,33231.62,402.6,8.836,-5.736931,31
5617,155,33246.44,402.0,8.771,-8.420985,31
5618,155,33256.03,401.6,8.08,-8.824317,31
5621,155,33277.28,400.2,6.867,-6.572605,31
5622,155,33281.4,399.0,4.721,2.9853594,31
5624,154,33286.46,397.8,2.846,3.9337091,31
5625,153,33289.44,397.4,2.846,4.904467,31
5628,153,33301.14,396.8,4.292,6.1915045,31
5629,153,33307.51,396.8,5.216,5.1898108,31
5631,150,33320.12,396.8,5.748,5.817435,31
5632,150,33323.86,398.0,5.748,3.811939,31
5633,150,33330.5,399.6,5.626,-1.897867,31
5636,149,33347.35,400.6,5.346,-5.273093,31
5639,148,33362.75,400.4,5.346,-8.329715,31
5641,149,33372.61,400.0,5.113,-20.577782,31
5642,149,33376.47,400.0,5.085,-24.388819,31
5645,149,33391.32,398.6,4.283,-23.556602,31
5648,148,33400.07,397.4,2.594,-13.2062,31
5650,148,33402.89,396.0,0.0,-12.835155,31
5652,148,33402.89,395.0,0.0,-11.665814,31
5653,148,33402.89,394.4,0.0,-10.572132,31
5656,148,33402.89,392.8,0.0,-7.655665,31
5659,146,33402.89,391.6,0.0,-5.4683557,31
5662,144,33402.89,390.0,0.0,-2.5518882,31
5665,140,33403.23,388.8,0.0,-0.36452368,31
5668,139,33408.23,387.4,1.931,2.1902354,31
5672,142,33426.74,386.0,5.263,7.6463547,31
5677,143,33457.96,386.8,6.102,6.041231,31
5678,143,33463.03,388.6,5.757,0.0,31
5679,142,33470.48,390.2,5.981,-4.4256206,31
5683,139,33492.74,391.0,5.981,-6.173444,31
5684,139,33499.83,390.8,5.981,-5.975251,31
5686,139,33510.67,390.0,5.981,-5.372243,31
5690,140,33535.28,388.6,5.822,-3.8137887,31
5695,138,33563.21,387.0,5.776,-2.1916895,31
5696,137,33568.65,386.6,5.682,3.646744,31
5697,136,33573.96,386.4,5.673,6.3818364,31
5700,135,33590.22,385.6,5.636,8.637317,31
5702,135,33603.99,385.8,6.578,8.769665,31
5704,135,33618.01,386.8,6.989,9.14126,31
5705,135,33625.05,388.6,7.073,12.458122,31
5706,135,33632.02,390.0,7.017,12.710152,31
5710,136,33660.94,391.2,7.045,12.147557,31
5711,135,33666.79,392.0,7.073,24.63451,31
5712,135,33674.18,393.8,7.073,23.971996,31
5713,135,33683.18,395.6,7.073,18.598148,31
5714,136,33690.77,397.4,7.147,18.352175,31
5715,136,33697.03,399.8,7.175,14.657402,31
5716,138,33706.63,402.4,7.203,13.474652,31
5717,139,33712.97,403.4,7.213,14.2060995,31
5718,141,33721.1,404.8,7.409,13.185294,31
5720,143,33738.96,406.8,7.772,6.9394684,31
5721,143,33746.86,407.6,7.81,3.9950888,31
5722,144,33754.85,408.0,7.875,3.8428907,31
5723,145,33763.01,410.2,7.884,-2.0972514,31
5726,146,33787.53,411.4,7.996,-5.9270687,31
5728,146,33803.92,411.4,8.062,-11.847611,31
5729,146,33812.24,410.2,8.099,-13.535829,31
5730,147,33820.43,409.0,8.108,-11.720226,31
5731,147,33828.52,408.0,8.108,-11.634835,31
5732,148,33836.71,406.6,8.118,-12.2590065,31
5734,149,33853.35,404.2,8.23,-9.102686,31
5735,150,33860.24,403.6,8.23,-10.394119,31
5737,150,33877.24,402.6,8.332,-9.904335,31
5738,150,33885.81,401.4,8.342,-9.873679,31
5740,150,33902.47,399.6,8.351,-7.9737463,31
5742,150,33920.92,398.2,8.351,-10.384395,31
5744,151,33936.04,396.6,8.36,-10.037336,31
5745,151,33945.81,395.6,8.351,-9.440226,31
5747,152,33960.42,394.0,8.332,-8.348474,31
5749,152,33976.86,392.2,8.314,-7.1694126,31
5751,152,33995.28,391.0,8.314,-5.136931,31
5753,152,34010.53,390.0,8.332,-5.115381,31
5755,153,34027.36,388.6,8.351,-6.127939,31
5757,153,34046.22,388.4,8.36,-7.0761065,31
5759,154,34063.1,387.4,8.426,-5.5427094,31
5762,155,34086.9,385.4,8.435,-3.7232409,31
5763,155,34095.38,384.2,8.463,-2.6562018,31
5766,155,34122.26,383.8,8.435,-2.369073,31
5770,156,34154.72,383.2,8.547,-1.347106,31
5775,158,34196.2,382.4,8.547,-0.32292515,31
5777,158,34216.49,382.2,8.575,-0.7624526,31
5781,158,34248.74,382.2,8.463,-0.47710666,31
5787,159,34300.49,381.8,8.426,0.0,31
5794,160,34362.43,381.8,8.351,-0.32293022,31
5796,160,34378.76,381.6,8.351,-0.24676429,31
5804,161,34443.47,382.2,8.155,-1.2403173,31
5809,161,34488.26,381.4,8.342,-0.6417736,31
5811,161,34505.67,381.2,8.482,7.2748966,31
5816,163,34548.58,381.0,8.575,11.699464,31
5821,163,34591.36,385.6,8.51,16.910181,31
5822,163,34600.56,391.0,8.491,13.086955,31
5823,163,34607.68,394.4,8.491,9.445759,31
5824,162,34616.24,397.8,8.491,4.2015777,31
5826,162,34634.72,399.2,8.472,1.9875312,31
5829,165,34659.79,399.6,8.482,4.329693,30
5831,166,34676.61,400.0,8.444,3.7194426,30
5832,167,34685.29,400.4,8.388,4.525173,30
5836,167,34718.97,401.8,8.388,4.2128587,31
5838,167,34734.1,402.2,8.444,-0.6226141,30
5839,166,34742.36,403.0,8.416,-2.1799212,30
5840,166,34752.31,404.2,8.416,-0.44668522,31
5844,165,34783.26,402.8,7.642,1.2557484,30
5845,164,34789.31,401.8,7.642,4.722038,30
5850,163,34831.85,401.8,8.024,5.14734,30
5853,162,34855.13,403.8,8.211,14.227913,30
5854,162,34863.52,405.2,8.23,6.4408216,30
5856,162,34880.17,406.6,8.239,5.4861307,30
5857,161,34886.86,410.2,8.267,1.8824196,30
5865,163,34954.83,411.6,8.22,0.0,30
5866,162,34962.88,411.6,8.239,4.514103,30
5869,161,34987.88,410.2,8.248,7.3362536,30
5870,159,34995.99,408.4,8.239,15.660804,30
5871,158,35003.92,408.4,8.239,16.514225,30
5874,156,35025.74,410.0,8.239,16.040733,30
5875,155,35033.43,414.8,8.202,17.812197,31
5876,154,35042.42,416.0,8.052,18.574825,31
5878,151,35057.77,417.0,7.894,24.039125,31
5879,151,35065.74,418.6,7.894,22.401098,31
5880,151,35072.38,422.2,7.894,19.015234,31
5881,151,35082.61,424.4,7.894,16.7108,30
5882,152,35091.35,425.0,8.65,19.231825,30
5883,153,35100.13,426.8,8.827,19.016857,30
5885,155,35118.26,430.8,9.06,13.914015,30
5886,155,35127.45,432.2,8.65,14.561962,30
5887,155,35136.63,433.6,8.827,12.607053,31
5888,154,35143.95,435.4,8.827,11.443245,30
5889,155,35153.17,436.8,8.985,7.468263,31
5891,155,35171.72,438.2,8.995,6.1800075,31
5893,156,35190.88,440.0,8.995,-9.589064,31
5895,156,35208.08,441.6,8.985,-16.44844,31
5896,156,35215.63,441.6,8.864,-20.591496,31
5899,156,35240.43,439.0,8.538,-16.592867,31
5900,157,35250.31,433.4,8.482,-18.275461,31
5901,157,35257.93,431.8,8.454,-20.583996,31
5902,157,35264.47,431.4,8.435,-22.035666,31
5904,157,35280.97,430.0,8.351,-22.096336,31
5905,157,35290.56,428.2,8.22,-14.663559,31
5906,157,35298.72,425.4,8.22,-7.019859,31
5907,157,35306.86,422.8,8.202,-4.1914496,31
5908,157,35315.04,420.2,8.202,-0.6319394,31
5909,158,35321.7,418.8,8.202,1.8167348,31
5911,158,35338.27,418.0,8.202,0.961378,31
5915,160,35370.17,419.8,7.446,-4.282636,31
5917,159,35383.97,419.8,7.698,-14.215844,31
5919,159,35398.99,418.6,7.651,-13.399113,31
5920,159,35408.06,417.2,7.651,-11.501451,31
5922,159,35423.72,415.2,7.651,-9.97635,31
5923,159,35431.45,412.2,7.651,-5.113051,31
5924,159,35439.15,411.0,7.698,-4.0890775,31
5928,158,35470.11,411.2,7.782,-4.8286357,31
5933,158,35509.85,409.0,7.866,-7.326091,31
5934,158,35516.33,407.8,7.884,9.648365,31
5935,158,35524.68,406.8,7.922,12.0884,31
5937,159,35541.65,405.0,8.155,16.794975,31
5942,158,35584.27,408.0,8.351,19.819841,30
5943,158,35593.95,415.0,8.351,30.0,30
5944,158,35602.02,418.4,8.351,28.980654,30
5945,156,35610.15,420.0,8.379,27.061281,30
5946,156,35618.51,423.4,8.426,24.657623,30
5947,155,35625.15,426.2,8.351,23.11424,30
5948,155,35633.38,428.6,8.286,21.543594,30
5949,155,35641.84,431.8,8.286,15.919453,30
5950,155,35650.47,433.4,8.286,15.410427,30
5951,155,35660.92,434.8,8.286,16.223072,30
5952,155,35669.58,436.0,8.463,16.807735,30
5953,154,35678.01,438.0,8.463,15.262439,30
5955,154,35694.99,440.0,8.5,13.968442,30
5956,154,35703.72,441.6,8.538,13.495525,30
5957,154,35712.24,443.4,8.566,11.428933,30
5959,153,35729.81,444.6,8.631,9.405458,30
5961,153,35745.54,447.2,8.631,6.214685,31
5962,152,35756.15,448.4,8.631,5.8072896,31
5964,152,35773.9,449.4,8.687,5.182455,31
5967,152,35800.49,450.4,8.706,6.0913935,31
5969,152,35818.1,451.6,8.687,6.232103,31
5970,152,35826.61,452.6,8.687,5.184672,31
5973,152,35851.84,453.6,8.631,4.2105827,31
5977,152,35883.7,454.8,8.267,3.2176208,31
5980,152,35907.93,456.0,8.043,2.3140156,31
5985,151,35944.15,456.6,7.091,1.95031,31
5987,150,35957.15,457.4,6.737,2.1740375,31
5989,149,35969.4,457.8,6.177,-3.0060205,31
5990,149,35975.1,457.8,5.972,-3.4086134,31
5994,148,35999.54,458.4,6.569,-4.308307,31
5995,148,36006.13,458.6,6.392,-6.246011,31
6003,149,36063.38,456.0,6.718,-2.4456604,31
6004,149,36070.93,454.6,7.539,-2.9504905,31
6008,149,36103.36,452.8,8.108,-1.1416484,31
6015,149,36158.43,452.2,6.877,-0.72865134,31
6016,149,36163.0,451.8,5.776,-25.052433,31
6018,149,36175.65,449.6,5.608,-22.968098,31
6019,149,36181.77,448.0,6.214,-21.383064,31
6020,148,36188.27,445.6,6.522,-17.230864,31
6022,147,36201.31,442.8,6.522,-13.991001,31
6023,146,36207.88,441.0,6.522,-14.224064,31
6024,146,36214.81,439.0,6.522,-8.500081,31
6025,146,36221.74,437.6,6.522,-7.214549,31
6026,146,36228.59,437.4,6.522,-7.761088,31
6028,146,36239.58,436.6,5.123,-7.9585805,31
6030,146,36248.84,435.6,4.619,-8.578047,31
6031,146,36253.36,434.4,4.619,-9.872103,31
6035,147,36275.65,433.6,5.561,-10.612292,31
6036,147,36281.2,433.2,5.337,-12.750487,31
6037,147,36286.88,432.4,5.337,-8.335439,31
6038,147,36293.08,431.6,5.561,-7.804265,31
6039,147,36299.43,431.0,6.252,-7.62692,31
6040,146,36305.81,429.4,6.457,-5.455294,31
6041,146,36312.54,428.0,6.485,-4.2064943,31
6043,146,36326.11,426.8,6.83,-2.5455258,31
6047,146,36350.7,426.8,6.252,0.31174836,31
6050,147,36367.61,426.6,5.972,-0.704748,31
6051,148,36373.33,425.4,5.916,0.53274107,31
6054,146,36390.06,425.2,5.757,0.8612921,31
6057,143,36407.49,427.0,5.72,-2.277648,31
6063,140,36442.74,426.2,5.785,-3.8937786,31
6064,139,36449.15,425.8,6.13,5.7645783,31
6066,138,36464.25,424.6,7.53,8.541177,31
6068,137,36480.58,424.0,8.174,2.4429317,31
6071,138,36505.35,427.0,7.931,-1.5291688,31
6072,138,36513.49,429.4,8.006,-7.8796334,31
6076,138,36546.18,428.8,8.146,-7.9800215,31
6077,138,36554.45,426.0,8.174,0.0,31
6079,137,36571.13,424.4,8.174,5.4800496,31
6083,140,36604.33,424.2,8.183,7.5219836,31
6084,142,36612.79,426.0,8.183,7.529177,31
6086,144,36629.79,427.6,8.342,8.301195,31
6089,147,36654.77,428.6,8.342,8.367628,31
6090,149,36663.27,429.8,8.342,12.918134,31
6092,150,36680.09,431.8,8.342,11.1948,31
6093,151,36688.33,432.8,8.342,5.402192,31
6094,152,36696.68,434.0,8.342,4.250035,31
6096,152,36713.38,436.8,8.323,0.0,30
6101,155,36754.11,437.4,8.248,1.560819,30
6107,158,36803.27,436.8,8.174,1.3406771,30
6110,159,36828.65,438.8,8.23,-2.935871,30
6116,161,36878.34,437.8,8.332,-2.650029,30
6120,162,36911.93,436.6,8.388,-2.33964,30
6123,163,36938.02,435.6,8.463,-8.116991,30
6124,163,36946.61,435.2,8.463,-6.927836,30
6126,163,36966.06,433.8,8.491,-1.8981394,30
6127,163,36975.13,431.2,8.547,0.6973823,30
6128,164,36984.11,429.8,8.547,2.600732,30
6129,164,36992.99,429.4,8.547,3.526654,30
6136,164,37052.1,431.4,8.734,0.67688835,30
6139,165,37077.29,431.8,8.584,-0.22159979,30
6141,164,37093.88,432.6,8.388,-1.5369328,30
6147,165,37142.49,432.8,8.118,-2.0491712,30
6153,165,37191.72,431.6,8.099,-3.292909,30
6156,165,37215.15,430.8,8.099,-15.329474,30
6157,164,37221.67,429.2,8.118,-20.160257,30
6158,164,37231.42,427.6,8.146,-19.601679,30
6159,164,37239.56,425.2,8.146,-17.177092,30
6160,164,37247.61,424.2,8.155,-17.99364,30
6161,163,37255.88,422.2,8.155,-11.608715,30
6162,163,37264.24,420.6,8.202,-10.526078,30
6163,163,37272.61,418.8,8.202,-8.712782,30
6164,164,37281.18,417.6,8.211,-6.4534254,30
6165,164,37289.65,416.4,8.22,-5.1462665,30
6168,165,37314.74,415.2,8.314,-5.559628,30
6170,164,37331.54,414.4,8.37,-6.723326,30
6171,164,37339.92,413.8,8.388,-9.122693,30
6174,163,37365.49,412.4,8.407,-6.4614167,30
6176,163,37382.01,411.0,8.407,-7.2426944,30
6178,163,37398.63,409.2,8.407,-6.2133145,30
6179,164,37405.13,408.6,8.388,-6.746004,30
6180,165,37415.15,408.2,8.379,-6.790476,30
6183,165,37439.9,406.8,8.304,-6.285464,30
6186,164,37463.93,405.6,8.183,-4.5683956,30
6187,164,37472.06,404.2,8.174,1.0542687,30
6189,165,37486.92,403.2,8.174,8.0576,30
6190,165,37496.77,403.2,8.174,10.943521,30
6193,165,37520.65,403.0,8.062,13.294707,30
6195,165,37536.72,404.8,8.09,14.350644,30
6197,165,37552.74,408.4,8.062,12.340564,30
6199,165,37568.58,410.4,8.015,13.709103,30
6200,165,37576.33,411.8,8.006,13.5695505,30
6201,165,37584.1,412.8,7.931,6.6053777,30
6202,165,37591.81,414.0,7.912,5.628933,30
6203,165,37599.7,415.2,7.931,4.4164586,30
6204,165,37607.74,416.6,8.006,2.5310075,30
6205,165,37615.7,418.0,8.006,-3.7922606,30
6206,165,37623.47,419.4,7.987,-6.158489,30
6210,165,37654.99,419.2,7.884,-6.585455,30
6214,165,37686.95,418.0,7.894,-14.006536,30
6215,164,37694.95,415.0,7.884,-4.152214,30
6216,164,37702.83,412.4,7.884,-0.6232803,30
6217,164,37710.81,411.0,7.884,1.7690257,30
6219,163,37726.99,410.2,7.94,3.9216075,30
6220,162,37735.06,409.8,7.95,5.795403,30
6223,159,37759.36,409.8,7.978,5.592987,30
6226,157,37782.02,412.0,7.94,2.0582676,30
6228,156,37796.02,413.0,7.138,2.7416978,30
6229,157,37802.93,413.2,7.53,4.5134373,30
6231,158,37817.52,413.2,7.465,4.9933405,30
6234,161,37840.67,413.2,7.465,6.339914,30
6238,163,37871.04,414.6,7.614,1.3050857,30
6239,163,37878.72,416.6,7.623,-2.069817,30
6242,163,37901.9,416.8,7.651,-2.5847292,30
6244,163,37917.31,415.4,7.688,-0.9932471,29
6248,163,37948.4,414.8,7.735,-0.46899846,29
6255,162,38002.58,415.0,7.735,-1.110011,29
6262,163,38058.06,414.4,7.931,-0.3590587,29
6265,163,38081.61,414.2,7.931,0.38387758,29
6269,160,38110.47,415.2,7.931,-5.224882,29
6272,158,38135.34,414.4,7.642,-9.832728,29
6274,157,38151.29,412.4,7.642,-9.014168,29
6276,156,38167.42,410.4,7.838,-8.188232,29
6278,156,38183.45,408.8,7.922,-9.934368,29
6280,155,38199.63,407.2,7.922,-5.765098,29
6281,156,38207.48,406.6,7.922,-6.30878,29
6283,156,38221.81,405.8,7.894,-5.713456,30
6288,157,38259.91,403.4,7.091,3.6758611,30
6289,157,38265.29,402.8,6.867,9.698167,30
6295,155,38308.84,405.4,7.073,5.5614066,30
6296,155,38315.7,406.6,7.073,5.332146,30
6297,156,38322.59,408.2,7.073,2.0280414,30
6298,156,38329.49,409.2,7.045,0.38316956,30
6299,156,38336.38,410.6,7.045,-2.0174468,30
6300,156,38343.36,410.8,7.045,-2.6604705,30
6302,157,38356.22,411.0,6.615,-1.5317066,30
6304,156,38364.9,411.0,4.078,-0.22883523,30
6307,154,38374.59,409.6,3.91,1.5233238,30
6310,153,38388.99,409.4,5.3,2.0289876,30
6311,153,38395.34,409.4,5.981,2.558943,30
6318,154,38443.63,410.2,6.41,3.2685533,30
6319,154,38450.54,410.8,6.438,-3.5671885,30
6321,155,38465.02,412.0,6.923,-5.581395,30
6323,155,38479.61,412.2,6.998,-7.353512,30
6329,156,38521.93,409.6,7.035,-7.017796,30
6330,156,38528.2,408.0,6.392,-23.534079,30
6331,156,38533.79,407.0,5.766,-23.490166,30
6332,156,38538.84,405.8,4.917,-21.520153,30
6333,155,38543.47,404.2,4.815,-20.573854,30
6335,156,38551.24,402.6,3.854,-18.932383,30
6336,156,38554.38,402.0,3.518,-16.502726,30
6337,155,38557.45,401.0,3.228,-15.74838,30
6339,155,38563.09,399.4,2.753,-13.939599,30
6341,154,38568.68,397.8,2.893,-12.374657,30
6342,154,38571.72,397.0,3.48,-9.237274,30
6343,154,38575.34,396.6,3.378,-9.031813,30
6345,154,38582.45,395.4,3.378,-7.478986,30
6348,156,38591.77,394.2,3.032,-5.6354966,30
6350,155,38598.86,393.2,3.378,-3.5336704,30
6355,151,38617.79,392.0,3.303,-2.0528064,30
6359,148,38631.52,391.0,3.368,-18.77804,30
6360,146,38635.45,391.2,3.63,-15.6658325,30
6361,143,38639.38,391.2,3.62,-16.856653,30
6363,139,38647.74,391.2,3.368,-12.241676,30
6366,135,38656.33,391.2,2.071,-14.149821,30
6367,134,38658.4,390.8,1.782,-11.923939,30
6368,133,38658.92,390.6,1.017,-12.0087,30
6370,131,38658.92,389.4,0.0,-9.8499975,30
6373,128,38658.92,389.4,0.0,-9.8499975,30
6374,128,38658.92,389.4,0.0,-9.8499975,30
6378,126,38658.92,387.8,0.0,-6.819207,30
6382,127,38658.92,386.8,0.0,-4.92497,30
6386,128,38658.92,385.8,0.0,-3.030733,30
6390,126,38658.92,384.8,0.0,-1.136496,30
6391,127,38658.92,384.6,0.0,-0.7576833,30
6394,124,38658.92,384.2,0.0,0.0,30
6400,122,38658.92,383.4,0.0,1.5154244,30
6405,119,38658.92,382.6,0.0,3.0307908,30
6406,119,38658.92,382.4,0.0,3.4096613,30
6412,118,38662.36,381.4,2.081,5.3038983,31
6414,119,38668.77,381.2,3.331,7.184614,31
6416,120,38677.11,381.2,4.208,10.974157,31
6418,120,38687.65,381.4,5.123,12.37947,31
6421,120,38705.27,382.2,5.766,13.33834,31
6422,120,38711.52,383.0,6.102,10.72174,31
6423,120,38718.11,384.2,6.158,9.899955,31
6424,120,38724.97,385.2,6.317,9.253048,31
6426,123,38738.56,387.4,6.102,5.3767996,30
6428,125,38752.52,389.0,6.317,3.9961665,30
6431,127,38774.22,390.4,6.41,1.3625226,30
6433,128,38784.68,390.4,5.384,4.7352223,30
6434,128,38788.54,390.6,4.553,4.2098203,30
6437,128,38797.61,391.0,2.837,3.777122,30
6440,129,38811.18,391.0,4.553,3.282645,30
6441,129,38815.97,391.2,4.553,0.96948165,30
6443,131,38824.86,391.8,4.395,0.0,30
6445,131,38833.56,392.8,4.18,-1.6860373,30
6447,131,38841.5,393.2,4.18,-2.5653358,30
6452,132,38858.38,393.0,2.482,-2.5718648,30
6456,130,38860.63,393.0,0.0,-11.302731,30
6461,129,38872.86,392.2,4.311,-11.176675,30
6465,131,38896.18,391.8,6.158,-13.106861,30
6466,131,38903.02,391.6,6.615,-19.072502,30
6467,131,38909.9,390.0,6.727,-19.860764,30
6469,130,38923.58,387.2,6.783,-14.992258,30
6471,131,38937.34,385.2,6.69,-14.385054,30
6472,131,38944.16,384.0,6.69,-20.173298,30
6473,131,38950.74,383.2,6.69,-24.899946,30
6474,131,38957.2,381.2,6.69,-25.215645,30
6476,131,38969.9,379.2,6.28,-21.659723,30
6478,130,38978.93,378.2,4.236,-23.320858,30
6479,131,38981.56,377.2,3.312,-20.695099,30
6481,131,38984.49,376.4,1.409,-20.257034,30
6482,131,38985.65,375.8,1.25,-20.266926,30
6484,131,38987.77,374.4,0.0,-18.301394,30
6485,130,38988.56,373.8,1.054,-17.931417,30
6486,129,38989.65,373.2,1.409,-17.130718,30
6487,128,38991.24,372.4,1.409,-15.959595,30
6488,128,38993.27,371.8,1.903,-15.350239,30
6490,127,38999.09,370.6,3.07,-13.512196,30
6491,125,39002.72,369.4,3.2,-9.809125,30
6493,126,39012.56,368.0,5.151,-8.029984,30
6494,126,39018.36,367.2,5.365,-7.338959,30
6495,126,39024.45,366.6,5.776,-7.02707,30
6498,126,39043.56,365.4,5.99,-5.516276,30
6501,122,39062.58,363.8,5.981,-4.396296,30
6503,121,39074.88,363.2,6.056,-4.7869997,30
6504,121,39081.02,362.6,6.074,-4.9988146,30
6506,120,39093.29,361.8,6.102,-4.659573,30
6507,121,39099.52,361.6,6.102,-5.526453,30
6511,120,39124.93,360.6,6.14,-3.3057628,30
6512,121,39131.04,360.2,6.149,-4.5931697,30
6513,121,39136.68,359.8,6.14,-4.4143133,30
6515,123,39147.54,359.2,5.804,-3.866891,30
6517,123,39159.93,358.6,5.188,-3.5070305,30
6518,121,39165.04,358.6,5.225,-1.1653137,30
6519,122,39172.66,357.2,5.878,1.7574378,30
6523,121,39198.73,356.8,5.813,1.9099154,30
6524,121,39204.12,356.8,5.804,-2.7682924,30
6525,121,39211.3,357.8,5.673,-4.485866,30
6527,120,39221.88,358.0,5.179,-5.363413,30
6528,120,39224.79,358.2,3.602,-4.0528145,30
6532,118,39231.95,357.8,1.008,-3.7061813,30
6538,117,39232.09,356.6,0.0,-2.437933,30
6542,117,39239.07,356.2,2.137,-1.9091877,30
6543,118,39244.23,356.0,3.322,-1.8075048,30
6547,118,39270.32,355.0,6.298,-0.3280581,30
6552,121,39305.43,354.8,6.587,0.0,30
6555,123,39328.63,354.8,6.569,-0.686121,30
6556,119,39335.68,354.8,6.587,-0.6487627,30
6558,119,39350.54,354.6,6.718,-0.3674735,30
6560,119,39363.43,354.4,7.035,-0.3903309,30
6562,118,39377.25,354.4,6.205,-1.0006404,30
6564,121,39390.02,354.4,5.281,-1.1195799,30
6565,119,39397.56,354.4,4.852,-1.3669708,30
6566,122,39401.31,354.4,4.46,-1.5717144,30
6568,123,39405.66,354.2,2.781,-0.56932366,30
6573,120,39421.27,354.0,3.154,-0.3088766,30
6577,119,39446.77,353.8,4.395,0.0,30
6581,119,39470.11,353.6,4.497,-1.0310298,30
6582,117,39477.18,353.8,4.497,-2.3181133,30
6583,120,39482.49,353.8,4.637,-2.8887231,30
6585,119,39490.11,353.6,5.216,-2.7951431,30
6586,119,39493.81,353.6,4.152,-5.069604,30
6590,118,39503.93,353.0,1.913,-5.1845865,30
6591,117,39505.06,353.0,1.241,-4.504805,30
6594,115,39510.77,353.0,1.913,-4.595603,30
6596,115,39514.2,353.2,2.547,-5.336762,30
6598,116,39520.68,353.2,3.527,-5.688902,30
6600,115,39531.52,352.6,4.535,-4.8697214,30
6601,118,39535.86,352.2,4.964,-6.068015,30
6602,118,39540.11,352.0,5.244,-5.313248,30
6604,121,39551.11,351.0,5.151,-3.934458,30
6607,124,39570.02,350.0,4.964,-2.398492,30
6608,126,39573.66,350.0,4.964,0.0,30
6609,124,39578.48,350.0,5.151,0.0,30
6610,129,39583.84,350.0,5.151,0.0,30
6612,133,39595.68,349.0,5.104,1.5861692,30
6613,134,39600.92,348.8,5.104,1.1044148,30
6614,135,39605.18,348.8,5.104,0.3586047,30
6618,137,39630.5,350.0,5.104,-1.9440771,30
6619,137,39634.13,350.0,4.525,-1.1031523,30
6623,136,39649.34,349.8,2.902,-0.78995574,30
6625,136,39655.99,349.4,3.21,-1.9676677,30
6627,137,39662.7,349.0,3.21,-1.2802385,30
6631,138,39679.52,348.8,4.731,-1.1227708,30
6632,138,39684.08,348.6,4.749,-1.1004895,30
6634,138,39695.11,349.4,4.749,-2.3116393,30
6635,137,39699.83,349.4,4.525,-2.7151768,30
6642,135,39734.15,348.4,4.74,-0.7092012,30
6645,136,39744.88,348.0,3.014,-0.34748536,30
6646,135,39746.97,348.0,2.874,-0.33965763,30
6650,134,39756.84,348.0,1.941,-0.35273483,30
6655,132,39773.76,348.0,2.734,0.0,29
6659,132,39791.68,347.8,3.826,-1.1180483,29
6662,129,39803.6,347.8,3.014,-1.4988171,29
6664,127,39814.9,347.8,4.301,-0.36898127,29
6670,126,39844.7,348.0,3.574,-0.27497217,29
6673,126,39857.36,347.0,3.751,2.3714786,29
6679,123,39887.52,347.6,4.04,1.9260108,29
6680,123,39891.56,347.8,4.04,4.8200374,29
6681,123,39895.34,348.0,4.04,4.7904277,29
6682,123,39898.42,348.2,3.499,4.601627,29
6686,124,39909.39,348.6,2.865,4.1619816,29
6687,124,39911.81,348.6,3.238,3.1450958,29
6690,124,39920.93,349.0,2.865,2.5590224,29
6691,124,39924.08,349.0,2.865,1.8716778,29
6695,123,39941.25,349.4,4.264,1.3952627,29
6696,122,39947.08,350.4,4.525,0.0,29
6697,122,39951.08,350.6,4.759,-2.187652,29
6700,121,39966.41,350.8,4.516,-2.7442636,29
6705,121,39995.81,350.4,6.158,-7.166185,29
6706,122,40002.15,350.4,6.233,-6.129337,29
6708,123,40015.36,349.4,6.587,-5.3104434,29
6710,123,40027.81,349.2,6.671,-6.11944,29
6712,123,40041.47,346.0,6.438,-0.5570776,29
6717,123,40077.17,345.4,6.849,0.0,29
6725,126,40135.63,345.4,7.185,0.0,29
6727,129,40150.29,345.4,7.203,5.259295,29
6729,132,40165.22,345.6,7.222,4.0456324,29
6731,135,40180.72,348.6,6.923,-1.0558405,29
6733,135,40192.63,348.6,6.308,-1.2270534,29
6736,136,40214.54,348.4,7.147,-1.1452858,29
6737,136,40221.9,348.2,7.147,-1.3893363,29
6738,136,40229.45,348.0,7.147,-1.2377107,29
6742,136,40262.45,347.8,7.418,-1.0510042,29
6745,137,40286.6,347.6,7.623,-2.0884573,29
6749,137,40319.76,347.2,7.903,-0.9486454,29
6755,139,40370.74,346.4,8.276,0.0,29
6756,140,40379.2,346.4,8.276,-1.9448785,29
6761,143,40422.51,345.6,8.575,-1.9046128,29
6762,143,40431.49,345.4,8.603,-1.2594843,29
6768,146,40485.95,344.6,8.92,0.0,29
6769,145,40495.15,344.6,8.92,-9.175541,30
6770,145,40504.13,344.4,8.929,-10.285986,30
6773,145,40528.65,344.0,8.836,-9.664322,30
6774,146,40538.36,342.8,8.929,-6.121362,30
6775,146,40545.58,339.8,8.883,-3.1714098,30
6777,146,40564.13,339.2,8.883,-2.6815617,30
6778,146,40575.65,338.2,8.883,-1.7842958,30
6783,150,40620.02,337.6,8.957,-0.28174478,30
6786,152,40646.45,337.2,8.957,1.493298,30
6792,155,40700.72,337.4,8.827,1.8509794,29
6795,157,40728.1,338.4,8.818,4.074809,29
6796,157,40736.92,338.6,8.808,14.428628,29
6799,158,40764.43,340.0,7.8,9.683885,29
6800,158,40771.17,341.0,7.409,6.616978,29
6801,157,40777.26,342.0,6.541,5.7539163,29
6802,157,40784.51,346.6,6.541,-1.7825123,29
6804,156,40796.47,346.8,5.72,-2.9201756,29
6810,157,40833.49,345.8,6.494,-1.941531,29
6812,158,40846.1,345.6,6.345,-5.495018,29
6816,156,40868.59,345.0,4.936,-4.20358,29
6819,153,40877.9,344.4,2.547,-2.996418,29
6820,152,40879.4,344.2,2.118,-3.1378627,29
6823,149,40881.35,343.8,0.0,-2.4966974,29
6824,148,40881.35,343.8,0.0,-2.5985248,29
6830,146,40881.35,343.4,0.0,-1.8560973,30
6833,144,40884.59,343.2,1.633,-1.4849118,30
6837,141,40898.4,342.8,4.236,-0.7865695,30
6838,141,40903.74,342.8,5.337,-3.59963,30
6843,141,40935.31,342.4,6.364,-5.0283837,30
6845,141,40948.52,342.4,6.485,-4.95711,30
6846,141,40955.18,341.0,6.429,-0.38445345,30
6849,140,40974.74,339.8,6.42,2.475529,30
6851,139,40987.86,339.8,6.429,3.744518,30
6852,140,40994.02,339.8,6.429,5.965536,30
6853,140,41000.38,339.8,6.429,6.70919,30
6856,139,41019.86,340.8,6.42,3.5234897,30
6858,137,41033.49,341.4,6.382,3.999437,30
6860,137,41044.97,342.0,6.168,1.4986223,29
6864,138,41068.72,343.2,5.972,0.24429475,29
6865,138,41075.04,343.2,5.972,0.34388778,29
6873,136,41126.7,343.6,6.28,-0.38604194,29
6878,139,41162.4,343.4,7.381,0.46073756,29
6879,137,41168.27,343.4,7.287,0.77909684,29
6885,140,41213.43,343.8,7.418,1.1084051,29
6886,140,41222.45,343.8,7.483,2.961598,29
6895,139,41288.04,344.4,7.222,2.4420547,30
6901,138,41323.68,346.0,5.906,0.0,30
6902,137,41328.02,346.2,4.861,-1.9969767,30
6903,137,41330.84,346.2,3.182,-1.7580136,30
6905,137,41335.2,346.2,2.435,-1.8451768,30
6909,137,41350.88,346.0,4.152,-1.8770792,30
6910,138,41355.97,346.0,4.152,-2.041921,30
6914,141,41373.56,345.4,4.385,-1.1215292,30
6917,143,41384.86,345.2,3.779,-1.5738436,30
6918,143,41388.45,345.2,3.378,-1.0649902,30
6921,140,41398.33,345.0,3.35,-0.7566248,30
6925,139,41409.68,344.8,3.35,0.0,30
6927,139,41413.72,344.8,2.034,0.0,30
6929,138,41414.65,344.4,0.0,1.8301935,30
6932,137,41419.13,344.4,2.146,1.8564631,30
6934,137,41424.56,344.2,2.575,1.6566261,30
6938,136,41441.51,344.4,5.3,1.4912322,30
6940,136,41454.49,344.6,6.27,1.5922365,30
6941,137,41461.18,344.8,6.531,0.73199403,30
6942,137,41468.54,344.8,6.643,-0.28496823,30
6945,138,41491.86,345.4,7.633,-1.2707957,30
6946,137,41500.22,345.4,7.66,-1.4611347,30
6947,138,41509.0,345.6,7.315,-1.6115636,30
6950,138,41531.45,345.2,7.39,-1.1217628,30
6952,139,41546.36,344.6,7.511,-1.1275395,30
6954,141,41562.4,344.6,7.66,-1.4299027,30
6955,142,41570.29,344.6,7.66,-2.1096158,30
6959,145,41602.61,344.2,7.903,-1.1103472,30
6960,145,41611.13,343.8,7.903,-1.4123056,30
6961,146,41619.18,343.8,7.903,-0.42557424,30
6964,146,41642.43,343.4,7.903,0.0,30
6966,145,41659.11,343.4,7.931,0.0,30
6972,145,41705.24,343.0,7.567,0.48036176,30
6977,147,41742.61,343.4,7.474,0.37942094,30
6978,147,41750.31,343.4,7.474,1.2058114,30
6979,147,41758.06,343.4,7.474,1.3303261,30
6982,148,41781.42,343.6,7.521,1.187408,30
6988,149,41825.43,344.0,7.791,0.22407725,30
6994,149,41871.04,344.4,6.606,-1.6776665,30
6999,150,41908.85,344.2,7.306,-1.8354759,30
7004,153,41947.17,343.0,7.437,-0.36609268,30
7006,154,41963.35,342.8,7.465,0.0,30
7012,156,42011.85,342.8,7.996,0.0,30
7017,156,42049.96,342.8,7.763,-0.2877451,30
7018,156,42057.78,342.8,7.763,-1.1046543,30
7021,154,42081.13,342.8,7.707,-1.2068026,30
7023,154,42096.69,342.6,7.66,-1.346355,30
7029,153,42140.7,342.2,7.446,-0.79792243,30
7030,153,42146.36,341.8,7.446,-0.7778384,30
7031,154,42154.88,341.8,7.334,-1.2617049,30
7033,154,42169.79,341.6,7.334,-1.0927695,30
7036,152,42192.16,341.6,7.95,-0.57716686,30
7038,153,42210.06,341.4,7.754,-0.4885295,30
7046,151,42274.01,341.0,7.931,0.0,30
7047,151,42281.29,341.0,7.903,-1.1536691,30
7051,148,42306.49,340.8,5.785,-0.7163318,30
7053,147,42316.53,340.2,5.141,1.9657913,30
7055,146,42325.74,340.0,4.824,2.0602357,30
7059,145,42336.74,340.4,1.764,1.7574129,30
7062,144,42341.65,340.4,1.941,2.0993474,30
7064,145,42347.36,340.4,2.893,2.2888381,30
7066,143,42357.33,341.0,5.113,1.5244507,30
7067,144,42363.21,341.2,5.598,1.0201889,30
7072,147,42394.14,341.6,5.785,0.37785202,30
7073,146,42400.0,341.6,5.785,0.8845939,30
7077,149,42416.31,341.8,3.116,0.6452412,30
7078,148,42419.97,341.8,3.116,0.20969667,30
7080,147,42429.87,341.8,4.973,0.21795882,30
7081,146,42435.56,341.8,5.86,0.24476501,30
7082,147,42441.64,341.8,6.13,0.26292974,30
7085,146,42461.81,341.6,6.737,0.5740269,30
7092,147,42511.37,342.2,7.035,-0.21255666,30
7098,148,42555.98,342.0,7.418,-1.4620286,30
7103,149,42593.73,342.0,7.549,-1.3751214,30
7109,152,42642.9,340.8,9.041,-1.6973331,30
7110,153,42652.44,340.8,9.499,-4.7169905,30
7113,155,42685.31,339.8,11.467,-2.2480438,30
7114,155,42698.1,339.4,11.467,-1.3483832,30
7116,157,42723.62,338.2,11.467,1.6747195,30
7118,157,42745.02,338.2,10.133,3.4540548,30
7119,157,42758.71,338.6,9.573,3.7936225,30
7120,157,42770.33,339.4,8.976,2.8445575,30
7123,157,42786.26,340.2,4.479,0.0,30
7124,156,42788.74,340.6,3.49,-0.7439978,30
7128,155,42804.74,341.2,4.516,-1.9534101,30
7130,155,42814.56,341.2,4.516,-1.984073,30
7135,153,42840.2,341.0,4.796,-1.9730997,30
7141,151,42865.61,340.2,2.482,0.33837047,30
7146,151,42887.65,340.0,4.899,0.0,30
7148,151,42899.41,340.2,5.72,-1.3523227,30
7150,151,42912.57,340.4,6.177,-2.2482271,30
7151,152,42918.68,340.2,5.897,-2.24476,30
7154,149,42937.11,340.0,5.766,-2.1323185,30
7156,148,42946.91,339.6,5.16,-2.3486917,30
7158,148,42951.38,339.4,2.286,-2.5899687,30
7160,147,42954.34,339.2,1.596,-2.6346414,30
7162,146,42958.72,339.0,1.558,-3.0748699,30
7168,143,42972.58,338.8,1.596,-4.3885307,30
7169,142,42974.34,338.8,1.586,-2.4436805,30
7171,138,42978.13,338.6,1.558,-2.1642992,30
7174,135,42983.13,338.6,1.484,-2.3331628,30
7175,134,42984.54,338.4,1.484,-1.4507742,30
7176,133,42986.24,338.4,1.484,-1.5030776,30
7179,132,42990.12,338.4,1.521,-1.566384,30
7182,131,42994.93,338.2,1.67,-1.0017579,30
7185,131,42999.92,338.0,1.67,-0.72553486,30
7190,130,43002.13,337.8,0.0,-0.398703,30
7201,130,43002.13,337.4,0.0,0.0,30
7207,127,43006.94,336.6,2.846,1.4911567,30
7210,124,43017.72,336.6,3.406,1.5757872,30
7213,121,43028.05,337.2,3.35,-1.2816597,30
7214,120,43030.96,337.4,3.07,-1.7757189,30
7216,119,43037.12,337.6,3.07,-2.164701,30
7217,118,43039.9,337.6,3.07,-2.3961616,30
7221,118,43051.79,337.8,3.014,-2.8800251,30
7223,117,43057.46,337.6,2.948,-3.141242,30
7225,116,43065.43,337.4,3.994,-3.109472,30
7232,117,43095.13,336.8,3.994,-2.4712713,30
7233,117,43099.01,336.2,4.078,-1.1448728,30
7238,118,43121.22,335.6,4.115,0.0,30
7244,121,43147.36,335.4,4.488,0.3611506,30
7249,121,43176.37,335.6,5.972,-0.36492878,30
7252,121,43183.87,335.6,2.678,-0.65044135,30
7256,122,43200.67,335.4,5.029,-0.37578693,30
7258,122,43216.58,335.4,4.777,0.0,30
7259,121,43225.17,335.2,4.936,0.3092514,30
7261,122,43236.45,335.2,5.906,0.3575637,30
7268,125,43280.81,335.2,5.804,0.2226361,30
7276,126,43326.0,335.4,4.908,0.2778038,30
7281,127,43352.97,335.4,4.871,0.7196998,30
7282,126,43358.51,335.6,5.076,0.9958783,30
7284,126,43370.11,335.6,5.076,1.0986305,30
7286,126,43382.15,335.8,5.001,0.5548267,30
7287,126,43388.57,335.8,5.076,0.6620233,30
7289,126,43399.61,335.8,5.001,0.7451496,29
7292,125,43412.74,336.0,3.284,1.5132301,29
7297,122,43442.3,336.2,4.012,1.7751117,29
7299,120,43452.46,336.2,4.012,2.892387,29
7303,118,43468.73,336.8,2.771,2.3152876,29
7307,118,43477.7,337.2,1.418,0.0,29
7310,118,43485.02,337.2,2.109,-0.5508137,29
7311,117,43488.41,337.2,2.743,-0.61724573,29
7316,116,43503.31,337.8,2.622,-1.6274798,29
7321,118,43523.42,338.0,4.161,-1.6854786,29
7327,119,43550.08,337.2,4.161,-0.7797521,30
7332,121,43574.64,336.8,4.871,2.924598,30
7333,121,43579.04,336.8,5.608,6.580811,30
7334,121,43583.71,336.8,5.608,7.111575,30
7337,123,43599.8,337.0,4.796,6.255788,30
7338,122,43604.8,337.2,4.824,7.567042,30
7341,123,43618.31,338.4,5.029,6.0127153,29
7342,123,43621.82,338.8,5.029,9.143728,29
7344,124,43632.31,339.6,4.899,8.29816,29
7347,124,43647.67,340.6,4.899,6.517219,29
7349,128,43657.9,341.0,4.899,7.054623,29
7350,129,43662.64,341.6,4.787,7.23796,29
7351,131,43666.81,341.8,4.367,7.497159,29
7354,133,43679.72,343.6,4.684,3.568119,29
7358,135,43696.75,344.4,4.189,0.96219087,29
7360,136,43703.68,344.8,4.087,-1.0566493,29
7362,139,43712.31,345.0,4.143,-1.431217,29
7364,143,43721.97,345.6,4.189,-2.624856,29
7365,144,43726.58,345.6,4.143,-3.1153946,29
7368,145,43741.28,345.6,4.544,-3.754805,29
7370,145,43752.74,345.0,5.291,-2.4274507,29
7373,144,43773.33,344.2,6.224,-1.4753506,29
7374,144,43779.98,344.0,6.242,-0.97678417,29
7375,144,43788.14,343.6,6.755,-0.36480403,29
7378,144,43807.22,343.6,6.485,0.0,29
7380,144,43816.17,343.4,4.815,0.39796615,29
7381,144,43823.8,343.4,5.608,0.37863696,29
7383,143,43835.26,343.4,5.86,0.29851714,29
7387,143,43857.79,343.4,5.608,0.36020702,29
7389,143,43868.84,343.6,5.514,0.9220098,29
7393,141,43890.88,343.6,5.374,1.1124002,29
7396,142,43907.33,343.6,5.318,0.0,29
7399,144,43922.99,344.2,5.253,0.97783726,29
7400,144,43927.76,344.2,5.132,1.4497913,29
7403,145,43941.38,343.8,4.133,2.0530615,29
7404,145,43946.59,343.6,4.731,2.7937126,29
7406,145,43957.19,343.6,5.02,3.042132,29
7408,145,43968.75,343.6,5.039,3.055476,29
7415,144,44005.58,344.8,4.413,1.6561413,29
7419,141,44029.09,345.4,5.794,0.72738814,29
7421,139,44042.6,345.8,6.503,1.6323017,29
7423,137,44054.78,345.8,5.626,1.9997661,29
7424,137,44060.35,345.8,5.216,2.6557772,29
7425,136,44064.81,345.8,5.216,5.3822293,29
7427,135,44075.54,345.6,5.216,7.354575,29
7432,138,44102.29,346.6,5.141,6.7787037,29
7433,138,44107.31,347.0,5.029,5.6536417,29
7434,139,44112.25,347.2,4.945,4.786836,29
7437,141,44124.7,348.6,4.88,2.7714372,29
7438,141,44128.41,350.0,4.768,0.7774878,29
7439,141,44132.26,350.2,4.675,1.7738811,29
7441,142,44140.33,350.2,4.18,1.8843735,29
7444,143,44151.02,350.0,4.04,2.5243645,29
7445,144,44154.97,350.0,3.984,4.606082,29
7449,146,44169.63,350.0,3.947,4.9546876,29
7451,147,44176.17,350.2,3.788,6.3954844,29
7456,147,44196.27,350.4,3.751,5.2483673,29
7459,147,44207.76,351.4,3.751,5.8607903,29
7462,146,44218.83,352.6,3.76,4.808836,29
7463,146,44222.97,352.8,3.844,5.05211,29
7467,144,44241.04,353.6,3.844,3.8936255,29
7468,144,44244.5,353.8,3.844,5.9914994,29
7469,143,44247.32,354.0,3.76,4.768507,29
7471,143,44253.1,354.4,3.947,4.303021,29
7473,142,44261.89,354.6,4.031,4.3913546,29
7476,139,44274.64,355.2,3.984,4.3219166,29
7478,137,44283.36,355.6,3.947,4.602416,29
7480,136,44291.35,356.0,3.947,5.592044,29
7483,135,44303.8,356.8,3.816,4.5021915,29
7484,135,44307.64,356.8,3.816,6.3070717,29
7489,134,44326.9,358.0,3.695,4.4000196,29
7490,134,44330.04,358.0,2.697,4.0120034,29
7492,135,44337.03,358.6,2.902,3.1790063,29
7495,132,44349.18,359.0,3.667,2.2262075,29
7496,134,44353.1,359.4,3.667,1.9706959,29
7497,135,44357.52,359.6,3.667,1.1004852,29
7504,134,44386.81,360.2,3.91,0.0,29
7508,136,44400.02,360.4,3.863,-2.0754457,29
7511,134,44407.77,360.4,2.781,-1.9784039,29
7515,131,44412.25,360.2,0.0,-1.8894061,29
7521,128,44412.25,360.0,0.0,-1.1037663,29
7524,131,44412.25,359.8,0.0,-0.7358255,29
7526,133,44414.38,359.6,1.325,-0.3679408,29
7527,133,44416.8,359.4,2.417,0.0,29
7528,135,44418.97,359.4,2.417,0.32315955,29
7531,138,44429.62,359.4,4.189,0.3349553,29
7532,138,44434.3,359.4,4.497,0.29788548,30
7534,141,44444.58,359.2,5.132,0.64082307,30
7537,143,44460.86,359.2,5.384,0.7689683,30
7538,144,44466.75,359.2,5.132,0.93634677,30
7540,144,44478.53,359.4,5.869,0.687488,30
7543,145,44496.57,359.6,6.653,0.3289779,30
7544,145,44503.11,359.6,6.653,0.69342095,30
7547,146,44524.72,359.6,6.503,0.78112245,30
7549,146,44539.36,359.8,6.699,-0.5944583,30
7551,146,44554.26,359.8,6.793,-0.75813574,30
7553,146,44568.66,360.0,6.793,-1.0155855,30
7556,146,44591.72,359.6,6.895,-0.3458269,30
7559,147,44613.0,359.4,6.793,-0.3071496,30
7561,146,44626.37,359.4,6.765,-1.9627054,30
7563,146,44639.8,359.4,6.793,-3.307262,30
7565,143,44656.47,359.2,6.942,-3.1769266,30
7566,142,44663.89,359.2,6.699,-5.0999923,30
7568,139,44674.41,358.4,5.813,-2.550532,30
7569,138,44679.74,357.8,5.039,-1.0643444,30
7571,137,44689.65,357.6,3.406,-0.7837412,30
7574,137,44691.9,357.6,0.0,1.0464691,30
7580,135,44691.9,357.4,0.0,1.4622768,30
7581,135,44691.9,357.2,0.0,1.8278042,30
7585,134,44692.06,356.8,0.0,2.5589705,30
7587,134,44694.76,356.8,1.334,2.5657043,30
7589,133,44701.69,356.6,3.602,3.0765996,30
7590,133,44706.43,356.6,4.479,3.7727892,30
7592,133,44717.55,356.6,5.692,3.9022439,30
7596,133,44730.31,357.0,2.211,4.7271895,30
7597,133,44730.76,357.2,1.362,5.750409,30
7600,131,44733.11,357.4,1.241,5.5055757,30
7604,131,44746.08,357.6,3.508,5.366964,30
7606,132,44754.21,358.2,4.189,5.8625507,30
7608,135,44762.16,358.6,4.488,6.117434,30
7609,136,44768.01,358.8,4.908,5.217902,30
7611,139,44778.05,359.4,5.113,4.6583996,30
7614,141,44792.38,360.2,4.908,3.6386268,30
7615,142,44797.23,360.8,4.927,6.2171726,30
7617,143,44806.48,361.2,4.945,6.0146537,30
7621,145,44823.32,361.8,4.777,6.5239334,30
7623,145,44832.58,362.0,4.665,6.082663,30
7625,145,44841.96,362.2,4.6,8.873502,30
7627,146,44850.22,363.4,4.591,8.412814,30
7630,147,44864.33,364.4,4.507,7.226945,30
7634,147,44882.06,365.6,4.255,7.041074,30
7635,146,44886.25,365.6,4.189,8.530097,30
7638,146,44898.67,367.0,4.115,8.023928,30
7641,147,44910.6,368.2,4.115,6.1431866,29
7642,147,44915.03,368.8,4.115,5.514654,29
7645,147,44927.52,369.2,4.115,6.442457,29
7647,146,44935.9,369.8,4.096,4.368039,29
7649,147,44943.59,370.2,4.189,4.3191843,29
7653,148,44957.25,371.6,3.359,2.2834,29
7654,147,44958.25,371.8,2.333,4.4982414,29
7656,147,44958.96,371.8,0.0,4.595862,29
7658,150,44959.98,371.6,0.0,4.9946427,29
7664,149,44961.52,371.4,1.465,5.420086,29
7668,146,44971.08,371.6,3.228,5.1564584,29
7674,146,44996.0,372.8,3.555,2.9578998,29
7675,144,44999.7,372.8,3.648,4.3795834,29
7676,146,45003.76,373.0,3.732,3.6994283,29
7679,146,45018.8,373.8,4.217,2.3894815,30
7683,144,45038.1,374.6,4.078,1.169203,30
7685,144,45045.73,374.8,3.042,0.9751908,30
7688,144,45053.29,375.0,2.659,0.7438839,30
7692,143,45070.17,375.0,4.609,0.70273846,30
7695,143,45086.42,375.2,5.318,0.36891204,30
7697,145,45099.51,375.4,5.318,-0.2751225,30
7699,142,45110.33,375.4,5.897,-0.3366785,30
7701,145,45124.27,375.4,6.074,-1.410442,30
7702,143,45130.79,375.4,5.701,0.6435757,30
7706,143,45158.94,375.4,7.017,0.6913462,30
7707,143,45167.05,375.2,7.455,1.3646628,30
7714,142,45217.81,374.6,7.241,2.7719622,30
7718,142,45246.06,376.0,7.101,-0.9416097,30
7720,142,45259.14,376.2,6.765,-2.4554725,30
7721,141,45265.22,376.2,6.028,-3.1578314,30
7724,139,45281.28,375.8,5.291,-2.322827,29
7725,140,45286.27,375.4,5.16,-1.1526444,29
7728,140,45303.13,375.0,5.72,-0.62111044,29
7729,140,45309.84,374.8,6.457,0.0,29
7730,140,45316.99,374.6,6.718,0.23977289,29
7735,142,45350.83,374.6,6.457,0.26275182,29
7741,142,45393.02,374.6,6.69,-0.9083793,29
7748,141,45438.92,374.8,6.653,-1.2420564,29
7753,140,45473.52,373.8,6.634,5.5139346,29
7755,140,45487.47,373.8,6.634,9.036207,29
7758,141,45507.83,376.2,6.662,6.8997746,29
7759,141,45514.42,377.6,6.662,7.2504177,29
7762,141,45533.49,378.6,6.569,6.2749324,29
7763,142,45539.41,379.2,5.953,4.298823,29
7766,142,45556.95,379.8,5.542,3.7296484,29
7768,144,45568.45,381.0,5.934,2.805153,29
7774,143,45598.55,382.0,3.938,-0.7834911,29
7775,143,45602.32,382.0,3.928,2.079648,29
7779,142,45613.97,382.6,2.155,1.1176713,29
7783,141,45616.15,382.6,0.0,4.5423703,29
7794,145,45616.63,381.6,0.0,6.543519,29
7796,148,45618.94,381.6,1.325,6.6125426,29
7797,151,45620.67,381.6,1.409,6.9558334,29
7801,154,45632.81,381.8,3.34,6.7944765,29
7807,151,45656.14,382.8,3.424,9.100374,29
7808,153,45659.95,383.2,3.639,12.244552,29
7811,152,45670.86,384.2,3.704,11.312513,29
7813,152,45677.98,385.2,3.714,12.098816,29
7816,150,45689.69,386.8,3.704,9.323622,29
7819,150,45700.78,388.0,3.676,8.939446,29
7823,152,45716.4,389.4,3.742,7.540712,29
7825,154,45723.95,390.6,3.779,7.1372495,29
7828,157,45735.89,391.6,3.844,7.1755633,29
7830,159,45743.38,392.2,3.863,6.1649485,29
7833,162,45753.9,392.8,3.844,5.9106236,29
7837,163,45769.59,393.4,3.863,5.10492,29
7839,164,45776.94,394.4,3.844,4.218552,29
7844,164,45794.2,395.4,3.704,3.6317513,29
7845,164,45796.92,395.8,3.686,3.1006184,29
7849,165,45812.81,396.4,3.434,2.163264,29
7852,166,45821.84,396.4,3.396,1.5574563,29
7855,167,45831.9,396.6,3.331,3.0401163,29
7862,166,45852.15,397.4,1.764,1.719586,29
7863,166,45853.43,397.6,1.512,3.992783,29
7868,166,45855.19,398.0,0.0,2.7394795,29
7869,166,45857.4,397.8,1.866,3.0221355,29
7871,166,45864.04,397.2,3.098,4.345643,29
7872,166,45868.16,397.2,3.714,3.9787142,29
7874,166,45874.38,397.2,3.014,4.3093443,29
7879,165,45890.55,398.2,3.014,2.1850235,29
7880,166,45893.42,398.4,3.014,2.1840236,29
7881,167,45896.11,398.4,3.004,2.3286424,29
7882,167,45898.6,398.6,2.613,1.1502508,29
7883,168,45900.47,398.6,1.903,1.1898931,29
7886,168,45902.33,399.4,0.0,0.0,29
7887,168,45902.33,399.6,0.0,-0.31588238,29
7892,167,45904.78,399.6,1.642,-0.31588238,29
7893,167,45907.77,399.4,1.978,0.0,29
7896,165,45919.34,399.4,3.779,0.0,29
7898,164,45929.38,399.4,4.833,-1.7371187,29
7901,163,45945.11,399.4,5.029,-0.3395793,29
7905,162,45965.82,399.6,4.833,0.0,29
7907,161,45977.03,399.4,5.029,0.3330998,29
7909,161,45988.33,398.4,5.095,2.9566102,29
7916,159,46026.03,399.2,5.263,2.4481256,29
7917,159,46031.11,399.6,5.263,5.7801366,29
7921,157,46053.77,400.0,5.263,5.5800695,29
7922,156,46058.43,400.8,5.281,6.322564,29
7923,156,46065.37,401.4,5.309,5.823803,29
7925,156,46075.65,402.0,5.552,5.463354,29
7926,156,46081.43,402.0,5.598,5.6888876,29
7929,157,46098.4,402.8,5.598,4.8183336,29
7930,157,46103.76,403.2,5.598,5.944824,29
7933,157,46120.38,404.2,5.468,4.6338897,29
7936,157,46135.55,405.0,5.039,5.2892375,29
7938,158,46144.66,405.4,5.02,3.5002894,29
7940,159,46155.7,406.0,5.011,3.0699303,29
7942,159,46165.41,406.6,4.992,2.5842564,29
7943,159,46170.42,407.0,4.992,1.7011538,29
7946,160,46184.75,407.6,4.945,0.743078,29
7951,162,46209.93,408.4,4.815,0.38155928,29
7954,163,46224.33,408.0,4.787,3.171168,29
7957,163,46237.15,408.0,4.488,4.2797837,29
7961,163,46254.96,408.6,4.376,3.9883125,29
7964,163,46266.62,409.6,4.152,4.693589,29
7967,162,46280.48,409.8,4.199,5.418673,29
7970,163,46292.43,410.4,4.245,6.718014,29
7971,163,46296.86,410.8,4.161,5.997663,29
7975,165,46314.65,411.8,4.245,4.676764,29
7977,166,46322.08,412.4,4.161,5.0331426,29
7979,166,46331.02,412.8,4.068,4.9919887,29
7984,167,46352.37,413.8,4.068,2.9706705,29
7986,167,46360.9,414.4,4.068,4.2222013,29
7990,167,46378.27,415.4,4.227,3.012233,29
7993,167,46391.79,415.6,4.283,2.9623208,29
7994,170,46396.2,415.6,4.301,3.0544882,29
7995,167,46401.46,415.8,4.301,2.966951,29
7998,167,46414.17,416.6,4.339,2.033478,29
8002,167,46432.43,417.0,4.385,1.7794122,29
8010,165,46470.49,417.2,4.544,2.3381376,29
8012,165,46480.37,418.0,4.553,1.845738,29
8018,164,46509.65,418.6,4.899,0.51066536,29
8021,163,46524.89,419.0,4.973,-0.97158897,29
8027,161,46558.92,419.0,5.486,-1.140239,29
8036,162,46612.83,419.0,5.86,-1.8594862,29
8044,160,46659.88,418.0,5.897,-2.284056,29
8045,161,46665.82,417.0,5.748,3.1032777,29
8052,161,46707.41,416.8,5.757,3.6900666,29
8056,160,46731.03,418.0,5.841,4.216566,29
8061,160,46759.56,419.2,5.776,6.2425857,29
8064,161,46776.85,420.2,5.71,7.962842,29
8065,159,46782.32,421.4,5.664,8.448008,29
8067,159,46792.49,422.4,5.645,7.4076843,29
8069,163,46802.05,423.2,5.43,6.075127,29
8070,164,46806.66,423.8,5.3,6.9977884,29
8074,163,46825.01,425.0,4.759,4.3447948,29
8076,166,46833.7,425.4,4.553,4.6070523,29
8079,169,46845.09,426.2,3.723,1.1183535,29
8081,169,46853.48,426.4,3.704,-4.0981197,29
8086,167,46871.23,427.4,3.751,-2.9236326,29
8089,169,46881.55,427.8,3.704,-4.726291,29
8093,168,46887.42,428.0,0.0,-0.75385255,29
8102,168,46887.42,426.8,0.0,2.8323035,29
8105,168,46887.42,426.4,0.0,3.4616885,29
8111,168,46887.42,425.4,0.0,5.0351744,29
8113,168,46887.42,425.2,0.0,5.349843,29
8117,166,46887.42,424.8,0.0,5.9792757,29
8121,163,46887.42,424.4,0.0,6.60866,29
8123,160,46887.42,424.2,0.0,6.923329,29
8125,158,46889.3,424.0,1.26,7.238045,29
8129,155,46898.93,424.0,2.865,7.4570217,30
8130,154,46902.53,424.2,2.874,8.45155,30
8136,153,46922.1,425.0,3.107,7.1858788,30
8137,152,46925.14,425.4,3.107,7.6605883,30
8140,153,46934.79,426.4,3.172,6.179797,30
8145,154,46951.12,427.6,3.126,5.196164,30
8149,154,46963.97,428.6,3.154,5.473904,30
8153,152,46977.07,429.4,3.172,6.1223793,30
8154,152,46980.52,429.6,3.172,6.782558,30
8159,155,46996.55,430.6,3.172,5.4025416,30
8160,156,46999.96,430.8,3.238,7.2253623,30
8163,158,47009.74,431.4,3.163,6.464618,30
8167,160,47022.92,431.8,3.322,6.0984716,30
8171,159,47036.14,433.0,3.312,6.4264965,30
8172,159,47039.51,433.6,3.294,6.908478,30
8173,160,47042.84,434.2,3.294,6.1727057,30
8175,163,47049.19,434.4,3.294,6.1827164,30
8177,166,47055.73,434.6,3.228,8.10722,30
8180,168,47065.59,435.0,3.228,6.8037024,30
8181,168,47068.81,435.2,3.228,7.708062,30
8187,170,47088.36,436.2,3.247,6.166538,30
8190,171,47097.89,437.2,3.228,7.3124003,30
8191,171,47101.09,437.8,3.228,6.1917925,30
8196,173,47117.61,438.8,3.228,4.639955,30
8199,173,47127.25,439.2,3.228,7.7750883,30
8203,173,47140.42,439.8,3.256,6.6164002,30
8207,173,47152.92,441.0,3.219,6.6887035,30
8208,173,47156.18,441.2,3.219,7.457687,30
8212,173,47169.12,442.2,3.219,5.3651223,30
8217,174,47184.88,443.2,3.163,4.763248,30
8219,174,47191.28,443.6,3.163,5.133981,30
8223,175,47203.92,444.4,3.126,4.207659,30
8228,175,47219.58,445.0,3.135,5.8347855,30
8233,175,47235.51,445.6,3.126,5.5343976,30
8237,175,47248.44,446.2,3.126,7.3538666,30
8239,175,47255.52,446.8,3.228,7.990073,30
8247,174,47284.75,448.0,3.742,5.6303663,30
8252,174,47303.74,449.2,3.807,7.3445973,30
8257,174,47323.16,451.2,3.826,5.950262,30
8259,175,47330.72,451.8,3.807,4.688627,30
8262,174,47342.13,452.4,3.807,4.2525616,29
8266,175,47357.56,453.4,3.714,3.7765858,29
8273,174,47387.29,454.4,4.04,3.2176363,29
8276,175,47400.48,454.8,4.143,3.17167,29
8279,175,47413.73,455.6,4.227,2.186231,29
8282,175,47427.54,456.2,4.357,1.5484059,29
8284,175,47436.71,456.2,4.385,1.3646401,29
8287,175,47450.39,456.8,4.516,0.31374592,29
8288,175,47455.38,456.8,4.535,0.39930966,29
8290,174,47465.39,456.8,4.759,1.5207473,29
8292,174,47475.47,457.0,4.768,1.449491,29
8294,174,47486.2,457.0,4.768,1.6997577,29
8297,174,47500.53,457.0,4.721,0.708346,29
8298,174,47505.2,457.0,4.712,0.8520068,29
8304,172,47534.52,457.8,5.645,-0.30385786,29
8310,172,47571.03,458.0,5.878,-0.7082999,29
8313,173,47591.2,457.6,6.14,-0.28693795,29
8315,174,47605.15,457.6,6.28,0.0,29
8320,173,47641.04,457.6,6.849,0.0,29
8321,172,47648.37,457.4,6.858,0.3903893,29
8325,169,47677.58,457.6,7.147,0.0,29
8327,165,47692.08,457.6,7.185,-1.3809085,29
8329,159,47706.55,457.6,7.185,-1.6583863,29
8331,156,47720.99,457.6,7.203,-2.0673738,29
8337,154,47764.75,456.8,7.231,-0.78083324,29
8338,154,47772.2,456.4,7.25,-1.0819829,29
8347,154,47838.48,456.4,7.278,-1.2074542,29
8352,152,47876.21,455.6,7.297,-4.4953923,29
8353,152,47883.47,455.2,7.297,-2.6360443,29
8354,150,47892.02,453.2,7.297,-0.2622901,29
8355,150,47899.16,453.2,7.297,-0.2952551,29
8363,150,47959.72,453.0,7.437,0.0,29
8364,150,47967.28,453.0,7.465,-1.1277567,29
8365,150,47974.96,453.0,7.558,-1.259518,29
8372,150,48030.8,452.8,7.838,-1.0769695,29
8376,149,48059.45,452.2,7.838,3.0459583,29
8380,146,48090.02,452.4,7.437,1.7955984,29
8382,145,48104.19,454.0,7.437,0.0,29
8387,142,48148.62,454.2,8.845,-3.368071,29
8388,142,48157.75,454.0,9.051,-3.6406298,29
8392,144,48195.84,452.4,9.695,-1.7717164,29
8395,143,48225.61,452.0,9.461,-3.059031,29
8398,141,48254.68,451.2,9.601,-1.8027768,29
8402,140,48292.25,450.2,9.191,-3.0707984,29
8403,140,48300.48,450.0,8.323,-4.8720093,29
8406,137,48319.82,449.0,6.476,-3.4113116,29
8407,137,48327.31,448.2,6.112,-2.7752173,29
8409,137,48338.64,447.8,5.757,-2.9741917,29
8412,135,48349.74,447.6,3.051,-2.3022823,29
8414,134,48353.28,447.2,1.847,-1.2780904,29
8415,134,48354.98,447.2,1.847,-1.3590854,29
8419,131,48363.7,447.6,2.23,-2.102628,29
8420,130,48366.53,447.6,2.23,-1.9967598,29
8422,128,48370.07,447.2,1.605,-1.3969989,29
8425,126,48371.79,446.8,0.0,-0.7461657,29
8426,126,48371.79,446.8,0.0,-0.769639,29
8432,127,48380.52,446.2,2.305,0.38479015,29
8434,127,48385.42,446.2,2.015,0.34249884,29
8436,126,48390.61,446.2,2.305,0.37245905,29
8441,125,48412.04,446.4,5.514,-0.33475354,29
8443,127,48423.86,446.4,5.776,-0.27441496,29
8444,127,48429.41,446.4,5.468,-0.32726005,29
8446,129,48439.28,446.4,4.908,-0.36021876,29
8448,128,48450.28,446.4,5.468,0.3978491,29
8449,128,48456.05,446.2,5.514,1.3559705,29
8454,131,48485.03,446.2,5.589,1.4980667,29
8455,131,48489.7,446.2,4.861,-1.597721,29
8456,132,48493.89,446.6,3.975,-2.412072,29
8460,134,48509.69,447.0,3.975,-3.3445125,29
8464,135,48524.21,447.0,3.854,-4.412861,29
8469,132,48548.5,446.0,5.374,-3.5708673,29
8470,132,48553.23,445.2,5.496,-4.619455,29
8473,129,48573.72,444.4,6.27,-5.109227,29
8474,127,48580.31,444.2,6.27,-7.243995,29
8475,126,48587.5,444.0,6.727,-9.596978,29
8477,124,48600.52,443.8,6.746,-10.524637,29
8478,123,48608.06,442.8,6.42,-10.703198,29
8480,122,48620.18,441.6,6.28,-11.24,29
8481,122,48626.25,441.0,6.28,-13.879524,29
8483,122,48638.66,440.4,6.364,-14.336057,29
8485,122,48650.83,438.4,6.28,-11.426612,29
8486,121,48657.09,437.4,6.242,-10.656693,29
8487,122,48663.46,436.4,6.242,-5.4002833,29
8488,122,48670.0,435.4,6.242,-4.232298,29
8489,122,48676.35,434.2,6.242,-2.3990116,29
8490,122,48681.84,433.2,5.412,-0.25749767,29
8492,122,48691.01,432.6,5.001,0.55671966,29
8493,122,48696.87,432.4,4.759,0.95483136,29
8494,122,48701.46,432.2,4.572,1.4027439,29
8495,121,48706.22,432.0,4.367,1.9054092,29
8498,123,48719.86,431.2,4.572,4.244592,29
8506,124,48753.94,433.0,4.217,0.58599883,29
8507,124,48762.36,433.0,4.199,2.8296037,29
8514,127,48788.27,433.4,4.301,2.4078028,29
8515,127,48794.02,433.4,4.348,2.370748,29
8521,129,48824.81,434.2,4.861,1.423004,29
8529,127,48864.38,435.0,4.861,0.28316477,29
8530,127,48869.1,435.2,4.861,2.556218,29
8535,127,48895.5,435.6,4.917,2.1773715,29
8544,126,48942.7,435.2,5.039,3.3862877,29
8546,126,48954.73,437.2,5.076,-6.1845837,29
8547,125,48960.96,437.2,5.888,-6.459611,29
8550,126,48980.21,435.8,5.832,-5.6052895,29
8553,126,49001.1,434.6,6.793,-5.6052895,29
8554,127,49007.53,433.6,6.849,-5.6052895,28
8555,127,49014.69,433.8,6.914,-5.6052895,28
8560,125,49053.49,432.8,7.623,-5.6052895,28
,,,,,,
