time,heartrate,distance,altitude,velocity_smooth,grade_smooth,temp
0,94,1.7,366.0,2.669,-7.1367564,32
1,94,3.95,366.2,2.622,-7.5332665,32
6,96,18.57,366.8,2.566,-8.346911,32
7,96,20.5,367.2,2.109,-7.578287,32
10,94,23.11,367.6,0.0,-5.7886906,32
12,90,25.41,367.4,1.082,-2.8997054,32
15,91,30.39,367.0,1.4,-2.272734,32
16,91,32.31,366.8,1.4,-1.8819138,32
17,91,34.06,366.8,1.4,-1.9548528,32
19,93,38.58,366.2,1.465,-1.143057,32
20,94,40.02,366.0,1.465,-1.083976,32
21,94,40.46,365.8,0.0,-0.7450543,32
24,96,43.98,364.8,1.4,1.1283706,32
25,96,44.87,364.4,1.362,1.1282123,32
28,96,46.85,363.4,0.0,3.0676112,32
32,96,50.62,362.4,0.0,6.336766,32
35,95,54.95,362.4,1.054,6.6890035,32
37,95,58.01,362.4,1.288,7.145852,32
40,95,67.22,362.8,2.557,6.8479023,32
41,95,70.78,363.4,2.557,6.9191356,32
43,96,76.8,364.6,2.221,5.273214,32
45,98,82.42,365.8,1.819,3.7766845,32
47,100,85.63,365.8,1.26,4.1723824,32
50,104,92.67,365.6,1.819,5.3455534,32
51,102,96.0,365.4,2.407,6.369794,32
56,102,118.5,365.0,3.648,7.5307016,32
59,101,134.52,367.0,4.385,5.109574,32
62,101,148.85,368.0,3.256,4.1377215,32
66,101,159.37,369.0,1.885,3.3303056,32
69,102,166.13,369.2,2.37,5.3964367,32
71,103,170.1,369.4,2.183,8.780004,32
74,104,178.54,369.6,2.127,10.23088,32
78,107,188.51,370.2,2.183,11.795012,31
79,104,192.16,370.2,2.127,18.265558,31
84,104,203.52,370.6,1.978,18.350506,31
86,103,205.83,370.8,1.894,24.469774,31
88,105,208.51,371.2,1.941,24.96475,31
89,105,210.48,371.4,1.959,25.918036,31
92,107,214.41,372.0,1.959,25.617353,31
94,107,218.84,372.4,1.959,26.341915,31
97,108,226.08,374.0,2.323,26.111593,31
99,109,230.3,375.4,2.062,26.380005,31
101,111,233.53,376.4,2.025,23.391571,31
102,112,234.03,377.0,1.633,23.747805,31
104,114,235.19,377.6,0.0,22.786667,31
106,116,236.26,378.8,0.0,22.748177,31
107,119,239.86,379.2,1.138,23.191875,31
108,122,242.35,379.8,1.325,23.70547,31
109,126,244.94,380.0,1.325,23.284737,31
111,130,250.66,381.2,1.325,22.086906,31
112,131,253.8,382.2,1.325,20.514624,31
114,132,258.94,383.4,1.698,19.03165,31
116,133,263.98,384.4,1.764,18.663969,31
118,133,269.08,385.8,1.847,19.44175,31
119,134,271.58,387.4,1.857,16.81915,31
121,134,276.52,388.8,1.922,14.910632,31
123,135,282.7,389.0,1.978,13.862897,31
124,135,284.52,389.0,1.829,14.427616,31
126,136,288.44,390.4,0.0,12.263965,31
127,136,289.95,391.6,1.446,8.467621,31
129,137,294.02,392.0,1.829,7.982631,31
131,139,299.82,392.4,1.791,7.1543474,31
133,140,305.55,392.6,1.745,4.8270774,31
135,143,309.51,393.6,1.736,0.73900956,31
136,144,311.5,394.2,1.736,-0.39907986,31
137,144,313.04,395.0,1.745,-3.9705758,31
138,145,314.78,395.6,1.745,-5.1637535,31
140,146,318.36,395.8,1.782,-5.711428,31
142,147,322.27,396.0,1.782,-7.4055185,31
145,147,327.88,396.6,1.717,-5.790282,31
148,147,333.34,396.4,1.698,-6.019114,31
154,146,341.44,396.6,1.325,-6.966701,31
156,146,343.4,396.2,1.269,-5.41266,31
157,146,344.23,396.0,1.325,-5.2743177,31
159,145,352.67,395.8,1.269,-5.0339603,31
161,142,353.56,395.2,1.148,-4.7372413,31
163,139,357.81,394.4,2.603,-3.3811617,31
164,138,360.25,394.0,1.931,-2.6817012,31
166,137,365.38,393.0,1.586,-2.2063205,31
167,137,368.01,392.8,1.67,-2.2268465,31
174,134,389.15,392.2,2.51,-1.3299814,31
179,131,405.7,392.6,2.575,-3.3296797,31
180,131,408.79,392.6,2.575,-7.007806,31
181,132,413.05,392.6,2.575,-7.4969196,31
185,133,425.98,391.8,2.725,-6.213187,31
188,131,436.24,391.4,2.827,-11.516941,31
192,130,446.46,390.8,1.801,-8.63149,31
194,128,450.18,390.6,1.689,-7.5902185,31
197,125,456.43,389.6,1.801,-3.4328032,31
200,122,460.03,388.8,1.717,0.75278795,31
201,121,460.73,388.6,1.689,2.5234585,31
204,120,461.8,387.6,0.0,4.3969073,31
205,120,461.8,387.2,0.0,5.227788,31
208,117,461.8,386.6,0.0,6.3480444,31
211,116,462.08,385.4,0.0,8.646415,31
214,116,462.08,384.8,0.0,9.787405,31
218,114,462.99,384.2,0.0,10.916673,31
220,113,462.99,383.8,0.0,11.82839,31
222,113,462.99,382.8,0.0,13.736192,31
225,113,462.99,381.6,0.0,16.025518,31
230,113,462.99,382.6,0.0,14.117717,31
585,144,466.58,381.8,3.639,15.643992,30
586,145,469.35,382.2,3.602,14.880826,30
587,145,473.03,383.0,3.602,12.197457,30
589,144,481.12,384.4,3.602,10.545616,30
593,143,496.02,385.0,3.723,12.812207,30
594,143,499.75,385.6,3.77,11.939792,30
595,143,503.47,386.6,3.77,10.994831,30
597,144,511.14,387.8,3.779,9.580933,30
599,145,518.94,389.2,3.779,7.5108857,30
602,147,529.96,390.0,3.751,7.121976,30
604,148,537.3,390.4,3.76,4.6567,30
610,151,559.92,392.2,3.686,1.899555,30
614,151,575.01,393.2,3.751,-4.037502,30
618,154,590.17,394.0,3.751,-11.169552,29
622,153,603.81,393.2,3.714,-16.008722,29
625,153,614.42,391.6,3.63,-18.297693,29
626,153,617.97,391.0,3.63,-20.367786,29
627,153,621.64,390.2,3.63,-20.773882,29
629,153,628.79,389.0,3.443,-19.986116,29
630,153,632.33,388.0,3.443,-18.88696,29
631,153,635.99,387.2,3.546,-18.590843,29
633,153,643.73,386.0,3.63,-17.118452,29
635,154,651.01,384.6,3.63,-17.012157,29
637,153,658.42,383.0,3.611,-16.264067,29
639,153,666.45,381.6,3.592,-14.413196,30
641,154,672.83,380.4,3.583,-14.314495,30
644,154,683.85,378.8,3.555,-13.193138,30
646,154,692.01,377.6,3.555,-2.8684084,30
648,154,699.23,376.4,3.359,-1.1006149,30
650,154,707.53,375.2,3.555,2.5444345,30
653,154,719.49,373.8,3.574,7.132165,30
654,154,722.71,372.8,3.574,15.44803,30
655,154,726.46,372.2,3.574,18.872324,30
660,155,746.56,373.8,3.714,17.076286,30
662,155,754.11,375.8,3.704,21.436888,30
663,155,758.16,376.6,3.704,21.652283,30
664,156,762.07,377.4,3.714,21.816874,30
665,156,765.93,378.4,3.714,23.161201,30
666,157,769.85,379.6,3.714,23.101303,30
668,158,777.93,380.6,3.723,23.243181,29
670,157,785.39,382.6,3.742,21.734205,29
672,157,793.01,384.2,3.742,21.025812,29
674,157,800.75,385.8,3.742,18.288092,29
676,157,808.47,387.4,3.779,17.888563,29
677,156,812.27,388.4,3.742,17.573463,29
679,157,819.68,390.0,3.723,17.636618,29
681,157,826.71,392.0,3.676,14.134214,29
683,159,834.02,393.8,3.592,12.588469,29
685,161,841.65,394.8,3.676,10.943801,29
688,160,853.26,396.0,3.742,10.568907,29
690,157,860.89,396.8,3.742,11.0076275,29
691,157,864.48,397.6,3.742,9.25509,29
695,157,879.31,399.2,3.77,6.847691,29
698,159,890.82,400.4,3.77,5.3150945,29
699,160,894.73,401.0,3.77,4.616234,29
702,162,906.05,401.6,3.77,3.817898,29
705,162,917.09,402.6,3.76,1.3466483,29
706,162,920.98,402.8,3.751,-0.35639453,29
710,159,935.9,403.4,3.714,-1.5293335,29
713,157,947.29,403.4,3.723,-1.0533772,29
718,157,965.56,403.6,3.723,1.6521684,29
720,158,973.32,403.4,3.723,1.9282458,29
725,160,992.87,402.6,3.714,3.3971798,29
729,159,1007.92,402.8,3.77,1.237505,29
738,159,1038.27,404.6,3.695,-2.2200065,29
742,161,1057.65,404.8,3.77,-3.3911705,29
748,161,1080.01,403.6,3.742,-1.5745902,29
751,160,1091.36,403.0,3.723,-1.3410034,29
759,159,1121.15,403.0,3.742,0.9014331,29
764,161,1139.71,402.6,3.723,2.520018,29
769,161,1158.12,402.2,3.667,0.7648826,29
774,158,1176.8,403.6,3.63,-2.9677944,29
778,157,1192.23,404.0,3.639,-5.3259554,28
782,157,1206.54,402.6,3.639,-3.4543462,29
787,158,1225.59,401.6,3.77,-2.6634479,29
790,159,1237.05,401.6,3.77,0.0,29
795,159,1255.88,400.8,3.77,5.5239587,28
798,162,1266.72,400.4,3.844,14.336664,28
803,162,1286.79,400.0,3.844,18.787085,28
807,162,1302.4,401.6,3.863,16.267828,28
809,162,1309.22,404.4,3.872,9.559313,28
810,162,1313.19,408.0,3.882,1.8322217,28
811,162,1318.07,409.0,3.891,0.0,28
812,162,1321.93,409.6,3.891,-1.8453202,28
813,163,1325.91,410.2,3.882,-3.1772883,28
816,163,1337.13,410.4,3.854,-4.8993673,28
821,163,1356.96,409.8,3.91,-7.412026,28
823,160,1363.64,409.6,3.835,-8.65454,28
825,159,1372.09,409.0,3.835,-8.650101,28
828,159,1382.85,408.6,3.714,-8.276619,28
829,159,1382.85,407.6,3.714,-5.767777,28
832,161,1396.72,406.6,3.63,-4.071369,28
837,164,1416.9,405.4,3.676,-0.7045129,28
840,166,1427.78,404.4,3.695,-0.71669734,28
844,163,1441.92,404.0,3.676,-1.5960953,28
847,160,1453.42,404.2,3.695,-2.2953854,28
852,161,1472.76,405.0,3.723,-4.8052664,28
859,159,1503.16,404.0,4.106,-2.2773397,28
862,161,1516.14,402.8,4.189,7.3682756,28
866,162,1534.48,402.0,4.273,13.070764,28
868,163,1543.69,402.6,4.535,20.823011,28
870,164,1552.86,404.2,4.572,23.023495,28
871,164,1557.56,405.4,4.572,14.267737,28
872,164,1557.56,406.8,4.572,13.07461,28
873,164,1566.75,407.2,4.581,12.404078,28
875,163,1576.14,408.6,4.628,11.870543,28
877,163,1585.48,411.6,4.665,3.5530624,28
878,163,1590.03,413.2,4.665,-1.9679878,28
879,163,1594.18,415.8,4.665,-6.543536,28
884,162,1617.5,415.8,4.675,-7.0052605,28
886,161,1626.83,414.6,4.647,-5.472511,28
888,161,1636.44,413.4,4.647,-4.1706066,28
891,160,1651.38,412.2,4.712,0.3556092,28
893,160,1657.23,411.8,4.675,3.0282137,28
894,159,1665.53,411.6,4.665,3.5056798,28
898,159,1679.66,411.2,4.656,4.4694395,28
900,158,1692.74,411.2,4.535,5.5473247,28
910,158,1737.37,412.4,4.516,8.894743,28
911,158,1742.03,414.4,4.525,1.743242,28
912,158,1746.87,416.6,4.525,-2.2730887,28
918,158,1774.47,417.2,4.609,-4.561769,28
922,160,1794.84,416.0,4.768,-5.184088,28
924,160,1803.87,415.4,4.833,-6.2594743,28
926,160,1814.06,414.6,4.889,-3.6781445,28
927,160,1819.18,414.2,4.917,-3.6290753,28
928,160,1824.48,414.0,4.936,-3.6159048,28
931,159,1838.58,413.4,4.936,-2.798507,28
933,160,1849.28,413.0,4.936,-2.716765,28
938,160,1874.7,412.0,4.955,-1.5248957,28
941,160,1890.26,412.0,4.852,-2.251446,28
949,160,1928.06,411.6,4.871,-2.1109276,28
951,160,1937.11,410.8,4.871,-1.985134,28
955,160,1956.76,410.2,4.768,-0.5955419,28
957,161,1965.81,410.2,4.721,-2.708995,28
960,161,1978.64,410.0,4.637,-2.8931844,28
966,161,2004.49,409.8,4.255,-3.1937032,28
967,161,2008.32,409.8,4.199,-7.925338,28
973,162,2034.7,408.8,4.152,-5.1494293,28
976,162,2049.04,408.0,4.217,-2.3043103,28
977,162,2053.2,407.4,4.255,0.0,28
979,160,2057.1,406.0,4.255,1.8923786,28
981,163,2070.13,405.6,4.255,2.5698433,28
982,163,2074.47,405.6,4.255,3.157794,28
987,165,2095.53,405.4,4.255,3.7943392,28
995,166,2127.74,406.6,4.096,-0.63375133,28
998,166,2140.49,407.4,4.096,-4.2653656,28
1003,165,2158.98,407.6,4.05,-6.7921605,28
1008,164,2179.01,406.2,3.9,1.4560441,28
1010,164,2185.27,405.2,3.863,0.9220073,28
1012,164,2193.3,404.2,3.798,2.7221577,28
1013,164,2197.27,404.0,3.798,3.5369868,28
1017,163,2213.85,405.8,3.863,-1.7189114,28
1018,163,2217.12,407.0,3.863,-4.5036097,28
1025,163,2244.36,406.8,3.9,-4.3630304,28
1031,162,2267.21,405.8,3.807,-0.24619572,28
1036,161,2286.07,404.6,3.807,1.7144504,28
1046,162,2325.63,403.8,3.882,3.0886726,28
1054,161,2357.38,405.6,3.91,6.307014,28
1056,161,2364.77,406.0,3.891,12.851549,28
1059,161,2376.44,407.4,3.891,11.945271,28
1060,162,2380.39,408.8,3.891,15.068399,28
1062,161,2388.76,410.0,3.891,13.628537,28
1064,161,2396.27,410.2,3.77,14.920826,28
1069,161,2414.95,412.2,3.779,10.569684,28
1070,161,2419.02,413.4,3.779,13.849416,28
1071,160,2423.74,414.6,3.835,17.24962,28
1072,160,2426.86,416.0,3.882,20.774275,28
1073,160,2431.84,416.4,3.91,22.139942,28
1076,160,2443.89,417.0,3.891,28.78202,28
1080,161,2458.71,418.4,3.91,30.0,28
1081,161,2462.65,418.8,3.91,30.0,28
1082,161,2467.15,419.6,3.9,30.0,28
1083,161,2470.08,420.6,3.891,30.0,28
1084,162,2473.88,423.4,3.891,30.0,28
1085,162,2478.43,426.4,3.891,22.732489,28
1086,161,2481.44,427.8,3.891,22.051638,28
1087,161,2485.42,430.8,3.9,17.401743,28
1088,162,2489.52,432.4,3.919,10.654244,28
1089,161,2494.19,433.6,3.919,9.2437525,28
1090,162,2497.45,435.2,3.91,3.7807398,28
1091,162,2501.29,437.8,3.77,-0.72780585,28
1092,163,2504.95,439.0,3.91,-3.1328638,28
1093,163,2508.79,441.6,3.91,-9.66408,28
1095,163,2517.43,442.8,3.91,-11.63808,28
1096,163,2520.58,442.8,3.919,-13.206505,28
1099,163,2531.92,441.2,3.882,-11.022358,28
1102,163,2543.66,439.6,3.919,-9.681374,28
1104,163,2552.33,438.6,3.882,-9.199229,27
1106,163,2558.96,437.4,3.919,-11.808608,28
1108,163,2567.12,436.4,3.994,-11.333915,27
1110,163,2574.79,436.0,3.994,-10.072681,28
1114,163,2589.78,435.2,3.984,-8.535473,28
1116,162,2597.9,434.0,3.984,-6.4879055,28
1117,162,2601.94,433.6,3.928,-6.685895,28
1119,163,2610.02,431.8,3.928,-4.194742,28
1122,163,2622.77,430.6,3.975,-2.5970612,28
1125,163,2635.7,430.4,4.078,-1.8782241,28
1132,163,2663.74,430.0,4.04,0.7103382,28
1135,163,2675.96,429.2,4.04,6.6098366,28
1139,164,2692.14,429.4,4.04,7.7345138,28
1140,164,2696.35,430.4,4.04,13.589334,28
1143,164,2708.56,431.4,4.068,6.425192,28
1148,166,2730.46,433.2,4.245,4.7341666,28
1149,166,2735.11,433.6,4.311,1.7785164,28
1150,166,2740.01,436.0,4.32,-1.3514705,28
1151,166,2745.08,437.2,4.376,-3.1789687,28
1155,167,2767.89,437.6,6.0,-4.0621133,28
1161,167,2809.12,436.0,7.371,-1.8634589,28
1164,166,2832.19,435.0,7.698,1.399788,28
1167,163,2857.59,434.8,8.51,1.9521077,28
1168,163,2866.4,435.0,8.575,0.3051052,28
1171,160,2893.63,435.8,8.51,-1.054511,28
1172,159,2902.75,436.0,8.575,-9.3459,27
1174,155,2923.1,435.4,8.855,-7.347269,27
1175,154,2930.5,435.2,8.976,-9.676959,27
1176,153,2939.84,434.0,8.985,2.374564,27
1177,151,2949.24,431.8,9.013,6.0339046,27
1180,148,2978.93,430.8,9.144,8.800735,27
1183,146,3006.32,429.8,9.228,19.6319,27
1186,145,3033.2,435.8,9.228,11.277914,27
1187,146,3040.43,440.4,9.107,4.9407606,27
1188,145,3049.29,441.6,9.004,3.3792508,27
1191,142,3075.6,443.4,8.901,-1.2790158,27
1193,139,3093.71,443.6,8.901,-8.73909,27
1195,134,3111.87,443.4,8.901,-11.800335,27
1196,134,3121.06,442.6,8.976,-14.30179,27
1197,135,3130.29,441.4,8.855,-14.550888,27
1199,135,3148.12,438.8,8.883,-11.584129,27
1200,135,3157.08,437.0,8.892,-9.730678,27
1202,135,3174.75,435.0,9.004,-7.864606,27
1204,135,3192.34,433.6,8.892,-6.9032006,27
1207,132,3218.06,431.6,8.818,-0.9939184,27
1209,130,3235.51,430.2,8.818,2.5622797,27
1211,128,3252.94,429.4,8.79,4.9409003,27
1215,124,3288.36,431.0,8.762,-1.6160243,27
1216,123,3298.77,432.0,8.771,-9.429923,27
1218,121,3314.81,432.0,8.873,-10.4083185,27
1220,120,3332.39,430.0,8.762,-9.502888,27
1221,119,3341.16,428.2,8.762,-10.351796,27
1223,118,3358.45,427.0,8.743,-6.75655,27
1225,117,3375.74,425.8,8.743,-4.031299,27
1226,117,3384.62,424.2,8.762,0.0,27
1228,116,3403.41,422.8,8.762,2.4294553,27
1230,113,3422.85,422.8,9.648,4.9326077,27
1232,112,3442.37,423.2,9.377,7.960076,27
1234,111,3464.51,424.2,9.517,9.856948,27
1236,110,3483.21,425.8,9.732,6.269664,27
1237,111,3493.13,428.0,9.769,4.8239007,27
1238,111,3503.18,429.2,9.937,3.6284032,27
1239,111,3513.27,430.4,9.956,1.9816139,27
1243,111,3553.79,431.4,10.03,-2.3490298,27
1244,111,3564.26,431.4,10.03,0.0,27
1250,111,3628.74,430.2,10.553,1.8647264,27
1255,107,3682.75,431.4,10.721,8.132216,27
1257,105,3704.61,435.8,10.814,11.124434,27
1258,105,3715.38,437.4,10.749,12.173157,27
1260,105,3736.64,440.2,10.814,6.3933315,27
1261,105,3747.61,441.8,10.814,3.6614313,27
1262,105,3758.76,443.2,10.88,1.8238518,27
1264,106,3780.96,444.0,10.889,-0.30162027,27
1266,107,3802.45,444.4,10.898,-2.187259,27
1268,109,3824.97,444.2,10.908,-1.4187669,27
1269,109,3835.95,443.8,10.908,-1.2923275,27
1274,110,3887.13,443.2,10.852,-0.3920867,27
1277,106,3918.0,443.0,10.292,-1.6377058,27
1278,105,3927.83,443.2,10.226,-5.4102597,27
1280,102,3947.91,443.4,10.161,-7.0202804,27
1283,100,3977.23,442.0,9.844,-3.8709812,27
1285,96,3996.41,440.0,9.751,-0.7145549,27
1287,94,4015.25,438.6,9.741,1.232384,27
1292,94,4061.52,439.4,9.275,-0.26796705,27
1295,94,4089.89,439.4,9.191,-4.663863,27
1296,94,4097.04,439.2,9.032,-10.521104,27
1298,94,4117.05,437.4,9.032,-12.287642,27
1299,94,4124.56,436.8,9.032,-14.414665,27
1300,94,4134.03,436.4,9.023,-15.600804,27
1301,94,4143.05,435.0,9.023,-15.495783,27
1302,94,4152.46,433.6,9.032,-14.831964,27
1303,96,4162.3,430.6,9.069,-11.658327,27
1305,100,4182.32,429.0,9.508,-9.892368,27
1306,101,4192.07,427.4,9.517,-11.262379,27
1307,103,4203.74,426.0,9.62,-11.622446,27
1308,105,4211.57,424.6,9.648,-11.334754,27
1309,106,4220.98,423.6,9.62,-11.185048,27
1310,107,4229.96,423.2,9.62,-13.612918,27
1311,107,4239.36,422.2,9.713,-13.320344,27
1312,108,4248.97,421.0,9.713,-14.918437,27
1313,108,4258.67,419.4,9.713,-14.539876,27
1314,108,4268.71,418.4,9.741,-15.849037,27
1315,108,4278.59,417.2,9.741,-16.260637,27
1316,107,4288.49,415.4,9.741,-15.459489,27
1317,106,4298.19,414.4,9.741,-15.650869,27
1318,105,4308.06,412.2,9.741,-14.315851,27
1319,104,4317.97,410.8,9.807,-16.967495,27
1320,104,4327.89,409.0,9.919,-13.34801,27
1321,103,4338.07,407.6,9.928,-13.18234,27
1322,102,4348.54,406.2,9.965,-12.679062,27
1323,101,4358.89,405.0,9.984,-14.478073,27
1325,100,4379.4,402.2,10.096,-11.671791,27
1326,99,4391.63,400.8,10.105,-13.865388,27
1327,100,4399.85,399.4,10.105,-11.542553,27
1328,100,4412.01,397.6,10.105,-9.834736,27
1330,100,4430.02,396.0,10.245,-10.558965,27
1332,101,4450.5,393.8,10.18,-11.3371105,27
1333,101,4460.6,392.6,10.18,-11.091088,27
1334,101,4470.76,391.2,10.18,-12.2099,27
1335,102,4480.95,389.8,10.161,-10.598521,27
1337,103,4501.29,388.0,10.133,-8.52861,27
1338,103,4511.29,387.0,10.124,-9.931075,27
1340,103,4531.06,385.0,10.124,-7.982749,27
1342,102,4551.33,383.4,10.114,-6.5330834,27
1344,99,4571.47,382.0,10.114,-6.394591,27
1347,101,4601.48,380.2,10.058,-10.275591,27
1348,102,4611.58,378.8,10.04,-11.568829,27
1350,102,4632.13,376.6,10.003,-4.982056,27
1352,102,4651.79,374.0,9.984,-2.3421884,27
1356,100,4691.65,373.0,9.984,-2.2898436,27
1359,101,4721.47,372.6,10.012,-3.3819664,27
1362,102,4751.06,371.4,9.984,-4.828978,27
1364,102,4770.31,370.6,9.984,-6.337123,27
1365,103,4779.64,369.8,9.807,-8.613098,27
1367,103,4798.52,368.6,9.713,-5.7185564,27
1368,103,4807.71,367.6,9.667,-5.870518,27
1369,102,4816.83,367.0,9.611,-5.528832,27
1370,102,4826.01,366.4,9.461,-7.764564,27
1373,102,4853.04,365.0,9.265,-5.198476,27
1374,103,4862.03,364.4,9.209,-5.140144,27
1375,102,4871.03,364.0,9.209,-5.232483,27
1378,103,4898.81,362.2,9.209,-2.8547263,27
1381,104,4926.85,361.2,9.256,-4.041873,27
1382,105,4935.87,360.6,9.256,-4.61263,27
1384,106,4953.29,360.0,9.247,-2.940999,27
1387,104,4978.93,359.0,8.827,-1.9788244,27
1390,103,5003.81,358.2,8.519,-3.6399884,27
1392,103,5020.37,358.0,8.388,-4.256274,27
1395,106,5044.81,357.0,8.295,-3.697737,27
1399,105,5074.5,355.8,6.914,-2.1734827,27
1402,102,5093.18,355.0,6.382,-2.6699634,27
1403,100,5099.9,355.0,6.653,-3.301501,27
1404,99,5106.54,354.6,6.839,-4.1604133,27
1405,98,5113.6,354.4,6.727,-4.291723,27
1407,98,5126.55,353.8,6.69,-5.055715,27
1408,98,5133.12,353.6,6.69,-5.8403707,27
1410,99,5147.63,353.6,6.69,-6.584853,27
1412,101,5162.5,353.2,6.839,-4.8011665,27
1415,103,5184.94,352.0,7.231,-3.8547366,27
1419,104,5214.45,350.2,7.278,-0.31734285,27
1422,107,5235.0,350.0,7.231,7.1049476,27
1424,111,5248.18,350.0,7.138,8.766555,27
1425,112,5255.24,350.0,7.138,11.140445,27
1426,115,5262.49,350.2,7.017,12.313686,27
1428,117,5276.52,352.6,6.877,11.549966,27
1430,118,5292.22,354.4,6.877,19.892649,27
1431,119,5298.08,355.0,7.017,23.104553,27
1432,118,5305.68,355.6,7.129,24.573917,27
1433,121,5314.61,356.4,7.147,28.53702,27
1434,122,5320.42,358.6,7.147,29.71079,27
1435,123,5327.92,362.8,7.175,22.302286,27
1436,124,5335.47,364.6,7.175,20.669262,27
1438,128,5350.36,367.0,7.175,19.03847,27
1439,130,5359.03,368.4,7.231,18.736454,27
1440,129,5365.22,371.6,7.231,10.337566,27
1441,131,5374.28,373.6,7.278,7.8858633,27
1443,135,5387.94,374.8,7.231,5.6216006,27
1445,136,5401.76,377.0,7.231,0.9916088,27
1446,136,5408.74,378.0,7.11,-2.7078357,27
1448,139,5421.07,378.0,6.998,-3.0813804,27
1449,143,5427.72,378.0,6.933,-2.7839007,27
1450,147,5434.27,377.8,6.858,-2.766462,27
1452,150,5448.71,377.4,6.746,-2.4330547,27
1454,151,5460.91,377.6,6.727,-3.4953008,27
1460,150,5500.22,376.4,6.559,-1.5418049,27
1461,150,5505.31,375.8,6.476,-0.70122766,27
1466,150,5538.93,375.2,6.336,0.3841698,27
1469,147,5557.5,375.2,6.42,3.0176384,27
1470,147,5564.25,375.4,6.42,3.678535,27
1471,146,5572.21,376.4,6.42,3.8231962,27
1477,145,5611.8,377.0,6.485,3.2856493,27
1479,145,5627.26,377.4,6.765,-0.69155145,27
1482,145,5650.49,378.8,6.951,-2.796728,27
1483,145,5657.51,379.0,6.989,-2.4103723,27
1489,146,5698.87,377.2,6.989,-0.6481401,27
1496,145,5750.32,376.8,7.054,-0.38936776,27
1505,143,5814.49,376.6,7.175,2.1795034,27
1513,143,5871.78,378.0,7.157,0.7011113,27
1514,143,5878.64,378.4,7.11,8.76877,27
1519,143,5913.67,380.2,7.063,5.540403,27
1520,143,5922.14,381.6,7.082,9.566238,27
1521,143,5927.82,382.8,7.082,13.397151,27
1523,143,5943.73,383.6,7.063,13.322694,27
1524,143,5949.38,383.8,7.063,20.783827,27
1527,142,5970.2,384.8,7.073,21.129652,27
1529,142,5986.27,387.0,7.091,14.949642,27
1530,141,5992.35,391.4,7.203,6.3639154,27
1531,140,5999.67,393.0,7.073,4.6901946,27
1532,140,6006.88,395.4,7.073,1.5312908,27
1533,140,6014.23,396.8,7.073,-0.68757075,27
1536,141,6035.94,397.8,7.259,-2.7658343,27
1540,140,6064.88,396.8,7.231,-5.6369815,27
1541,140,6071.86,396.4,7.213,-11.67331,27
1542,141,6078.77,396.0,7.213,-11.959585,27
1543,141,6085.86,395.8,7.194,-13.032592,27
1545,141,6099.71,394.2,7.063,-12.604401,27
1546,141,6106.85,393.2,7.063,-12.884758,27
1548,140,6121.49,391.4,7.063,-11.288266,27
1550,140,6135.57,389.8,7.045,-11.829788,27
1552,139,6149.38,388.4,7.045,-13.515069,27
1554,138,6163.43,386.2,7.054,-12.831714,27
1555,138,6170.34,385.0,7.063,-13.460454,27
1556,138,6177.57,384.4,7.063,-13.990113,27
1557,138,6184.91,383.2,7.063,-11.253701,27
1559,138,6199.29,382.0,7.063,-10.660872,27
1561,139,6213.35,379.8,7.073,-10.965899,27
1563,139,6227.46,378.0,7.119,-10.677716,27
1566,140,6248.78,376.4,7.175,-11.095853,27
1567,140,6255.89,375.2,7.138,-11.408626,27
1569,140,6269.64,373.6,7.091,-10.01359,27
1571,140,6283.52,372.0,7.091,-8.846313,27
1573,140,6297.3,370.2,7.045,-9.744236,27
1575,140,6311.88,369.0,7.045,-7.56069,27
1577,140,6326.23,368.0,7.073,-7.7329936,27
1578,140,6333.44,367.0,7.073,-8.17076,27
1580,139,6347.34,365.4,7.073,-4.6487646,27
1583,137,6368.99,364.0,7.091,-3.1512492,27
1584,137,6377.83,363.6,7.101,-5.0952544,27
1587,137,6398.21,362.8,7.175,-4.1171665,27
1589,137,6413.14,362.4,7.269,-4.9455295,27
1591,137,6427.93,361.6,7.353,-6.397187,27
1594,137,6450.78,360.6,7.474,-7.0588436,27
1595,138,6458.68,359.8,7.558,-10.372073,27
1596,138,6466.35,359.4,7.558,-8.540054,27
1598,138,6481.83,358.2,7.577,-7.6353393,27
1600,138,6497.35,356.8,7.586,-6.9334674,27
1601,138,6504.92,355.6,7.586,-6.633286,27
1604,137,6526.74,354.2,7.586,1.7432187,27
1605,137,6533.89,353.6,7.577,3.4187768,27
1607,136,6548.75,353.2,7.371,4.667602,27
1612,135,6585.36,352.2,7.166,10.035032,27
1615,135,6604.7,355.6,6.961,9.578055,27
1616,134,6611.43,357.8,6.961,5.570308,27
1617,134,6617.77,358.8,6.494,4.423461,27
1618,134,6623.87,359.6,6.018,2.1076696,27
1619,134,6629.7,360.4,5.981,0.7876314,27
1621,134,6641.92,360.8,5.412,-0.6774884,27
1623,134,6651.24,361.0,5.104,-3.142836,27
1626,134,6665.81,361.2,4.6,-6.531971,27
1628,133,6674.75,361.2,4.348,-8.762232,27
1631,132,6688.89,360.8,4.805,-10.091428,27
1633,131,6699.48,360.4,4.721,-12.956777,27
1635,131,6709.6,359.2,4.721,-12.158829,27
1637,132,6720.8,357.4,4.945,-12.166363,27
1638,130,6726.54,356.4,5.402,-13.083084,27
1639,130,6732.16,355.6,5.458,-5.911725,27
1640,129,6737.68,354.6,5.458,-4.9553146,27
1641,128,6742.9,354.2,5.458,-4.754071,27
1643,126,6751.87,353.4,4.525,-3.8012557,27
1644,123,6756.71,352.8,4.525,0.0,27
1645,124,6763.59,351.4,5.244,2.030886,27
1646,123,6768.62,350.8,5.804,3.2250369,27
1647,123,6775.44,349.8,6.429,5.2768,27
1650,125,6800.46,349.2,8.556,7.190538,27
1653,126,6825.57,351.2,7.8,4.886221,27
1655,127,6841.07,352.8,7.8,2.0201075,27
1656,127,6848.42,354.6,7.8,-1.3371646,27
1659,130,6870.03,354.8,6.895,-1.9005886,27
1661,131,6884.99,354.6,7.427,-1.2916678,27
1663,130,6901.05,354.0,7.427,0.0,27
1667,129,6932.14,353.8,7.511,0.38623595,27
1670,129,6953.03,353.8,6.821,2.7501009,27
1672,129,6966.35,354.0,6.513,3.851892,27
1677,131,6997.55,355.2,6.485,1.9103857,27
1679,132,7009.97,355.6,6.27,2.4530244,27
1682,135,7029.21,356.2,6.224,2.072346,27
1683,136,7035.48,356.4,6.214,2.4163964,27
1684,136,7041.32,356.6,6.121,2.3190732,27
1685,137,7047.02,357.0,6.121,1.1000335,27
1692,139,7087.35,357.4,5.85,0.5967258,27
1697,141,7114.29,357.8,4.628,2.6907558,27
1698,142,7117.91,357.8,4.413,1.730331,27
1700,143,7127.76,358.2,4.936,1.1067002,27
1702,143,7139.48,358.2,5.235,0.35591918,27
1704,142,7149.56,359.2,5.235,-3.095729,27
1708,145,7172.17,359.2,5.328,-6.6680884,27
1710,149,7184.07,358.8,5.412,-7.4064612,27
1711,150,7191.28,358.4,5.533,-7.805207,27
1712,151,7197.59,357.6,5.589,-6.782698,27
1714,152,7209.57,356.4,5.589,-5.5597596,27
1717,152,7228.91,355.2,5.701,-4.058897,27
1719,152,7240.62,354.6,5.86,-6.798161,28
1720,151,7247.36,354.0,5.916,-7.8770504,28
1721,151,7255.26,353.8,6.065,-8.497785,28
1723,151,7268.87,353.2,6.065,-7.6323285,28
1724,151,7274.35,352.8,6.093,-8.995351,28
1726,151,7287.83,351.8,6.252,-7.976797,28
1728,151,7301.63,350.6,6.55,1.7258536,28
1730,150,7318.29,349.2,6.662,3.7978032,28
1731,151,7324.51,348.4,6.681,6.097278,28
1732,151,7333.94,347.8,6.849,7.84275,28
1738,150,7380.83,349.8,7.483,6.930398,28
1739,150,7388.94,352.2,7.511,1.2345318,28
1740,149,7395.47,353.6,7.558,-1.0586214,28
1746,146,7445.78,354.2,8.22,-2.391547,28
1752,143,7495.12,353.0,8.304,-2.0403564,28
1753,141,7504.78,352.2,8.22,2.08789,28
1754,139,7512.75,351.8,8.211,2.1534865,28
1755,137,7520.77,351.4,8.08,0.91410244,28
1757,136,7536.85,351.2,8.034,1.2583768,28
1759,137,7552.74,352.0,8.015,0.31535482,28
1760,137,7560.64,353.4,8.006,-1.5369762,28
1765,139,7600.44,353.0,7.922,-1.1397845,28
1769,138,7631.03,352.2,7.716,-4.7090054,27
1771,138,7645.22,352.2,7.688,-2.2500246,28
1773,139,7660.03,350.4,7.595,0.3510795,28
1779,141,7702.2,349.4,7.157,4.5765777,27
1784,142,7734.54,350.6,6.746,12.776894,27
1786,144,7748.72,352.8,6.587,19.740944,27
1787,146,7753.9,355.4,6.578,20.663578,27
1788,147,7761.51,357.2,6.578,19.346226,27
1790,149,7772.3,358.2,6.326,23.728338,27
1791,151,7778.34,360.0,6.28,24.57109,27
1793,152,7790.27,361.6,6.102,18.001396,27
1794,152,7796.04,363.8,6.018,17.885275,27
1796,153,7807.74,365.4,5.99,17.72634,27
1797,154,7814.79,367.6,5.99,17.541143,27
1798,154,7820.56,370.8,5.953,18.354994,27
1799,155,7825.42,372.2,5.953,17.765692,27
1802,155,7844.11,373.0,5.953,17.877464,27
1805,156,7859.18,373.4,5.822,30.0,27
1808,157,7875.74,376.6,5.589,27.986946,27
1809,157,7881.89,382.0,5.57,21.018225,27
1810,158,7887.1,385.4,5.57,17.311123,27
1811,158,7891.18,388.2,5.57,13.731882,27
1812,159,7896.49,392.4,5.505,4.0015645,27
1817,159,7923.57,393.4,5.505,2.6827283,27
1820,160,7939.77,394.6,5.458,-5.368829,27
1823,163,7956.13,395.4,5.402,-6.9440017,27
1825,164,7967.53,395.0,5.44,-7.4009304,27
1827,164,7979.35,393.0,5.486,-5.105815,27
1831,163,8005.93,391.6,6.354,-7.539767,27
1833,164,8018.35,390.8,6.923,-10.922901,27
1834,163,8027.5,390.4,7.241,-12.443926,27
1835,163,8035.29,388.6,7.241,-11.524586,27
1836,162,8042.38,387.4,7.213,-11.314463,27
1837,161,8048.52,385.6,6.336,-9.6676035,27
1838,160,8052.27,385.2,5.477,-10.618363,27
1841,158,8062.89,384.8,3.2,-10.598578,27
1843,155,8070.19,384.6,3.872,-12.391854,27
1845,153,8079.71,384.0,4.143,-12.928961,27
1847,151,8088.46,382.6,4.143,-13.737685,27
1849,151,8098.12,381.4,4.143,-13.50156,27
1851,150,8107.24,380.2,4.46,-12.660466,27
1853,150,8116.1,379.0,4.488,-12.6721325,27
1855,150,8124.19,378.0,4.488,-10.613392,27
1856,150,8128.2,377.0,4.488,-11.519837,28
1858,151,8136.46,376.0,4.217,-11.862047,28
1859,151,8140.35,374.8,3.695,-10.914141,28
1860,150,8145.56,374.4,5.412,-10.918085,28
1862,149,8153.47,373.4,3.975,-9.003199,28
1863,148,8157.7,373.2,3.975,-10.221576,28
1866,147,8170.79,372.6,3.975,-9.872489,28
1867,146,8176.36,372.2,4.04,-9.1011505,28
1868,146,8180.32,371.0,4.18,-6.5878,28
1870,146,8191.6,369.8,4.983,-0.74132395,28
1872,146,8203.5,368.8,5.673,3.5568895,28
1873,146,8208.46,368.2,6.037,17.456469,28
1875,144,8221.4,367.6,6.28,20.388378,28
1876,143,8228.0,367.6,6.28,30.0,28
1877,142,8234.31,367.6,6.037,30.0,28
1879,140,8247.97,369.4,6.037,24.37811,28
1880,139,8252.92,370.8,6.037,20.043438,28
1881,139,8258.47,374.4,6.037,15.923258,28
1882,138,8264.46,377.8,5.356,11.520215,28
1883,138,8268.11,380.6,4.843,7.410145,28
1884,138,8272.16,383.8,4.684,2.426887,28
1885,138,8277.43,385.2,4.609,0.32373378,28
1886,138,8281.18,385.2,4.367,0.35450283,28
1888,138,8294.78,385.2,5.207,0.3791447,28
1891,137,8315.27,384.2,6.214,7.479885,28
1894,136,8333.89,384.4,5.897,24.137794,28
1896,136,8345.66,385.4,6.196,22.595488,28
1897,136,8352.17,388.0,6.214,11.092213,28
1898,135,8359.68,390.4,6.214,9.403232,28
1899,135,8365.99,391.4,6.289,9.106928,28
1901,135,8377.72,396.6,6.373,3.7212574,28
1903,134,8393.25,397.8,7.325,2.6928623,28
1911,136,8452.1,398.8,7.511,1.699719,28
1912,136,8461.23,399.8,7.511,-2.2017164,28
1921,134,8525.03,398.8,7.343,-0.94292367,28
1922,134,8532.35,398.2,7.315,-1.822966,28
1923,133,8539.75,397.4,7.259,-1.0957537,28
1926,133,8562.25,397.2,7.353,-0.95412374,28
1934,132,8623.84,396.8,7.651,-0.6506645,28
1941,132,8677.72,396.4,7.633,-1.4890934,28
1942,132,8685.24,395.6,7.605,-6.1969266,28
1944,132,8699.95,394.2,7.595,-3.7221282,28
1948,132,8729.47,393.0,7.427,-5.0386066,28
1950,132,8744.5,392.4,7.418,-8.999396,28
1951,132,8751.64,392.0,7.418,-10.352435,28
1953,132,8766.25,390.4,7.25,-9.363758,28
1955,133,8780.68,389.2,7.306,-8.488979,28
1957,134,8794.82,387.8,7.278,-2.1086607,28
1958,134,8801.66,386.8,7.194,-0.9704262,28
1960,134,8815.84,385.4,7.157,1.4535562,28
1961,134,8822.75,384.4,7.147,3.9083967,28
1966,134,8856.71,384.4,6.793,4.3226094,28
1971,135,8887.74,386.2,6.597,4.7766256,28
1973,136,8902.15,387.2,6.476,4.2116957,28
1974,137,8907.16,387.6,6.476,5.070085,27
1979,140,8940.06,388.6,6.476,5.305681,27
1981,144,8953.57,389.4,6.513,24.688112,27
1982,144,8960.07,390.2,6.476,29.592413,27
1983,145,8966.34,391.4,6.476,30.0,27
1985,147,8980.27,395.0,6.476,30.0,27
1986,148,8985.53,398.0,6.457,30.0,27
1989,150,9005.06,400.6,6.28,26.853575,27
1990,150,9011.41,405.4,6.28,22.323845,27
1991,151,9017.63,409.0,6.242,18.417603,27
1992,151,9023.93,412.6,6.242,13.539818,27
1993,151,9030.37,415.4,6.242,9.868976,27
1996,151,9049.73,416.6,6.233,8.83187,27
1999,151,9067.9,417.8,6.158,19.36316,27
2002,150,9084.89,419.4,6.093,20.75201,27
2003,150,9090.96,421.4,6.093,18.589645,27
2004,151,9097.35,422.6,6.056,19.425478,27
2005,152,9103.61,426.0,6.093,15.171948,27
2006,154,9110.01,428.2,6.093,12.386672,27
2008,158,9123.0,429.4,6.102,12.136469,27
2011,159,9141.06,430.8,6.112,9.519299,27
2012,158,9148.76,431.8,6.13,10.475891,27
2013,159,9153.78,433.8,6.177,8.695426,27
2015,158,9166.13,434.4,6.252,8.421633,27
2023,157,9215.65,436.2,6.149,9.00894,27
2024,157,9221.86,439.6,6.149,23.248344,27
2025,157,9228.2,441.2,6.149,22.89448,27
2026,157,9234.52,442.4,6.149,24.118711,27
2028,157,9246.75,443.6,6.158,20.238878,27
2029,157,9253.14,446.4,6.158,12.534355,27
2031,157,9265.48,450.4,6.158,7.113874,27
2032,157,9272.63,452.2,6.149,1.0425481,27
2033,157,9277.18,452.8,6.149,0.0,27
2034,157,9283.07,453.4,6.046,-7.945552,27
2036,157,9295.81,455.6,6.009,-13.869409,27
2039,157,9312.31,456.0,5.832,-15.532714,27
2041,158,9323.07,454.6,5.71,-19.51675,27
2042,158,9330.14,452.8,5.71,-19.320805,27
2043,158,9335.04,449.2,5.71,-15.162177,27
2045,157,9347.39,448.4,5.71,-16.180918,27
2046,157,9353.5,448.0,5.785,-23.029123,27
2048,158,9366.64,445.4,5.832,-23.716433,27
2049,158,9371.51,444.0,5.832,-25.060295,27
2051,158,9384.36,442.2,5.832,-24.460844,27
2052,158,9388.32,441.0,5.123,-25.574417,27
2053,156,9392.68,439.8,4.759,-25.20742,27
2055,157,9400.49,437.2,3.49,-25.153751,27
2056,156,9402.79,435.8,2.976,-26.262396,27
2057,156,9406.74,434.8,2.976,-16.567772,27
2059,156,9414.56,432.8,4.245,-13.91877,27
2060,155,9419.35,431.6,4.245,-4.2158766,27
2061,156,9424.75,430.8,4.927,-3.3755164,27
2062,157,9431.08,429.2,5.72,-1.2169793,27
2063,158,9439.06,428.0,6.438,0.6738735,27
2065,157,9450.81,427.0,6.354,2.723542,27
2066,158,9457.21,422.6,6.354,18.171679,27
2071,158,9490.68,425.8,6.476,17.094553,27
2072,157,9498.33,428.4,6.476,30.0,27
2073,156,9503.79,430.0,6.466,28.129286,27
2074,155,9509.8,432.2,6.466,27.048996,27
2075,155,9516.89,434.8,6.476,25.414316,27
2076,154,9521.75,436.4,6.485,25.73027,27
2077,153,9528.23,440.4,6.494,19.081268,27
2078,153,9536.18,443.4,6.503,16.46448,27
2080,152,9547.73,444.6,6.503,16.832634,27
2083,152,9567.53,448.2,6.503,14.209972,27
2084,151,9575.33,449.4,6.503,16.682423,27
2085,150,9580.63,450.6,6.503,16.899935,27
2086,149,9587.4,452.0,6.559,13.919241,27
2087,149,9594.25,453.2,6.606,14.98996,27
2088,149,9601.33,454.8,6.606,12.899065,27
2089,149,9608.21,455.8,6.709,12.727154,27
2090,149,9616.29,457.2,6.755,12.081419,27
2092,148,9628.69,458.6,6.774,11.307805,27
2093,147,9636.78,459.6,6.774,10.991418,27
2094,147,9643.53,459.8,6.783,12.346183,27
2096,146,9657.96,461.6,6.849,8.639085,27
2098,145,9671.22,463.0,6.998,7.4309616,27
2100,145,9687.11,464.8,7.119,5.8905687,27
2102,145,9701.57,466.0,7.185,6.403533,27
2104,145,9714.62,466.6,7.25,7.4617352,27
2106,145,9729.13,467.2,7.213,8.436229,27
2108,145,9743.5,468.2,7.147,9.846445,27
2110,143,9758.04,469.6,7.213,3.7399728,27
2112,142,9774.11,470.8,7.203,2.8801825,27
2113,142,9780.07,472.2,7.203,1.3253412,27
2120,143,9834.57,473.2,7.474,-0.36777863,27
2122,143,9847.63,473.0,7.474,-3.8823092,27
2127,140,9883.34,471.8,7.353,-5.1757298,27
2129,139,9896.47,471.0,7.035,-9.80579,27
2130,138,9901.7,470.6,6.905,-2.695834,27
2132,138,9915.84,469.0,6.905,-0.58016855,27
2134,138,9929.56,468.2,6.849,0.72833145,27
2135,138,9936.4,467.2,6.849,2.3303018,27
2136,138,9944.6,465.8,6.849,5.2475977,27
2140,138,9970.84,467.0,6.923,-0.6824482,27
2143,138,9989.94,468.6,6.867,-14.646927,27
2145,137,10003.24,468.6,6.877,-14.775848,27
2147,137,10016.69,466.6,6.858,-10.049316,27
2148,137,10022.96,462.2,6.541,-3.4038982,27
2151,137,10042.81,461.0,6.336,-1.5234874,27
2152,137,10048.12,460.8,6.494,3.3661067,27
2154,141,10063.11,460.6,6.541,3.9441504,27
2156,144,10075.44,460.6,6.541,5.0996156,27
2161,146,10114.22,460.2,7.129,8.984155,27
2163,147,10129.15,463.2,7.213,6.2993374,27
2164,148,10136.8,465.0,7.269,4.626377,27
2167,148,10157.76,466.0,7.409,1.9960808,27
2170,150,10181.12,467.2,7.446,-0.22435182,27
2171,150,10187.03,467.4,7.465,-0.6072626,27
2179,146,10247.1,467.0,7.371,0.0,27
2181,143,10261.88,467.0,7.25,-5.5195823,27
2184,141,10279.45,467.4,5.505,-14.27945,27
2185,140,10283.2,467.4,4.133,-13.905892,27
2188,140,10294.21,465.2,4.208,-5.997109,27
2189,140,10298.0,464.4,4.833,-5.7521434,27
2190,139,10304.09,464.2,4.927,-5.782569,27
2192,139,10315.23,461.4,6.382,2.6532109,27
2193,139,10323.11,459.8,6.429,6.4865794,27
2194,139,10329.9,459.8,6.597,7.426683,27
2197,142,10349.9,460.4,6.429,7.0044866,27
2198,143,10356.86,461.2,6.597,4.085736,27
2199,144,10363.97,462.8,6.643,1.7635655,27
2201,145,10377.11,463.2,6.765,-1.1088847,27
2203,144,10392.86,463.8,6.979,-2.0759761,27
2206,144,10413.69,464.8,7.045,-4.2449594,27
2212,142,10454.31,463.8,6.989,-4.930481,27
2215,143,10474.73,462.2,6.923,-15.360712,27
2217,143,10486.9,460.8,6.858,-20.194729,27
2218,144,10495.11,457.8,6.849,-18.24062,27
2219,145,10500.74,456.4,6.849,-20.479418,27
2220,146,10509.13,455.0,6.858,-19.964792,27
2221,146,10516.12,453.8,6.877,-18.230682,27
2222,146,10523.05,452.2,6.858,-17.623484,27
2223,147,10530.24,451.0,6.858,-18.811571,27
2224,147,10537.52,449.6,6.849,-18.761509,27
2225,147,10543.11,448.6,6.83,-19.145422,27
2226,148,10551.01,446.0,6.83,-12.387205,27
2227,148,10557.57,445.0,6.849,-6.1975665,27
2229,148,10571.83,444.0,6.877,-5.3634825,27
2231,147,10585.81,442.4,6.961,-3.883391,27
2232,147,10592.88,439.2,6.961,5.979107,27
2233,147,10599.8,438.0,7.026,9.189433,27
2237,149,10628.51,439.0,7.11,8.474767,27
2238,149,10635.7,440.2,7.11,11.125208,27
2239,149,10642.81,441.0,7.101,11.126445,27
2240,149,10649.72,442.6,7.101,9.996499,27
2241,150,10656.46,443.2,6.998,10.116912,27
2242,151,10662.9,443.8,6.942,10.274432,27
2243,150,10669.43,446.4,6.942,6.5449023,27
2244,150,10676.04,448.4,6.867,4.291887,27
2250,147,10714.98,447.8,6.476,5.5132413,27
2255,146,10748.83,449.8,6.531,6.2964225,27
2257,146,10762.42,451.8,6.531,-4.8707695,27
2258,146,10769.12,453.2,6.531,-11.6476,27
2259,146,10774.48,453.2,6.625,-13.072289,27
2262,146,10795.29,452.2,6.774,-11.589313,27
2263,146,10802.27,450.6,6.774,-15.580836,27
2264,146,10810.63,449.2,6.774,-16.691984,27
2266,146,10824.36,447.8,6.774,-16.29034,27
2268,146,10838.52,446.0,6.802,-17.184942,27
2269,146,10845.44,444.8,6.877,-19.554682,27
2270,146,10852.75,442.8,6.914,-17.006273,27
2272,146,10867.31,440.8,6.942,-15.678017,27
2273,145,10874.51,438.6,6.998,-14.287016,27
2274,145,10881.82,437.4,7.073,-13.947393,27
2276,144,10894.95,436.0,7.157,-15.939875,27
2278,144,10910.32,433.8,7.166,-13.529728,27
2280,145,10924.89,431.8,7.231,-12.377233,27
2281,145,10932.21,430.4,7.353,-3.4458182,27
2283,144,10946.81,428.0,7.353,0.7879393,27
2284,144,10954.02,426.8,7.241,5.549757,27
2286,143,10968.67,425.6,7.241,8.326903,27
2288,142,10983.1,424.6,7.306,15.527126,27
2292,141,11011.88,428.4,7.231,13.515935,27
2293,141,11019.06,430.4,7.231,3.0197158,27
2294,141,11026.21,432.4,7.185,1.0846784,27
2295,141,11033.45,434.0,7.175,-0.7061411,27
2297,142,11047.48,435.2,7.166,-2.3147368,27
2298,142,11054.49,435.8,7.147,-3.7640824,27
2306,143,11111.46,435.6,7.091,-3.8756115,27
2309,143,11132.96,433.4,7.091,-4.046105,27
2310,143,11139.56,432.2,7.054,-6.2247486,27
2316,144,11180.82,430.6,6.951,-4.4773426,27
2317,144,11187.67,430.6,6.886,-3.6700673,27
2321,146,11215.67,428.8,6.877,-1.0249037,27
2322,146,11220.96,427.2,6.877,0.70397556,27
2326,144,11246.42,427.4,5.468,0.38780418,27
2327,144,11251.14,428.2,4.843,-4.9040527,27
2328,144,11255.48,428.8,4.479,-6.121063,27
2329,143,11259.1,429.0,4.217,-6.844556,27
2330,143,11262.94,429.8,4.078,-8.588913,27
2332,142,11272.13,429.8,4.124,-9.168676,27
2336,142,11295.28,427.6,5.785,-6.7577705,27
2340,142,11319.32,426.2,5.785,-10.342168,27
2342,143,11331.64,424.6,5.953,-13.142831,27
2343,143,11337.75,423.6,5.981,-11.67002,27
2344,144,11343.77,423.2,5.99,-12.211414,27
2345,144,11349.65,422.2,5.99,-11.742787,27
2347,145,11361.41,420.6,5.981,-10.089159,27
2350,145,11378.94,418.6,5.981,-10.815908,27
2353,145,11396.43,416.8,5.822,-11.404994,27
2354,145,11401.18,416.0,5.822,-11.896804,27
2355,145,11407.2,415.4,5.822,-11.764735,27
2356,145,11413.38,414.0,5.813,-10.558835,27
2358,144,11425.42,413.0,5.813,-11.324681,27
2360,144,11438.44,411.2,6.448,-6.985079,27
2362,143,11452.0,410.0,6.727,-5.0453277,28
2363,143,11458.27,409.4,6.438,-1.3397932,28
2364,143,11464.39,408.6,6.112,0.0,28
2365,142,11470.08,407.2,5.729,1.2458832,28
2367,141,11479.69,406.8,4.609,1.8762772,28
2369,140,11489.91,407.4,4.927,1.2334528,28
2370,140,11496.59,407.4,6.392,1.458986,28
2372,140,11511.69,408.4,6.112,-1.8193264,28
2377,145,11544.86,408.6,6.401,-1.5060482,28
2378,148,11551.63,408.2,6.401,-1.4672092,28
2384,151,11591.61,407.4,6.42,-0.54669803,28
2385,151,11599.45,407.4,6.42,3.4444132,28
2389,150,11624.98,407.4,6.401,3.9272065,28
2394,148,11655.69,407.0,6.102,2.8480468,28
2399,149,11688.3,409.6,6.28,-1.9738027,28
2405,152,11726.78,408.8,6.401,-5.318457,28
2406,153,11733.22,408.2,6.354,-12.263195,28
2409,154,11752.39,406.4,6.28,-9.533124,28
2411,154,11765.15,405.4,6.28,-10.243944,28
2413,155,11777.53,404.2,6.242,-8.372757,28
2415,155,11790.01,402.0,6.242,-6.1243744,28
2418,155,11809.23,401.0,6.224,-4.517139,28
2421,155,11829.76,399.6,6.261,-7.466429,28
2423,155,11843.24,398.8,6.569,-8.239256,28
2424,155,11849.77,398.6,6.569,-4.961472,28
2426,155,11862.94,397.0,6.569,2.0335479,28
2429,156,11880.89,395.6,6.587,4.5707164,28
2431,156,11895.69,394.6,6.541,9.61253,28
2436,156,11928.7,396.0,6.541,9.184967,28
2437,157,11935.16,398.6,6.541,18.180065,28
2440,157,11954.67,399.8,6.466,18.56281,28
2442,157,11967.54,401.4,6.476,18.695505,28
2443,157,11974.06,403.2,6.476,10.716906,28
2444,157,11980.53,406.0,6.476,7.447009,28
2445,157,11987.04,408.0,6.476,4.8222585,28
2446,157,11993.41,409.4,6.476,2.7129931,28
2449,155,12012.59,412.0,6.438,-0.69224447,28
2453,158,12038.71,412.2,6.382,-3.9380262,28
2455,156,12051.36,410.8,6.354,-3.1412294,28
2460,155,12083.78,411.6,6.401,-4.705358,28
2467,155,12127.9,409.4,6.41,-4.904512,28
2469,155,12140.93,408.0,6.41,-13.23726,28
2470,155,12147.28,406.6,6.41,-14.552195,28
2471,155,12153.67,405.4,6.382,-9.345342,28
2473,155,12165.73,403.8,6.345,-7.8745904,28
2475,155,12177.88,401.0,6.233,-4.608246,28
2477,155,12190.05,400.0,6.121,-5.3163686,28
2478,155,12196.12,399.8,6.046,-6.6565742,28
2483,153,12222.36,398.6,4.647,-5.1779046,28
2484,153,12226.5,398.4,4.441,-8.435605,28
2485,153,12230.04,398.0,4.087,-8.363071,28
2487,153,12239.01,397.2,4.675,-7.5268173,28
2489,153,12249.96,396.6,5.57,-2.943207,28
2491,152,12262.0,395.8,5.869,-2.1932335,28
2492,152,12268.07,394.8,5.869,-0.77337444,28
2495,152,12286.06,393.4,5.785,2.1118307,28
2500,153,12313.73,393.0,5.682,4.5181036,28
2504,152,12334.19,394.4,5.393,6.0314546,28
2505,152,12339.08,394.8,5.309,9.03928,28
2507,152,12348.36,395.4,5.141,9.26039,28
2508,152,12352.81,395.6,5.067,12.406095,28
2512,151,12369.95,397.0,4.497,10.806781,28
2515,152,12381.22,397.8,4.208,17.25892,28
2516,152,12385.05,398.0,4.161,21.3737,28
2519,154,12397.24,399.4,3.938,21.095196,28
2521,155,12404.41,400.8,3.882,29.09188,28
2523,155,12411.5,402.6,3.695,30.0,28
2525,156,12418.78,404.2,3.602,30.0,28
2526,157,12422.27,405.4,3.574,30.0,28
2528,158,12429.26,406.8,3.555,30.0,28
2529,158,12432.81,408.0,3.546,30.0,28
2530,158,12436.34,409.0,3.536,30.0,28
2531,159,12439.69,410.2,3.508,30.0,28
2532,159,12442.26,411.6,3.443,30.0,28
2533,160,12446.38,413.4,3.443,30.0,28
2534,160,12449.77,414.8,3.443,30.0,28
2535,160,12452.59,416.0,3.396,30.0,28
2536,160,12456.04,417.0,3.396,30.0,28
2537,159,12460.1,418.8,3.368,30.0,28
2538,160,12463.71,420.2,3.396,30.0,28
2539,159,12467.35,422.0,3.396,30.0,28
2540,159,12470.88,424.2,3.368,30.0,28
2541,159,12474.33,426.0,3.396,30.0,28
2542,159,12477.83,428.0,3.396,30.0,28
2543,158,12481.26,429.0,3.415,30.0,28
2545,157,12488.04,431.6,3.396,30.0,28
2546,157,12491.39,433.2,3.378,30.0,28
2547,158,12494.81,435.2,3.378,30.0,28
2548,159,12498.18,436.8,3.378,30.0,28
2549,161,12501.53,437.8,3.378,30.0,28
2550,163,12504.96,439.0,3.378,30.0,28
2551,164,12508.36,441.0,3.378,29.074394,28
2552,165,12511.95,442.8,3.378,25.100424,28
2553,165,12515.3,444.4,3.378,20.175007,28
2554,165,12518.73,445.6,3.378,12.584818,28
2555,165,12522.02,446.8,3.378,11.148484,28
2559,163,12535.4,448.0,3.378,9.484144,28
2561,163,12542.65,449.4,3.35,1.9949349,28
2563,162,12549.32,451.2,3.35,-5.417046,28
2565,162,12555.22,453.8,3.34,-10.352554,28
2566,162,12559.32,455.6,3.34,-11.333034,28
2567,162,12562.53,455.6,3.35,-12.296741,28
2570,163,12572.57,454.6,3.34,-6.9832215,28
2572,163,12579.29,452.8,3.322,-2.5206535,29
2574,162,12585.52,450.8,3.294,0.70314,29
2576,159,12591.59,450.4,3.191,1.5830915,29
2578,160,12598.0,449.8,3.107,3.5163732,29
2580,160,12603.46,448.2,3.07,7.132422,29
2582,162,12609.95,448.2,3.107,7.9832525,29
2585,164,12619.7,449.4,3.07,6.63699,29
2590,166,12636.03,450.6,3.051,4.668936,28
2591,167,12638.39,451.2,3.051,5.441159,28
2594,167,12648.24,451.6,2.967,4.9282255,28
2598,166,12660.99,451.8,2.865,4.4379888,28
2603,167,12679.64,452.8,2.818,3.998971,28
2606,166,12691.11,453.4,2.911,4.7008643,28
2610,166,12706.92,454.2,2.986,5.2351685,28
2614,166,12720.83,454.4,3.116,3.7451134,28
2620,165,12739.41,455.2,2.725,3.1994207,28
2622,165,12743.16,456.2,1.885,-0.31545362,28
2624,164,12747.46,457.0,1.334,-1.7235532,28
2625,164,12750.55,457.2,1.847,-2.2537208,28
2629,164,12766.94,457.0,1.885,-1.9917395,28
2631,164,12773.64,456.8,1.717,0.0,28
2634,164,12784.77,456.2,2.678,1.5709919,28
2639,167,12798.2,455.6,2.743,2.9801595,28
2643,169,12805.98,456.0,2.641,3.0000608,28
2648,170,12821.35,456.6,2.323,1.2899265,28
2649,170,12824.44,456.8,2.323,1.2841703,28
2650,170,12827.87,457.0,2.435,1.0148616,28
2652,170,12834.22,457.2,2.445,0.71997964,28
2657,170,12851.59,457.4,2.79,0.7414442,28
2665,169,12883.59,457.6,3.247,3.128775,28
2666,168,12888.09,457.6,3.238,5.8446383,28
2668,168,12897.51,457.8,3.163,5.9974546,28
2675,168,12921.66,459.2,2.939,1.5356271,28
2676,168,12923.87,459.8,3.004,-1.1654612,28
2680,167,12936.67,460.6,3.004,-2.0413904,28
2682,168,12947.67,460.8,2.967,-0.35019866,28
2688,170,12963.41,460.0,2.659,3.2649975,28
2690,169,12970.25,459.4,2.659,7.0244956,28
2693,166,12979.95,459.2,2.687,8.918555,28
2697,168,12992.14,459.4,2.921,10.977108,27
2700,170,13001.64,460.6,2.921,10.661557,27
2702,170,13008.29,461.8,2.921,10.173447,27
2703,170,13011.75,461.8,2.948,10.974675,27
2704,170,13014.45,462.0,2.948,11.312369,27
2707,169,13023.96,463.0,3.154,9.776124,27
2709,170,13030.94,464.0,3.154,6.4254684,27
2710,170,13034.18,465.0,3.154,5.3673606,27
2711,170,13037.13,465.4,3.154,1.6284474,27
2715,170,13050.18,466.4,3.154,0.28270432,27
2717,170,13056.73,466.8,3.116,-0.34696776,27
2719,170,13062.96,467.4,3.051,-1.5618615,27
2720,170,13065.51,467.8,3.023,-4.1744194,27
2721,170,13068.17,468.0,2.799,-4.6931634,27
2726,170,13082.96,468.4,2.855,-5.6094165,27
2733,169,13107.78,467.8,3.154,-6.6978517,27
2738,171,13125.07,466.6,2.995,-6.973314,27
2742,171,13136.7,465.2,3.163,1.3476393,27
2747,171,13153.07,464.2,2.995,4.749689,27
2750,170,13162.28,463.0,3.116,12.963674,27
2752,170,13169.26,462.8,3.2,16.032492,27
2757,171,13184.64,464.6,3.154,13.818066,27
2759,170,13191.56,466.0,3.154,9.193783,27
2760,170,13194.92,466.8,3.228,4.3279853,27
2761,170,13198.26,467.6,3.172,3.4024353,27
2764,169,13207.17,468.8,3.154,1.7856334,27
2766,170,13213.58,470.0,3.172,0.0,27
2769,170,13222.77,471.0,3.21,-1.9232774,27
2774,172,13239.12,472.0,3.284,-4.722846,27
2782,174,13265.52,471.0,3.219,-2.5918686,27
2786,173,13278.15,470.0,3.219,-0.3494139,27
2791,173,13293.27,469.4,3.228,0.22985812,27
2800,172,13322.85,469.6,3.247,0.0,27
2813,171,13365.15,469.8,3.266,1.8689111,27
2820,172,13387.27,469.6,3.098,6.7586756,27
2825,172,13403.07,471.0,3.098,6.8008533,27
2827,172,13408.62,471.8,3.098,7.0737495,27
2828,172,13412.39,472.4,3.107,6.7079096,27
2833,170,13427.46,473.4,3.098,5.1850023,27
2837,169,13440.34,473.8,3.107,4.425435,27
2844,169,13462.45,474.6,3.107,2.5119472,28
2846,170,13468.87,476.0,3.135,0.0,28
2847,170,13471.21,477.0,3.107,-4.578388,28
2852,170,13486.57,477.2,3.079,-5.1692066,28
2860,169,13512.34,476.4,3.154,-0.35024384,28
2861,169,13516.27,476.4,3.154,4.179346,28
2863,172,13521.43,476.0,3.06,6.574556,28
2865,174,13528.57,474.6,3.126,9.878683,28
2866,174,13531.42,474.2,3.126,12.380079,28
2869,171,13543.55,474.2,3.126,13.491173,28
2873,170,13557.67,476.2,3.21,14.923568,28
2875,172,13564.74,477.6,3.21,8.23987,28
2877,172,13573.48,478.6,3.21,7.5337915,28
2879,172,13579.49,479.8,3.144,4.902616,28
2880,172,13582.03,480.6,3.126,3.9302063,28
2881,172,13584.01,481.2,2.921,3.7036247,28
2883,172,13588.89,482.8,2.874,1.4613146,28
2885,174,13595.03,483.8,2.053,0.0,28
2886,173,13598.21,484.0,2.183,-0.34863096,28
2893,172,13619.42,483.8,2.491,0.0,28
2896,172,13630.02,482.8,2.687,2.5470004,28
2902,172,13651.86,482.6,2.967,3.4455557,28
2907,172,13668.22,483.8,2.995,3.141752,28
2911,172,13682.3,484.0,3.191,5.8620973,28
2913,175,13689.06,484.4,3.247,7.8297305,28
2917,175,13703.03,485.0,3.378,6.081418,28
2919,173,13708.52,485.4,3.368,6.9334407,28
2922,174,13719.42,486.2,3.368,7.476787,28
2926,174,13731.74,487.0,3.312,5.8919187,28
2928,174,13738.4,487.6,3.219,6.148408,28
2933,173,13754.82,488.8,3.172,4.9562855,28
2935,173,13761.94,489.0,3.172,7.4865522,28
2942,173,13784.0,490.2,3.266,6.4822016,28
2944,173,13790.9,490.8,3.284,2.9421263,28
2947,173,13801.19,491.4,3.35,0.3636877,28
2950,174,13811.16,492.6,3.406,-1.1443504,28
2952,173,13817.33,493.2,3.275,1.9161131,28
2955,173,13825.37,493.8,1.791,2.3699617,28
2957,173,13830.19,494.4,2.09,4.720683,28
2962,174,13838.6,494.2,1.791,5.7495337,28
2969,172,13846.11,492.4,0.0,12.380892,28
2971,172,13846.11,491.6,0.0,15.840764,28
3297,139,13848.21,487.0,2.538,24.949215,30
3298,140,13850.59,488.2,2.51,22.573076,30
3299,142,13853.19,489.4,2.51,16.10456,30
3300,142,13855.98,490.4,2.482,15.1529665,30
3302,142,13860.57,492.0,2.435,13.164542,30
3304,142,13865.47,493.4,2.435,11.70959,30
3306,142,13870.4,494.2,2.473,12.018214,30
3307,142,13873.18,495.0,2.473,10.867185,30
3309,144,13878.63,496.0,2.473,9.631518,30
3311,147,13884.56,496.8,2.557,9.090427,30
3313,149,13887.98,497.2,2.594,8.497282,30
3316,150,13898.66,498.2,2.697,7.0949793,30
3322,150,13915.28,499.6,2.715,8.200777,30
3323,151,13918.8,499.8,2.697,11.281142,30
3328,152,13929.33,500.6,2.65,10.528499,30
3331,152,13938.84,501.4,2.473,12.878752,30
3332,152,13940.96,501.8,2.463,13.922366,30
3335,152,13947.01,502.8,2.258,12.560275,30
3337,153,13949.94,502.8,1.222,10.455629,30
3343,153,13957.84,503.8,1.297,9.226891,30
3345,153,13958.49,504.2,1.222,8.79062,30
3349,150,13958.96,504.8,1.2126666,7.741245,30
3350,149,13958.96,505.0,1.2033334,7.0811024,30
3351,149,13964.13,505.2,1.194,6.946817,30
3353,149,13971.63,505.8,1.885,5.7746778,30
3355,149,13978.0,506.2,1.885,5.524564,30
3358,147,13986.68,507.6,1.838,2.5576594,30
3361,147,13991.56,508.8,1.801,-3.671604,30
3362,147,13993.26,509.2,1.801,-4.748784,30
3370,146,14006.28,509.2,1.297,-4.893622,30
3372,145,14010.07,509.0,1.409,-6.0839605,30
3374,145,14013.94,508.8,1.409,-5.205489,30
3375,144,14015.73,508.8,1.409,-5.530136,30
3379,141,14022.5,508.8,1.624,-5.7132816,30
3380,139,14024.03,509.0,1.624,-6.8097034,30
3382,135,14027.09,509.4,1.624,-7.7939444,30
3385,132,14032.98,509.4,2.37,-10.002077,30
3386,131,14036.01,509.0,2.566,13.656754,30
3389,131,14046.15,507.6,3.154,16.946325,30
3392,131,14055.64,506.6,2.976,22.657198,30
3393,131,14058.4,506.4,3.014,30.0,30
3398,129,14066.07,505.8,1.997,30.0,30
3400,129,14069.92,505.4,1.502,30.0,30
3404,126,14072.18,504.2,0.0,30.0,30
3405,126,14072.18,503.6,1.054,30.0,30
3407,125,14072.18,503.0,0.0,30.0,30
3409,124,14072.18,502.2,0.0,30.0,30
4095,110,14076.15,512.0,3.63,30.0,33
4097,109,14087.49,515.4,5.197,30.0,33
4098,109,14092.29,517.2,5.785,30.0,33
4099,109,14098.2,518.2,6.018,30.0,33
4100,109,14104.21,520.6,6.018,30.0,33
4101,109,14110.14,524.6,5.533,30.0,33
4102,110,14115.34,528.4,5.197,27.346424,33
4103,111,14120.27,530.4,5.197,26.177687,33
4104,112,14125.15,532.0,5.197,27.163269,33
4105,114,14130.21,534.2,5.197,28.628853,33
4106,114,14135.22,535.4,5.197,30.0,33
4108,113,14144.41,537.2,4.479,30.0,33
4109,112,14148.78,538.6,4.749,30.0,33
4110,111,14153.93,539.6,4.731,30.0,33
4111,111,14157.31,540.2,4.591,30.0,33
4113,110,14165.81,541.8,4.339,30.0,32
4114,110,14170.41,543.6,4.339,30.0,32
4115,111,14175.39,545.6,4.339,30.0,32
4116,110,14180.3,548.6,4.339,30.0,32
4117,110,14185.0,551.0,4.339,30.0,32
4118,112,14189.92,554.0,4.339,29.052696,32
4119,111,14194.49,558.8,4.339,14.84586,32
4120,110,14200.01,561.8,4.348,10.985758,32
4121,109,14204.0,564.2,4.525,7.6971474,32
4122,108,14208.96,566.0,4.581,4.755243,32
4123,108,14213.76,567.0,4.656,0.6980911,32
4125,107,14223.17,569.0,4.581,-3.0446517,32
4127,108,14231.59,570.2,4.525,-2.8418658,32
4128,109,14235.3,570.4,3.975,-3.4801695,32
4133,108,14254.7,568.6,3.984,-0.9207352,32
4134,106,14258.62,568.4,3.984,0.3290941,32
4136,104,14266.14,567.4,3.938,2.1065793,32
4138,103,14272.7,567.4,3.611,2.9913495,32
4144,104,14300.42,567.4,4.983,3.3480778,32
4147,106,14315.38,568.0,4.824,8.575813,32
4149,106,14326.57,568.6,4.927,13.325768,32
4151,107,14339.23,569.2,6.326,15.070487,32
4152,106,14346.52,569.6,7.11,15.953472,32
4153,106,14354.15,571.4,7.521,13.345092,32
4154,105,14361.69,572.6,7.577,10.018437,32
4156,103,14376.83,576.0,7.11,5.4776955,32
4157,103,14384.66,576.8,7.866,4.5962853,32
4158,102,14392.87,577.8,8.127,3.396826,32
4159,102,14401.64,578.2,8.668,2.9606638,32
4161,102,14419.83,578.8,9.069,2.5790682,32
4163,102,14437.87,579.2,8.668,7.9602346,32
4164,103,14447.0,579.6,8.911,16.10455,32
4165,103,14456.03,579.8,8.911,18.28832,32
4166,102,14464.47,580.2,8.64,18.617714,32
4168,103,14477.57,581.6,7.315,16.061895,32
4170,103,14486.96,583.8,4.824,10.311496,32
4171,103,14492.31,587.0,5.272,6.348233,32
4172,103,14498.39,588.4,5.561,4.2906,32
4173,104,14505.74,589.2,6.83,4.9970875,32
4174,105,14513.97,589.8,7.688,5.68127,32
4175,106,14522.95,591.0,8.239,4.5003467,32
4177,108,14543.57,591.0,9.667,5.262962,32
4178,109,14554.34,590.6,10.31,21.352514,32
4180,111,14576.06,592.0,10.721,24.409185,32
4182,112,14595.1,593.8,9.088,15.4327,32
4183,112,14603.34,601.6,8.379,0.39206037,32
4184,113,14611.04,605.4,7.502,-9.192474,32
4186,113,14624.85,605.8,6.867,-12.677619,32
4187,113,14632.68,605.4,6.895,-11.782778,32
4189,111,14645.73,602.6,7.157,-9.525832,32
4190,111,14653.21,601.8,7.213,-14.741841,32
4191,109,14661.0,600.8,7.213,-18.5186,32
4193,109,14677.35,599.4,7.213,-19.033804,32
4194,110,14685.17,599.2,7.707,-22.95958,32
4195,111,14693.07,597.6,7.53,-17.913729,32
4196,110,14700.04,595.6,7.595,-16.764572,32
4197,109,14708.16,593.8,7.623,-12.65038,32
4198,109,14714.68,590.6,7.642,3.463955,32
4199,108,14724.42,589.2,7.642,7.343521,32
4200,107,14730.51,588.0,7.642,18.352009,32
4202,105,14746.72,587.0,7.642,26.967892,32
4203,104,14752.15,586.6,7.222,30.0,32
4204,103,14760.13,587.2,7.334,30.0,32
4206,101,14771.92,592.4,7.231,30.0,32
4207,101,14780.03,593.4,7.222,30.0,32
4208,101,14785.26,598.2,6.42,28.12869,32
4209,100,14791.44,601.8,6.252,24.01422,32
4210,100,14797.55,606.6,5.664,12.695562,32
4211,100,14802.88,610.0,5.421,-1.5523814,32
4212,100,14808.36,612.0,5.113,-5.0759583,32
4214,100,14818.29,615.2,4.647,-11.5850725,32
4215,102,14822.82,616.4,4.451,-28.330643,32
4218,104,14836.92,616.0,4.721,-30.0,32
4219,105,14841.87,614.2,4.721,-30.0,32
4220,107,14846.74,613.0,4.721,-30.0,32
4223,109,14862.07,611.8,4.721,-30.0,32
4224,110,14867.02,609.0,4.899,-30.0,32
4225,110,14871.88,605.2,4.899,-30.0,32
4226,107,14876.75,601.2,4.983,-27.011236,32
4227,110,14881.85,598.6,4.983,-24.43934,32
4228,110,14886.79,596.0,4.983,-22.876432,32
4229,110,14891.7,593.6,4.992,-20.46888,32
4230,111,14896.76,591.2,5.001,-18.406578,32
4232,113,14906.76,589.6,5.011,-15.57137,32
4233,114,14911.96,589.0,5.011,-13.84495,31
4234,115,14917.33,587.8,5.048,-8.681491,31
4236,119,14927.65,586.8,5.048,-7.85201,31
4237,123,14932.65,586.2,5.039,-8.235917,31
4238,126,14937.66,584.4,5.039,-5.0069175,31
4239,128,14942.82,583.2,5.048,-3.2791524,31
4240,129,14948.07,581.8,5.048,-1.0818721,31
4242,130,14958.85,581.6,5.16,-0.7973561,31
4246,131,14981.07,581.8,5.318,-0.63248956,31
4248,131,14992.57,581.8,5.346,-1.5066042,31
4249,131,14998.31,581.4,5.57,-1.6763914,31
4250,131,15004.14,581.2,5.654,-1.484131,31
4253,132,15022.05,581.4,5.757,-5.8028016,31
4255,133,15034.39,581.4,5.841,-7.983472,31
4258,134,15052.45,581.0,5.888,-9.754985,31
4259,134,15059.61,580.4,5.888,-12.626358,31
4261,135,15069.37,578.2,5.888,-7.715707,31
4263,135,15080.02,577.0,5.822,-6.864449,31
4264,136,15085.59,576.8,5.822,0.39974594,31
4266,137,15097.0,576.0,5.636,4.8265452,31
4268,139,15107.9,574.4,5.402,9.069269,31
4271,140,15121.57,573.4,4.423,20.903658,31
4272,141,15125.76,573.4,4.283,28.866796,31
4273,142,15130.07,574.4,4.283,29.998709,31
4277,144,15147.83,577.0,4.404,25.667473,31
4278,145,15151.79,579.0,4.283,15.43895,31
4279,145,15155.69,580.2,4.217,14.210687,31
4280,145,15159.52,581.4,4.152,8.575414,31
4283,146,15171.35,584.2,4.012,4.4050164,31
4284,147,15175.05,586.0,3.9,0.38897845,31
4285,147,15178.94,588.8,3.9,-7.525822,31
4286,147,15182.92,590.4,3.9,-11.921761,31
4287,147,15186.81,590.6,3.9,-13.105576,31
4291,146,15202.29,588.8,3.91,-10.653205,31
4295,145,15218.55,587.4,3.975,-11.845579,31
4296,145,15222.99,586.8,4.003,-16.66217,31
4297,145,15228.16,586.2,4.05,-16.904732,31
4300,143,15239.56,584.8,4.078,-16.534657,31
4303,143,15252.86,583.2,4.264,-19.587873,31
4305,144,15262.02,581.4,4.283,-21.12374,31
4306,144,15266.16,580.4,4.479,-21.179152,31
4308,145,15276.36,578.2,4.479,-19.017994,31
4309,147,15281.62,577.2,4.628,-24.115322,31
4310,148,15286.65,576.0,4.731,-23.45107,31
4311,150,15291.62,575.0,4.787,-23.861217,31
4313,152,15301.26,573.0,4.787,-20.677444,31
4314,152,15305.78,572.0,4.787,-22.613625,31
4316,152,15315.76,570.2,4.796,-21.18053,31
4317,152,15320.56,569.0,4.843,-22.981325,31
4318,152,15325.11,567.8,4.843,-22.788921,31
4319,152,15330.07,566.6,4.843,-20.494156,31
4321,152,15340.21,564.2,4.852,-17.957876,31
4323,153,15350.37,562.2,4.983,-19.122599,31
4324,153,15355.83,560.8,5.048,-20.205667,31
4325,154,15361.29,559.6,5.104,-19.27184,31
4327,155,15372.33,557.6,5.207,-17.490105,31
4329,154,15383.35,556.0,5.365,-15.469893,31
4330,154,15389.17,554.6,5.449,-6.689665,31
4332,154,15401.09,552.8,5.505,-4.190728,31
4334,153,15413.85,550.6,5.748,0.7216843,32
4336,151,15426.77,548.4,6.121,4.000297,32
4339,149,15446.26,547.6,6.27,6.28636,32
4345,147,15483.9,550.4,6.27,4.750707,31
4347,147,15496.91,551.2,6.28,7.416254,32
4349,147,15509.31,552.8,6.214,5.668229,32
4353,147,15535.36,552.6,6.214,7.3261824,32
4357,146,15563.8,555.0,6.69,14.243852,31
4358,146,15570.84,556.6,6.867,17.02339,31
4359,146,15579.77,558.6,6.951,17.101643,31
4360,146,15585.85,560.4,7.054,16.904911,31
4361,146,15593.44,562.2,7.688,15.433404,31
4363,142,15609.5,564.2,8.192,16.689337,31
4364,142,15618.11,564.6,8.575,23.702663,31
4365,143,15626.86,565.8,8.948,23.629145,31
4366,142,15636.49,568.2,9.48,23.064331,31
4367,141,15646.25,570.0,9.741,28.77801,31
4368,140,15658.49,573.0,10.124,30.0,31
4369,140,15666.82,576.6,10.413,29.249178,31
4370,139,15677.33,578.2,10.562,27.678734,31
4371,138,15687.98,579.8,10.702,21.521244,31
4372,138,15698.62,584.8,10.702,16.459307,31
4373,139,15709.03,589.4,10.413,8.488068,31
4374,138,15719.5,591.4,10.562,10.150542,31
4376,138,15741.48,592.8,11.243,15.826678,31
4377,141,15755.32,593.6,11.243,23.937353,31
4378,140,15764.25,594.2,11.243,11.493454,31
4379,142,15775.17,597.0,11.01,9.31647,31
4380,142,15787.28,601.6,10.497,4.253373,31
4381,140,15794.69,603.4,9.471,2.0458865,31
4382,139,15803.78,606.4,9.088,-3.5287213,31
4387,137,15845.85,605.2,8.108,-4.8077826,31
4388,137,15853.64,604.6,8.062,-5.7507143,31
4389,136,15861.72,603.6,8.304,-4.804187,31
4390,135,15871.38,602.4,8.304,2.1692526,31
4391,135,15877.97,601.0,8.304,4.6568685,31
4393,137,15895.14,600.2,8.304,6.5906177,31
4395,137,15912.02,599.8,8.192,11.966981,31
4398,137,15935.75,600.8,8.435,10.60271,31
4399,135,15943.81,604.0,8.435,6.2227445,31
4400,134,15952.0,605.2,8.435,3.5076203,31
4401,132,15960.96,606.6,8.435,1.6538241,31
4402,126,15970.36,607.0,8.482,1.1696049,31
4403,123,15980.13,607.0,9.06,4.0909023,31
4404,121,15990.39,607.4,9.947,3.7582734,31
4406,118,16012.43,607.4,10.908,5.151272,31
4407,117,16024.14,607.6,11.467,3.484239,31
4408,116,16038.77,609.2,11.878,1.5933064,31
4409,116,16048.75,609.6,12.279,-0.77113944,31
4410,117,16061.53,610.4,12.41,-1.7030151,31
4412,116,16087.03,610.8,12.652,-2.475139,31
4416,117,16142.62,610.2,12.652,-2.5166974,31
4418,117,16165.84,608.8,12.662,2.8863866,31
4419,117,16179.5,608.2,12.662,4.616677,31
4423,120,16239.69,608.8,13.371,4.6537514,31
4426,119,16274.99,611.6,12.942,4.9864264,31
4427,115,16287.35,612.6,12.895,3.210172,31
4428,112,16299.58,613.8,12.559,2.1355603,31
4429,109,16311.75,614.6,12.009,1.2809007,31
4430,107,16324.06,615.4,12.009,0.0,31
4433,107,16362.1,615.4,12.615,-3.5538738,31
4434,107,16374.67,615.4,12.615,-6.757672,31
4437,109,16412.58,613.6,12.4,-9.585363,31
4438,110,16424.82,612.0,12.335,-11.19126,31
4439,110,16436.81,608.8,12.335,-8.0989065,30
4440,110,16448.76,606.0,11.785,-3.3523965,30
4441,111,16460.2,604.8,11.421,-2.0179777,30
4443,114,16484.01,605.8,12.326,-6.713667,30
4445,116,16508.33,604.0,12.046,-8.073894,30
4447,117,16531.45,603.6,11.785,-11.419432,30
4449,118,16553.45,601.0,11.449,-7.253206,30
4450,118,16564.47,598.4,11.421,-2.5219774,30
4451,119,16575.55,597.2,11.262,-1.0221766,30
4452,119,16586.74,597.2,11.281,-1.1299355,30
4454,122,16609.11,597.0,11.281,-1.0519137,30
4460,121,16681.89,597.0,12.624,-1.3737996,30
4463,119,16722.25,596.0,13.604,-1.475387,30
4465,119,16749.54,595.4,13.623,-2.2480838,30
4467,119,16775.83,595.0,13.147,-1.5140961,30
4472,118,16842.39,594.2,13.371,-0.90482605,30
4473,119,16856.57,593.6,14.117,-11.189304,30
4474,119,16871.41,592.2,14.537,-10.693565,30
4475,119,16886.34,589.6,14.677,-8.621821,30
4476,118,16901.33,588.8,15.125,-12.274059,30
4477,118,16916.36,587.0,15.237,-11.276791,30
4478,118,16931.75,585.8,15.237,-11.209176,30
4479,118,16946.68,584.4,15.237,-7.622381,30
4480,118,16961.45,581.4,14.659,-4.118266,30
4481,118,16975.27,580.2,14.257,-1.2122943,30
4483,118,17000.03,579.2,12.251,0.38331518,30
4484,117,17010.75,579.2,11.113,-3.729059,30
4486,114,17027.72,579.4,8.248,-5.9742875,30
4487,114,17034.48,579.4,7.455,-10.840906,30
4489,111,17047.33,578.6,6.42,-10.726144,30
4490,107,17053.89,578.2,6.42,-17.272367,30
4491,103,17060.99,577.2,6.858,-18.102114,30
4492,102,17068.34,576.4,7.147,-21.383785,30
4493,101,17076.0,575.8,7.418,-22.158417,30
4495,101,17090.45,574.0,7.147,-18.91335,30
4496,102,17096.79,572.6,6.858,-11.189433,30
4497,102,17102.93,571.4,6.765,-10.559823,30
4498,101,17109.95,568.6,6.317,-7.5514703,30
4499,101,17117.85,567.0,7.866,-5.9169555,30
4500,102,17125.96,564.2,7.875,-1.7765232,30
4501,102,17134.0,563.0,7.875,1.7682347,30
4506,105,17174.35,563.0,7.866,1.8748062,30
4507,105,17182.52,563.2,7.875,-0.34517524,30
4509,107,17198.05,564.0,7.875,-3.5608733,30
4510,108,17206.53,564.2,7.884,-5.028574,30
4512,112,17223.75,564.2,8.052,-7.040421,30
4513,114,17232.17,563.8,8.052,-10.348042,30
4515,117,17249.73,563.0,8.23,-9.26523,30
4516,118,17260.58,561.6,8.276,-8.809654,30
4518,119,17276.26,560.4,8.276,-9.764365,30
4520,120,17294.94,558.4,8.323,-11.17677,30
4521,121,17301.85,557.2,8.276,-12.560098,30
4522,123,17311.87,557.0,8.276,-14.919988,30
4524,127,17327.75,555.4,8.258,-13.596343,30
4526,129,17345.82,552.6,8.258,-11.419758,30
4527,130,17354.22,550.8,8.174,-11.641161,30
4528,131,17363.15,549.2,7.819,-10.770022,30
4529,132,17368.61,548.4,8.071,-11.463996,30
4530,132,17376.33,547.6,7.129,-11.142381,30
4531,132,17383.83,547.6,6.951,-14.378239,30
4533,132,17398.89,546.2,6.951,-14.93661,30
4534,133,17408.02,544.6,7.241,-16.601404,30
4536,133,17420.83,543.4,7.073,-16.341974,30
4537,133,17427.91,541.8,6.634,-18.250568,30
4538,134,17434.83,540.2,6.793,-19.06638,30
4539,134,17442.22,538.6,6.737,-19.554016,30
4540,134,17450.52,537.2,6.681,-23.509655,30
4541,134,17456.18,536.0,5.916,-23.265615,30
4543,134,17470.61,533.8,6.009,-9.90764,30
4544,134,17476.62,533.2,5.962,-11.264746,30
4545,134,17482.39,531.6,5.916,-9.592294,30
4546,134,17489.88,529.8,5.916,-1.9926858,30
4547,134,17494.96,527.8,5.916,1.5188061,30
4548,134,17501.45,524.8,5.916,7.207795,30
4552,136,17530.67,524.2,6.074,3.1191978,30
4554,137,17542.55,526.4,6.14,0.74114245,30
4555,138,17550.28,528.6,6.14,-2.8149586,30
4560,138,17584.87,528.8,7.996,-3.311979,30
4566,140,17635.09,526.8,8.519,-1.5936096,30
4567,141,17644.14,526.0,8.304,2.3465347,30
4569,145,17661.64,526.0,8.454,2.7111278,30
4571,149,17680.75,526.6,8.538,-3.1827302,30
4574,152,17703.32,527.6,7.81,-6.3931866,30
4575,152,17711.1,527.6,7.838,-15.817962,30
4578,153,17730.77,525.6,5.505,-13.519745,30
4579,152,17735.44,524.4,5.253,-14.786872,30
4581,152,17743.34,522.8,3.91,-7.8307405,30
4582,152,17747.55,521.8,4.059,-7.1366963,30
4583,152,17752.66,521.0,4.787,1.3005604,30
4584,151,17760.02,520.4,6.009,2.2293208,30
4586,150,17773.15,518.6,6.998,5.2985806,30
4587,148,17782.12,517.2,7.278,9.390902,30
4589,145,17796.46,516.8,7.791,11.979887,30
4592,142,17824.53,518.0,9.573,15.392724,30
4593,142,17837.28,522.0,10.003,10.077372,30
4594,142,17845.33,523.4,10.003,4.169311,30
4595,141,17855.04,524.8,9.741,2.2057743,30
4596,140,17864.28,527.0,9.639,-4.00082,30
4598,139,17882.04,528.0,9.275,-6.6831017,30
4600,139,17899.75,527.8,9.032,-6.9639554,30
4602,138,17915.24,526.0,7.586,-9.344794,30
4605,136,17933.88,524.6,5.617,-9.1622095,30
4606,134,17939.71,524.2,5.617,-12.087238,30
4607,131,17946.2,523.8,6.205,-14.332391,30
4608,127,17953.31,523.0,6.979,-15.687565,30
4609,125,17962.12,521.0,7.222,-16.126019,30
4610,124,17967.74,520.8,6.979,-30.0,30
4612,122,17978.79,519.8,4.992,-30.0,30
4614,121,17986.96,519.6,3.975,-30.0,30
4616,119,17994.19,517.8,3.499,-30.0,30
4617,117,17997.26,516.0,3.219,-30.0,30
4619,116,18003.44,515.0,3.116,-30.0,30
4620,116,18005.57,513.6,2.435,-30.0,30
4621,115,18006.28,512.6,1.334,-30.0,30
4622,115,18006.28,510.6,0.0,-30.0,30
4623,115,18006.28,508.8,0.0,-30.0,30
4624,114,18006.28,504.2,0.0,-30.0,30
4628,112,18006.28,503.0,0.0,-30.0,30
4629,112,18006.28,501.8,0.0,-30.0,30
4630,111,18006.28,500.8,0.0,-28.96643,30
4631,111,18006.28,499.8,0.0,-27.109606,30
4633,111,18006.28,498.0,0.0,-23.767342,30
4634,111,18006.28,497.0,0.0,-21.910517,30
4635,111,18006.28,496.0,0.0,-20.053692,30
4637,111,18006.28,494.2,0.0,-16.711428,30
4639,113,18006.28,492.6,0.0,-13.740497,30
4641,114,18006.28,491.2,0.0,-11.140952,30
4642,114,18006.28,490.2,0.0,-9.284127,30
4644,114,18006.28,488.6,0.0,-6.3131948,30
4645,114,18006.28,487.8,0.0,-4.8277006,30
4646,114,18006.28,487.2,0.0,-3.7136507,30
4649,115,18007.64,486.0,0.0,-1.4854376,30
4651,117,18010.03,484.8,1.278,0.7629895,30
4653,116,18012.45,483.4,1.101,3.596478,30
4655,115,18016.1,482.0,1.913,11.682943,30
4658,114,18026.8,481.2,3.695,15.576686,30
4664,117,18055.22,482.6,4.899,15.111744,30
4665,117,18060.17,483.2,4.899,14.868517,30
4666,117,18065.65,485.2,5.216,13.138096,30
4667,118,18071.4,488.2,5.682,9.762684,30
4668,119,18077.24,489.8,5.682,8.08375,30
4671,120,18094.66,490.2,5.477,8.206311,29
4677,122,18133.44,492.8,6.354,8.480922,29
4678,122,18139.93,494.8,6.364,18.509642,29
4679,123,18146.69,496.2,6.438,15.406923,29
4680,123,18153.52,497.2,6.448,15.458601,29
4682,124,18167.37,498.6,6.513,14.77,29
4683,124,18174.35,500.2,6.634,13.081359,29
4684,124,18181.4,502.0,6.755,11.402434,29
4685,122,18188.7,503.4,6.755,10.461862,29
4687,118,18203.72,505.0,6.811,8.901977,29
4688,117,18211.51,506.0,7.623,8.893099,29
4690,116,18227.16,507.6,7.334,8.569485,29
4692,115,18242.71,508.0,7.623,8.296172,29
4694,116,18257.83,509.8,7.623,5.776047,29
4695,115,18265.32,510.8,7.623,5.5199137,29
4696,114,18272.91,512.2,7.623,4.3736286,29
4698,111,18287.61,512.4,7.483,3.447937,29
4701,110,18308.67,513.0,7.353,8.9592285,29
4702,109,18315.7,513.6,7.315,8.218607,29
4705,106,18336.81,514.4,7.11,7.8011193,29
4706,104,18343.52,514.6,7.082,3.8710294,29
4708,101,18356.76,518.0,7.017,-4.0249844,29
4710,102,18369.63,518.8,6.671,-10.713613,29
4713,105,18388.63,518.6,6.466,-14.113449,29
4715,105,18403.33,516.6,6.466,-14.929015,29
4716,105,18409.1,515.6,6.466,-15.665184,29
4717,104,18417.84,513.2,7.166,-13.11452,29
4718,103,18423.66,512.0,7.306,-14.177458,29
4719,102,18430.99,511.0,7.315,-13.849577,29
4722,102,18453.02,509.6,7.166,-10.301336,29
4724,103,18467.36,507.0,7.166,-11.884913,29
4725,104,18474.34,505.6,7.166,-12.412825,29
4729,103,18501.16,504.0,6.886,-14.1814165,29
4732,101,18520.51,502.4,6.662,-18.132322,29
4733,101,18526.69,499.0,6.625,-21.673014,29
4734,102,18532.45,496.6,5.962,-18.06274,29
4736,102,18542.06,495.4,4.609,-17.781322,29
4737,101,18546.2,495.0,4.059,-22.426985,29
4740,101,18556.39,494.0,3.219,-22.288742,29
4742,102,18563.38,492.4,3.527,-20.470514,29
4743,102,18566.27,491.2,3.844,-20.904203,29
4744,102,18569.66,490.6,3.527,-21.004362,29
4745,102,18573.75,489.6,3.826,-20.205196,29
4747,102,18585.23,487.4,5.44,-17.583342,29
4748,102,18591.55,486.0,5.673,-19.18131,29
4749,102,18597.17,484.8,5.766,-19.18058,29
4750,102,18603.42,482.6,5.766,-16.934093,29
4752,101,18616.69,481.2,6.578,-16.257355,29
4753,101,18623.77,480.0,6.578,-18.078419,29
4754,102,18631.28,478.6,7.353,-15.338342,29
4755,102,18639.4,477.4,7.763,-15.19719,29
4756,102,18647.79,475.6,8.118,-11.777626,29
4757,103,18656.39,474.0,8.314,-10.74164,29
4758,103,18664.77,472.6,8.314,-8.687141,29
4759,104,18673.09,471.0,7.959,-7.2159157,29
4761,104,18688.94,469.8,7.884,-5.996259,29
4763,107,18705.41,468.6,7.959,-5.27568,29
4765,108,18723.08,467.8,8.211,-2.209527,29
4766,113,18731.83,466.8,8.314,-1.2522475,29
4768,117,18749.82,464.8,8.379,2.1707656,29
4772,117,18787.11,465.4,9.331,2.8303208,29
4774,118,18806.29,466.0,8.985,2.0945547,29
4778,114,18844.17,467.0,9.312,-1.0173934,29
4780,111,18865.46,467.2,10.096,-2.2999728,29
4783,109,18896.56,466.4,9.956,-6.964835,29
4784,109,18907.19,466.0,10.096,-6.955146,29
4786,110,18928.63,464.6,10.357,-5.920189,29
4787,110,18939.47,462.0,10.376,0.74830514,29
4790,113,18971.46,461.2,10.534,2.7969701,29
4791,115,18982.06,460.8,10.59,5.194907,29
4795,117,19025.11,462.4,10.712,4.4628396,29
4796,117,19035.91,463.6,10.74,4.069081,29
4798,116,19057.47,464.8,10.796,2.1348605,29
4800,113,19079.32,465.6,10.805,0.53382766,29
4802,112,19101.26,465.8,10.833,0.44120353,29
4808,113,19169.95,466.2,11.383,0.0,29
4809,113,19181.73,466.2,11.411,-5.5842423,29
4813,111,19227.06,464.6,11.411,-2.7341168,29
4815,113,19247.59,463.0,10.674,1.42455,29
4819,113,19283.35,462.8,8.482,2.3812187,29
4821,111,19298.2,463.8,7.511,-14.709104,29
4822,111,19304.09,464.0,6.541,-16.811497,29
4823,110,19308.67,464.0,5.141,-14.888769,29
4825,110,19318.13,463.0,5.029,-14.474265,29
4826,109,19323.47,461.2,5.272,-13.788981,29
4827,108,19329.64,459.8,5.888,-12.493048,29
4828,108,19337.27,458.4,6.699,-9.987412,29
4830,108,19353.6,455.8,8.118,-6.486192,29
4833,109,19376.16,454.6,7.315,-8.064969,29
4835,110,19389.85,453.2,6.914,-8.90806,29
4836,109,19396.85,452.4,6.914,-9.4919405,29
4838,109,19410.6,451.8,7.091,-4.10958,29
4840,110,19424.62,450.0,6.998,-2.020246,29
4842,113,19439.18,448.6,6.998,2.244524,29
4843,114,19446.57,447.6,6.998,4.0170217,29
4846,113,19470.19,447.0,7.735,5.3694806,29
4851,110,19513.55,448.8,8.855,8.734447,29
4852,110,19522.62,450.6,8.855,11.06873,29
4853,110,19531.83,453.4,8.78,7.498307,29
4856,110,19557.66,455.0,8.78,6.183423,29
4858,110,19573.29,455.8,8.78,5.985311,29
4859,109,19581.55,457.2,8.752,4.886554,29
4860,108,19589.83,458.0,8.426,4.6386127,29
4861,108,19598.15,458.6,8.332,4.270235,29
4863,107,19614.52,459.0,8.248,2.870948,29
4865,107,19630.7,459.2,8.146,1.5193405,29
4867,107,19646.19,460.0,8.043,-0.4892349,29
4869,107,19660.92,461.0,7.231,-2.1122396,29
4872,109,19680.52,460.8,6.28,-2.327045,29
4878,108,19712.64,460.2,4.759,-16.055468,29
4879,108,19717.48,459.6,4.74,-30.0,29
4880,107,19722.11,457.6,5.151,-30.0,29
4881,106,19726.46,455.8,4.367,-30.0,30
4882,106,19731.62,453.6,4.759,-30.0,30
4883,105,19735.41,452.0,4.74,-29.835987,29
4884,104,19739.98,450.0,4.6,-27.34073,30
4885,104,19744.59,448.2,4.6,-26.771381,30
4886,104,19749.34,445.8,4.6,-24.542372,30
4887,104,19754.78,444.2,4.833,-20.492332,30
4888,104,19760.38,443.0,5.505,-20.416327,30
4890,105,19771.56,440.4,5.552,-16.496883,30
4891,105,19777.37,438.8,5.664,-13.548772,30
4892,105,19783.21,437.2,5.505,-8.017913,30
4893,105,19789.07,436.6,5.542,-7.8075056,30
4894,105,19795.04,435.2,5.552,-6.2893476,30
4896,106,19806.71,433.4,5.757,-3.6646426,30
4897,105,19812.62,432.4,5.776,-4.9068966,30
4899,103,19824.84,431.8,5.897,-4.3238635,30
4903,100,19849.75,431.6,6.084,-7.0143676,30
4904,100,19856.03,431.4,6.149,-6.698223,30
4906,100,19868.15,430.6,6.214,-6.13113,30
4907,102,19874.48,429.4,6.214,-5.3237453,30
4909,105,19887.73,427.6,6.242,-2.399568,30
4910,105,19894.58,427.2,6.261,-7.06306,30
4914,107,19924.64,426.6,7.455,-6.4205275,30
4915,107,19931.85,426.4,7.035,-29.5103,30
4917,107,19944.43,425.4,6.149,-30.0,30
4919,107,19953.95,423.2,4.917,-27.463886,30
4920,107,19957.35,422.8,3.686,-23.59462,30
4921,107,19959.62,422.2,2.725,-23.963095,30
4923,107,19961.36,421.4,0.0,-23.49733,30
4924,107,19961.49,420.6,0.0,-22.781263,30
4926,107,19961.83,419.2,0.0,-20.221191,30
4928,107,19961.83,417.6,0.0,-17.341877,30
4929,107,19961.83,416.8,0.0,-15.833855,30
4930,107,19961.85,415.8,0.0,-13.948871,30
4932,107,19965.9,414.2,2.986,-11.0073395,30
4933,107,19969.64,413.4,3.49,-8.985551,30
4934,107,19973.11,412.6,3.49,-8.073873,30
4935,108,19977.04,411.6,4.096,-3.945816,30
4936,107,19982.3,410.8,4.348,-2.7090995,30
4937,107,19988.31,409.8,5.682,0.74369055,30
4938,108,19994.79,409.4,5.682,1.841951,30
4939,107,20001.44,409.2,5.748,-1.3209956,30
4941,108,20014.5,408.2,6.046,0.36967576,30
4942,107,20021.64,408.4,5.682,0.0,30
4943,106,20028.89,408.4,6.755,0.0,30
4944,107,20035.92,409.4,6.513,-3.652892,30
4945,107,20042.43,410.2,6.476,-5.659751,30
4947,107,20055.51,410.4,6.242,-5.738688,30
4950,109,20075.6,408.4,6.476,-2.1574798,30
4952,109,20088.81,408.4,6.476,-1.9680411,30
4954,108,20101.59,407.2,6.457,-0.7253566,30
4957,111,20120.44,407.0,6.429,-1.838191,30
4958,112,20126.59,407.0,6.429,-3.3714902,30
4960,116,20138.46,407.4,6.354,-4.5142603,30
4961,119,20144.0,407.4,6.27,-4.5183315,30
4965,120,20166.9,406.8,5.86,-2.5737371,30
4967,117,20179.54,405.8,5.86,-0.3925968,30
4969,114,20191.86,405.0,5.86,1.9150298,30
4970,113,20198.29,405.0,6.056,2.837172,30
4973,110,20217.84,405.4,6.177,2.543993,30
4975,108,20231.99,405.6,6.494,3.1130419,30
4980,108,20269.34,406.0,7.082,6.1453433,30
4983,107,20290.76,407.2,7.091,7.2667193,30
4986,106,20311.44,409.6,7.017,5.1077514,30
4987,106,20319.24,410.0,7.007,8.695621,30
4988,107,20324.21,410.6,6.326,8.8078785,30
4989,107,20330.58,411.2,6.326,8.572173,30
4990,107,20338.98,413.2,6.578,5.7362547,30
4992,109,20353.08,413.4,6.839,7.4976416,30
4996,112,20382.71,412.8,6.858,11.951598,30
4998,113,20394.95,416.2,6.858,10.6059265,30
4999,113,20401.89,417.6,6.858,8.851471,30
5001,113,20415.2,418.6,6.858,6.747674,30
5004,115,20435.69,420.2,6.541,3.0039062,30
5006,113,20446.91,421.8,5.916,-3.9584157,30
5008,113,20458.38,422.2,5.925,-7.798921,30
5010,113,20468.6,422.4,5.925,-11.915222,30
5011,112,20474.76,421.8,5.925,-12.882505,30
5013,112,20486.09,420.0,5.468,-9.426785,30
5014,112,20489.44,419.8,4.497,-11.089638,30
5015,112,20492.44,419.4,3.471,-9.968246,30
5016,112,20495.65,419.0,2.51,-9.777254,30
5017,112,20500.22,418.8,2.51,-5.0356402,30
5018,112,20505.64,418.0,3.518,-4.0784593,30
5019,112,20509.52,417.6,4.46,-3.737411,30
5021,114,20518.86,416.2,4.441,4.7116036,30
5022,115,20523.22,415.2,4.404,12.353783,30
5025,117,20537.67,414.4,4.563,19.448734,30
5026,118,20543.18,414.0,4.46,27.135925,30
5029,121,20559.11,414.0,5.318,26.17373,30
5030,122,20564.85,415.6,5.001,26.18916,30
5031,123,20570.83,418.8,5.141,23.403912,30
5032,124,20576.67,421.6,5.318,20.83958,30
5033,126,20582.58,424.8,5.458,12.216863,30
5034,127,20588.51,426.2,5.486,10.995802,30
5036,128,20600.56,427.8,5.757,9.134325,30
5037,128,20606.9,429.0,5.804,3.9964619,30
5040,127,20625.62,431.0,6.084,1.2536706,30
5042,126,20638.95,433.0,6.177,-4.2706,30
5047,126,20671.02,432.4,6.27,-5.426448,30
5048,126,20677.48,431.8,6.298,-7.7161045,30
5049,126,20684.1,430.8,6.336,-6.7645516,30
5050,127,20690.89,429.8,6.345,-7.876416,30
5051,127,20697.49,429.6,6.336,-8.501325,30
5056,127,20730.62,428.4,6.345,-8.484327,30
5058,128,20744.99,427.2,6.587,-3.255235,30
5059,128,20751.87,425.0,6.606,-1.0287397,30
5061,128,20765.83,423.8,6.662,0.5637511,30
5063,128,20780.13,422.4,6.681,3.1575503,30
5069,128,20822.66,423.6,6.849,3.7183535,30
5070,129,20829.81,424.2,6.905,7.0549297,30
5072,129,20844.87,425.0,6.905,10.216334,30
5076,128,20873.83,426.0,7.045,18.08534,30
5078,128,20886.53,427.8,6.961,9.96233,30
5079,127,20893.46,430.8,6.961,6.8332047,30
5080,127,20900.2,433.6,7.045,-0.3564068,30
5081,128,20907.22,436.0,6.961,-6.3804994,30
5082,128,20914.5,437.4,6.961,-9.687823,30
5086,129,20942.27,436.0,6.858,-5.320576,30
5087,129,20949.59,434.6,6.858,-5.453342,30
5089,130,20962.8,433.4,6.867,-1.7990376,30
5094,130,20997.22,432.0,6.858,0.0,30
5098,131,21027.57,431.6,6.895,-1.3996854,30
5102,134,21054.45,432.0,6.951,-5.076831,30
5104,135,21068.49,430.8,6.951,-9.3958645,30
5106,136,21082.69,429.6,7.157,-7.628348,30
5107,137,21089.16,429.2,7.166,-9.380121,30
5109,137,21101.48,428.2,6.905,-9.030648,30
5111,137,21114.28,426.6,6.802,-7.2908864,30
5113,137,21128.79,425.2,7.007,-6.470983,30
5114,137,21135.93,425.0,7.054,-7.9549003,30
5116,137,21151.24,424.2,7.054,-7.543521,30
5119,137,21172.79,422.6,7.082,-7.3711123,30
5121,137,21189.06,421.4,7.11,-6.882044,30
5124,137,21203.04,420.2,7.119,-4.078046,30
5127,137,21231.18,418.8,7.119,-1.0151588,30
5130,137,21252.82,417.4,7.306,0.5684968,30
5136,137,21301.5,417.6,7.455,0.0,30
5141,137,21346.35,417.8,8.668,-0.74276525,30
5142,137,21355.33,417.6,8.762,3.4277146,30
5144,135,21371.4,417.4,7.427,4.279911,30
5145,134,21378.9,417.4,7.427,8.985643,30
5149,131,21416.21,419.2,8.547,8.9855795,30
5150,131,21422.66,420.0,7.922,18.223478,30
5151,132,21430.03,422.0,7.259,16.708035,30
5152,132,21437.78,423.8,6.681,11.375324,30
5153,132,21442.34,425.0,5.906,7.0208964,30
5154,132,21447.95,426.2,5.617,3.7028906,30
5155,131,21453.76,428.6,5.542,-1.1714329,30
5156,131,21461.13,431.4,5.617,-8.710422,30
5157,131,21465.96,431.8,5.58,-13.737179,30
5159,130,21476.56,431.8,5.617,-17.652279,30
5161,130,21486.55,431.0,5.542,-20.411396,30
5162,130,21492.09,430.2,5.048,-24.109367,30
5163,130,21496.2,428.8,4.423,-23.528257,30
5164,130,21498.85,428.2,4.068,-25.544088,30
5165,130,21501.57,428.0,3.658,-26.578074,30
5166,129,21506.0,427.8,3.658,-25.55831,30
5167,129,21508.43,426.8,3.658,-25.911425,30
5168,129,21512.86,425.8,4.04,-29.001625,30
5169,130,21516.53,424.6,4.068,-30.0,30
5171,130,21524.04,422.8,3.9,-30.0,30
5172,129,21527.84,421.6,3.9,-30.0,30
5173,129,21532.01,420.4,3.9,-30.0,30
5174,128,21537.28,419.0,3.9,-30.0,30
5176,128,21544.88,417.8,4.04,-30.0,30
5177,128,21549.55,416.2,3.9,-30.0,30
5179,127,21556.1,414.4,3.163,-30.0,30
5180,126,21558.39,413.8,2.622,-30.0,30
5181,126,21560.2,412.4,1.959,-30.0,30
5183,127,21563.06,410.8,1.53,-30.0,30
5185,124,21565.51,408.8,1.269,-30.0,30
5187,127,21568.69,407.8,1.53,-30.0,30
5189,125,21570.36,406.2,0.0,-30.0,30
5190,122,21570.68,405.6,0.0,-30.0,30
5191,119,21570.72,405.0,0.0,-29.957338,30
5193,118,21570.98,404.0,0.0,-28.428688,30
5195,122,21570.98,402.6,0.0,-26.108967,30
5196,125,21570.98,402.4,0.0,-25.74632,30
5197,126,21570.98,401.6,0.0,-24.295843,30
5198,126,21571.77,401.2,0.0,-23.570604,30
5200,127,21572.85,400.2,0.0,-22.1166,30
5203,126,21573.95,398.8,0.0,-19.927816,30
5204,125,21575.26,398.2,1.166,-19.16904,30
5205,124,21576.71,397.2,1.288,-17.737293,30
5206,124,21578.88,396.8,1.344,-17.6443,30
5208,123,21583.88,396.0,2.529,-16.880981,30
5210,121,21590.81,395.2,3.76,-16.135906,30
5211,121,21595.01,394.8,3.77,-16.98157,30
5213,120,21604.36,393.6,4.012,-16.091196,30
5214,120,21608.47,392.6,3.658,-16.119736,30
5216,119,21615.8,392.0,3.658,-16.164822,30
5217,119,21619.31,391.2,3.658,-16.947227,30
5219,118,21625.97,389.8,3.76,-14.819398,30
5221,117,21633.35,388.2,3.667,-13.582626,30
5223,117,21640.88,386.8,3.667,-12.714992,30
5225,116,21648.64,386.0,3.751,-10.700707,30
5226,116,21653.86,385.0,3.76,-10.426796,30
5229,117,21667.68,383.8,4.983,-9.204459,30
5231,117,21677.52,382.4,5.104,-6.8317733,30
5233,117,21686.62,381.2,4.983,-6.7224464,30
5237,117,21708.01,380.0,5.076,-7.117842,30
5240,117,21723.48,378.8,5.076,-11.722895,30
5241,117,21728.16,378.6,5.076,-13.97009,30
5243,116,21737.24,377.8,5.123,-14.242836,30
5245,116,21749.05,376.4,5.095,-12.834153,30
5247,115,21759.18,375.0,5.039,-13.017979,30
5250,115,21773.71,372.8,5.039,-8.764756,30
5252,117,21784.24,371.6,5.039,-10.664282,30
5255,114,21799.9,369.8,4.973,-10.617946,30
5258,113,21816.48,368.4,5.067,-10.584341,30
5259,113,21821.99,367.8,5.113,-5.9848847,30
5260,113,21828.16,367.4,5.141,-5.8936205,30
5261,113,21834.29,365.8,5.16,-3.8785832,30
5263,113,21844.76,364.8,5.169,-2.5124927,30
5266,113,21856.63,363.4,4.647,0.72233325,30
5267,113,21862.42,362.4,5.067,3.6614254,30
5272,113,21890.05,362.8,5.272,2.6190078,30
5274,113,21900.26,363.4,5.3,2.683479,30
5276,114,21911.2,363.8,5.412,1.9244882,30
5278,114,21923.78,364.4,5.477,1.171345,30
5279,114,21929.63,364.4,5.673,0.6931046,30
5281,113,21942.2,364.6,5.757,0.38483003,30
5284,114,21962.64,364.8,5.906,0.48415685,30
5287,114,21981.57,365.0,5.99,0.32049853,30
5289,114,21991.98,364.8,5.99,0.44674155,30
5295,114,22025.03,364.0,5.552,1.5174543,30
5303,115,22071.2,365.2,5.496,1.042269,30
5308,114,22101.83,365.2,5.598,5.6603556,30
5310,115,22112.77,366.0,5.701,8.462051,30
5313,114,22131.08,367.2,5.748,5.5819283,30
5315,113,22141.73,368.6,5.748,2.5573485,30
5318,113,22158.55,369.8,5.673,1.4410753,30
5320,113,22170.19,370.8,5.673,0.30056393,30
5330,113,22225.14,370.4,5.365,1.0926915,30
5337,113,22262.12,371.0,5.207,-0.9884553,30
5338,113,22267.03,371.0,5.123,-7.470037,30
5342,113,22285.85,371.4,4.385,-10.940091,30
5346,114,22301.03,370.4,3.051,-15.606531,30
5347,114,22303.74,370.0,2.781,-30.0,30
5348,114,22306.83,369.6,2.781,-30.0,30
5351,113,22315.76,368.4,2.081,-30.0,30
5353,109,22318.12,367.0,1.232,-30.0,30
5356,106,22323.76,365.8,1.819,-30.0,30
5359,105,22328.95,364.6,1.512,-28.151081,30
5362,105,22333.96,363.6,1.409,-25.461103,30
5364,105,22337.2,362.8,1.353,-26.346483,30
5365,105,22337.87,362.4,1.353,-25.367373,30
5367,103,22338.79,361.8,1.25,-24.605888,30
5368,104,22338.94,361.6,1.185,-24.514776,30
5370,103,22339.92,361.4,0.0,-24.159468,30
5373,103,22340.79,360.6,0.0,-23.1874,30
5374,102,22341.01,360.2,0.0,-22.905153,30
5377,102,22341.47,359.0,0.0,-20.715958,30
5379,101,22341.73,358.2,0.0,-19.453709,30
5380,101,22342.49,357.6,0.0,-18.523848,30
5382,101,22344.4,356.4,0.0,-16.403074,30
5384,101,22346.48,356.0,1.082,-16.27607,30
5385,101,22347.71,355.6,1.418,-16.830557,30
5386,101,22349.56,355.2,1.465,-16.447416,30
5389,101,22355.43,354.0,2.127,-14.688432,30
5391,102,22360.14,353.0,2.529,-9.829981,30
5394,102,22368.77,351.8,2.127,-8.65268,30
5398,100,22378.17,350.4,2.407,-7.442175,31
5401,100,22386.96,349.2,2.902,-5.0478716,31
5403,100,22394.92,348.8,3.76,-3.2080126,31
5405,101,22401.33,347.8,3.294,-2.2640715,31
5409,101,22422.53,346.4,6.485,-0.54733986,31
5410,101,22429.86,346.4,6.933,-0.77427113,31
5417,98,22474.43,346.6,6.485,0.5436601,31
5421,103,22503.47,346.0,7.381,2.7091637,31
5424,108,22526.09,347.0,7.399,5.846692,31
5425,109,22533.6,347.4,7.222,12.015089,30
5426,111,22539.46,347.6,7.222,14.463298,30
5427,116,22546.76,348.0,7.25,19.917109,30
5429,120,22561.83,349.4,7.399,21.571768,30
5430,122,22571.31,350.4,7.399,28.182116,30
5431,123,22579.43,352.2,7.418,27.231703,30
5432,125,22587.53,353.8,7.418,27.03646,30
5433,126,22595.79,355.4,7.567,27.190584,30
5434,127,22604.18,359.2,7.782,23.52826,30
5435,128,22610.49,361.8,7.8,16.586966,30
5436,128,22618.53,365.4,7.8,11.866895,30
5437,129,22627.95,366.4,7.8,8.581394,30
5438,129,22634.42,367.6,7.8,4.2117014,30
5439,129,22642.01,368.6,7.8,3.2294054,30
5440,129,22649.53,370.2,7.782,1.2027749,30
5442,129,22664.6,371.8,7.567,-1.3532631,30
5443,129,22672.26,371.8,7.511,-0.99104327,30
5448,128,22708.6,371.0,7.259,0.37831834,30
5450,127,22725.26,371.0,7.362,12.6533575,30
5451,127,22732.81,371.2,7.362,9.011652,30
5456,129,22768.85,373.4,7.287,6.6133924,30
5457,130,22774.64,378.6,7.334,-5.2387834,30
5460,133,22796.2,378.8,7.287,-6.15699,30
5463,135,22816.85,377.6,7.026,-2.2274477,30
5465,136,22830.13,376.2,6.979,-0.6631845,30
5466,138,22838.18,375.4,6.979,4.2789826,30
5467,139,22845.14,374.8,6.942,6.0905113,30
5472,140,22877.11,375.2,6.746,5.87145,30
5474,140,22891.0,375.8,6.662,18.5417,30
5476,140,22903.2,378.0,6.653,14.359248,30
5477,142,22909.17,378.6,6.457,10.469291,30
5478,143,22915.27,380.2,6.457,5.011101,30
5479,143,22921.42,381.8,6.27,2.9221811,30
5481,137,22932.25,385.0,6.224,-2.5167363,30
5483,132,22944.0,386.0,6.13,-6.163045,30
5485,130,22954.85,385.6,5.794,-6.970479,30
5489,129,22977.01,384.0,5.71,-4.8197217,30
5490,130,22984.35,383.6,5.608,-5.8706775,30
5492,128,22995.6,382.8,5.608,-5.2195387,30
5493,127,23001.83,382.0,5.71,-7.586322,30
5496,126,23021.4,381.8,6.233,-7.2743425,30
5499,126,23041.92,380.8,6.261,-6.797088,30
5500,127,23048.34,379.8,6.326,-5.6339827,30
5503,128,23067.97,378.0,6.42,-2.6916535,30
5505,127,23080.31,377.0,6.494,-2.4310472,30
5507,127,23095.27,376.8,6.587,-7.0567403,30
5508,128,23100.63,376.8,6.587,-5.8361897,30
5510,128,23114.45,376.6,6.587,-6.003853,30
5512,128,23125.33,376.4,6.485,-6.865192,30
5513,128,23131.48,375.6,6.448,-3.1890206,30
5518,128,23163.67,373.2,6.084,-0.9925159,30
5519,128,23169.91,372.8,6.084,-0.87760246,30
5529,128,23232.23,372.6,6.317,-0.64107627,30
5530,128,23239.43,372.2,6.317,1.621399,30
5531,128,23245.73,372.0,6.326,2.090553,30
5533,128,23258.51,371.2,6.345,3.6372645,30
5534,128,23263.18,369.6,6.345,10.33168,30
5535,127,23269.32,369.4,6.336,12.425943,30
5541,125,23306.4,372.8,6.429,7.351251,30
5542,126,23312.99,373.4,6.448,10.602642,30
5543,127,23321.07,375.2,6.457,6.1767974,30
5544,127,23326.59,376.6,6.466,4.5109453,30
5546,128,23342.0,378.2,6.55,0.95998985,30
5547,129,23348.86,378.8,7.147,0.32932347,30
5549,131,23361.13,379.4,7.996,-0.7409534,30
5551,135,23374.47,379.2,5.533,4.0746603,30
5553,136,23388.77,379.0,5.365,18.570564,30
5555,138,23402.54,378.8,5.85,23.66816,30
5558,138,23414.97,379.0,5.095,19.667557,30
5559,138,23418.51,381.4,4.292,16.281536,30
5560,137,23422.97,384.6,4.208,9.10228,30
5561,136,23427.82,386.4,3.956,4.260953,30
5562,135,23431.0,389.0,3.275,-2.6542118,30
5563,134,23433.1,390.8,2.426,-6.3844614,30
5564,133,23433.96,391.8,1.241,-8.333336,30
5565,132,23433.96,392.6,1.092,-9.886999,30
5568,129,23434.93,392.8,0.0,-10.30534,30
5569,128,23435.34,392.8,0.0,-10.383598,30
5574,128,23437.93,390.8,0.0,-6.8381715,30
5575,128,23439.54,390.8,1.437,-7.2225704,30
5576,127,23441.98,390.8,2.062,-7.4239798,30
5581,129,23457.61,390.0,2.734,-7.2043476,30
5584,129,23466.67,389.8,2.51,-10.893083,30
5585,129,23469.22,389.8,2.734,-10.956652,30
5587,128,23474.64,389.2,2.799,-10.447542,30
5589,129,23480.76,388.6,2.734,-10.3985195,30
5591,129,23490.77,387.6,4.385,-7.920205,30
5592,129,23494.85,387.0,4.432,-8.213955,30
5595,128,23508.85,386.2,4.385,-7.4189696,30
5599,126,23530.33,384.2,4.675,-7.1056614,30
5603,125,23554.16,382.8,5.113,-5.3183193,30
5605,126,23565.07,381.8,5.207,-2.307737,30
5610,126,23590.72,380.2,5.207,0.30971265,30
5615,129,23614.96,379.6,4.852,6.1074576,30
5618,133,23629.76,380.4,4.805,6.416851,30
5619,136,23633.32,380.4,4.805,13.310072,30
5621,139,23643.25,380.6,4.637,13.838514,30
5625,142,23661.52,382.8,4.768,12.8910675,30
5626,143,23668.04,383.2,4.768,29.160847,30
5627,143,23672.47,383.8,4.768,30.0,30
5629,144,23684.0,385.4,6.214,30.0,30
5630,144,23691.24,387.6,6.457,30.0,30
5631,145,23700.57,388.2,7.577,27.663242,30
5632,145,23708.42,390.2,7.577,28.637726,30
5633,146,23715.64,395.0,7.334,23.512535,30
5634,146,23722.25,399.0,6.97,15.099195,30
5635,147,23727.25,401.6,6.541,9.111516,30
5636,146,23734.48,404.2,6.457,5.1539288,30
5637,145,23740.6,405.6,6.457,0.0,30
5640,145,23758.67,406.4,6.13,-3.4977765,30
5641,144,23764.38,406.8,6.093,-8.664625,30
5642,143,23770.08,407.0,6.074,-10.315209,30
5644,139,23781.52,407.2,6.018,-10.542588,30
5645,140,23786.83,407.0,5.934,-9.887974,30
5646,140,23792.15,405.6,5.934,-6.7135277,30
5650,139,23814.05,404.6,5.626,-5.4579816,30
5651,138,23818.64,402.0,5.552,-11.043532,30
5652,138,23825.07,401.4,5.552,-11.273548,30
5654,136,23836.09,401.4,5.402,-12.659666,30
5656,135,23843.29,401.6,3.658,-16.623812,30
5658,134,23847.24,401.8,2.641,-18.215555,30
5659,134,23848.89,401.8,1.596,-19.45509,30
5660,134,23850.07,401.8,1.428,-20.050114,30
5662,133,23851.79,401.6,1.428,-20.182499,30
5663,133,23853.08,401.2,1.68,-20.03419,30
5664,133,23854.07,400.6,1.68,-19.54595,30
5666,132,23856.19,399.8,1.428,-18.4995,30
5667,131,23856.64,399.2,1.4,-16.813847,30
5669,130,23858.6,398.0,1.194,-14.961535,30
5671,130,23863.48,396.8,2.491,-13.355691,30
5672,130,23867.0,396.4,3.107,-13.84581,30
5674,130,23875.76,395.8,4.217,-12.773966,30
5675,129,23880.6,394.8,4.731,-13.0329275,30
5676,129,23885.24,394.2,4.768,-11.487925,30
5677,129,23890.12,393.2,4.805,-10.712215,30
5680,127,23905.68,391.6,4.637,-8.751187,30
5682,127,23915.32,390.2,4.768,-10.173127,30
5684,127,23926.45,389.2,4.955,-10.149273,30
5687,127,23945.0,388.2,5.43,-11.295759,30
5689,126,23949.38,386.8,5.58,-10.55269,30
5691,125,23968.63,385.6,5.757,-7.4405084,30
5694,125,23979.6,383.8,5.813,-7.718195,30
5696,125,23996.22,382.2,5.841,-6.492606,30
5698,124,24008.6,381.4,5.897,-7.495602,30
5699,124,24014.6,381.2,5.897,-7.9653463,30
5703,122,24041.31,379.4,5.906,-6.2075143,30
5705,121,24052.43,378.2,5.878,-9.746499,30
5707,121,24064.04,377.2,5.692,-9.024284,30
5708,122,24069.5,376.8,5.878,-10.30589,30
5710,122,24079.8,376.0,4.507,-6.5409837,30
5711,124,24084.77,375.8,4.507,-7.3683786,30
5712,125,24089.92,375.6,4.339,-7.678017,30
5714,126,24098.79,374.6,3.798,-7.2728605,30
5717,126,24114.45,372.6,4.861,-4.6427855,30
5721,125,24136.6,371.6,4.927,-5.8709087,30
5722,125,24142.11,371.6,4.133,-8.277985,30
5724,122,24150.28,370.8,4.348,-7.661271,30
5725,121,24155.64,370.2,4.348,-7.7044234,30
5728,120,24168.49,368.8,4.124,-6.1174474,30
5729,120,24172.26,368.4,3.116,-7.4418955,30
5730,120,24176.87,368.0,3.583,-7.257562,30
5731,120,24180.77,367.6,3.116,-5.757919,30
5734,120,24198.76,367.0,4.927,-5.0834336,30
5737,120,24217.21,366.4,4.684,-5.1857386,30
5738,120,24224.44,365.0,5.402,-4.073388,30
5740,121,24235.95,364.2,4.889,-3.0202653,30
5741,122,24241.11,364.2,4.927,-4.7640805,30
5743,124,24252.8,364.0,5.402,-3.4938643,30
5745,126,24266.87,363.6,5.524,-3.5098386,30
5746,126,24271.25,363.4,3.938,-4.3363857,30
5748,128,24277.49,362.8,3.098,-2.1437938,30
5750,129,24286.31,362.6,4.563,-2.070002,30
5754,129,24309.83,361.8,6.317,-1.2778877,30
5755,130,24317.61,361.6,6.559,-1.461151,30
5762,131,24364.56,361.2,6.681,-1.1809427,30
5765,133,24385.49,360.8,6.699,-5.0546765,30
5767,136,24397.8,360.4,6.681,-4.6782336,30
5769,136,24410.43,359.8,6.634,-4.6275444,30
5770,136,24416.2,359.6,6.028,-4.5627837,30
5774,135,24441.26,358.2,6.065,-2.7972796,30
5776,135,24454.25,357.8,6.046,-3.0319147,30
5780,132,24480.69,357.2,6.168,-2.6824572,30
5785,132,24513.99,356.4,6.457,-3.6275005,30
5786,131,24520.01,355.6,6.513,-3.5128634,30
5789,131,24535.79,354.6,6.149,-2.1210861,30
5791,132,24552.28,354.4,6.149,-2.966714,30
5792,133,24558.54,354.2,6.065,-3.5419552,30
5795,133,24576.54,353.6,5.776,-30.0,30
5797,132,24585.76,353.4,3.9,-30.0,30
5801,130,24596.61,352.8,3.294,-30.0,30
5804,130,24602.95,352.6,1.465,-30.0,30
5805,130,24603.38,352.4,0.0,-30.0,30
5809,130,24603.38,351.4,0.0,-30.0,30
5812,128,24603.38,350.6,0.0,-30.0,30
5813,128,24603.38,350.4,0.0,-30.0,30
5818,126,24603.38,349.0,0.0,-27.674196,30
5822,125,24603.38,347.8,0.0,-25.48937,30
5825,127,24603.54,347.2,0.0,-24.397015,30
5826,127,24603.92,346.8,0.0,-23.852913,30
5829,128,24604.31,345.4,0.0,-21.453493,30
5832,128,24604.31,344.6,0.0,-20.181314,30
5833,128,24604.31,344.2,0.0,-19.43387,30
5837,126,24604.31,343.2,0.0,-17.565233,30
5841,123,24604.31,342.0,0.0,-15.322846,30
5845,121,24604.31,340.8,0.0,-13.08046,30
5848,118,24604.31,339.8,0.0,-11.2118225,30
5849,117,24604.31,339.6,0.0,-10.838129,30
5852,116,24604.31,338.6,0.0,-8.969492,30
5854,115,24605.93,337.8,1.521,-7.4745483,30
5855,114,24608.01,337.4,1.53,-6.9506054,30
5856,114,24610.96,337.0,2.398,-5.1483536,30
5858,112,24616.49,336.4,2.277,-4.3931384,30
5861,111,24620.59,335.2,1.521,-2.614384,30
5866,111,24637.68,334.4,3.424,-0.33962786,30
5867,112,24641.32,334.2,3.424,0.0,31
5870,115,24647.73,334.2,1.875,0.0,31
5873,116,24657.75,334.0,3.424,0.33547884,31
5876,117,24670.27,333.8,4.152,-0.26986903,31
5878,117,24679.8,333.8,3.844,-0.32454413,31
5884,117,24707.86,334.2,4.32,-1.1523173,31
5889,119,24731.93,334.2,4.385,-2.4661489,31
5893,118,24752.34,333.6,4.675,-2.5881417,31
5895,117,24764.49,333.2,4.843,-3.860796,31
5896,117,24771.93,332.8,4.908,-3.5921185,31
5897,117,24779.49,332.4,5.029,-3.3401518,31
5899,118,24793.39,332.0,5.169,-3.7867038,31
5900,118,24798.75,332.0,5.263,-4.2841353,31
5901,119,24803.48,331.8,5.169,-4.334854,31
5903,119,24813.76,331.2,5.272,-3.7662373,31
5905,121,24825.18,331.2,5.318,-2.8209016,31
5907,121,24837.23,330.6,5.318,-2.4021957,31
5909,122,24849.26,329.8,5.533,-1.4665111,31
5911,123,24861.85,329.6,5.916,-1.1985967,31
5916,124,24891.92,329.0,6.168,-0.34098437,31
5917,124,24899.26,329.0,6.168,4.2510214,31
5919,123,24909.9,329.0,5.505,6.4076805,31
5921,123,24920.57,328.8,5.085,7.4251904,31
5922,122,24925.58,328.8,5.057,6.685689,31
5923,122,24929.85,329.0,4.908,6.917094,31
5926,122,24943.45,330.4,4.749,4.849586,31
5927,122,24948.56,331.2,5.057,3.8022747,31
5928,122,24952.35,332.0,4.945,2.6506915,31
5931,123,24966.3,332.4,3.872,1.7056313,31
5936,123,24983.48,333.0,2.799,0.0,31
5938,122,24989.88,333.0,2.995,0.34680983,31
5939,122,24990.51,333.4,2.295,-0.39895734,30
5940,122,24990.92,333.6,0.0,-1.0886225,30
5943,121,25000.21,333.6,2.771,-1.095755,30
5945,121,25009.81,333.4,4.628,-0.7304845,31
5947,122,25020.91,333.4,4.796,-0.38438785,31
5951,121,25039.98,333.0,4.525,2.4915197,31
5952,122,25045.57,333.2,4.553,3.1335182,31
5954,122,25054.87,333.0,4.553,2.9923692,31
5955,121,25061.76,333.0,4.553,3.5483038,31
5956,121,25066.49,333.2,4.525,2.1411176,30
5959,124,25085.07,334.0,4.712,0.7787962,30
5960,124,25090.93,334.6,4.917,-0.76243556,30
5963,125,25105.74,334.8,4.917,2.400054,30
5965,125,25117.71,334.8,4.917,2.9871314,30
5968,128,25137.38,334.4,5.207,2.6512642,30
5972,127,25165.77,334.2,5.328,1.3300055,30
5974,126,25177.97,336.6,5.207,1.1610992,30
5980,124,25212.54,336.0,5.374,4.261355,30
5981,124,25217.71,335.2,5.384,7.130549,30
5985,125,25239.05,337.2,5.458,4.492951,30
5986,125,25244.49,338.6,5.44,2.2566843,30
5988,125,25256.04,339.0,5.533,1.7636843,30
5992,127,25280.02,339.8,5.393,0.0,30
5996,130,25301.39,340.0,5.328,-1.3422276,30
5997,130,25307.75,340.0,5.328,-1.8768312,30
6005,133,25354.79,339.8,4.637,-1.3507991,30
6010,135,25381.8,339.0,4.637,-2.5768497,30
6012,137,25394.91,338.8,5.263,-4.4935164,30
6015,138,25417.0,338.2,6.196,-4.4759874,30
6016,138,25424.6,337.4,6.196,-2.408523,30
6021,139,25462.23,335.4,7.521,-0.23885022,30
6027,136,25508.27,335.2,7.194,-1.4896731,30
6028,136,25515.91,335.2,7.418,2.1296637,30
6031,133,25538.3,334.4,7.306,3.2403767,30
6032,133,25545.65,334.4,7.194,4.379846,30
6033,132,25553.04,334.4,7.138,4.9440346,30
6040,131,25602.32,335.6,6.821,4.966204,30
6041,131,25609.6,337.2,6.821,11.157507,30
6042,130,25614.93,338.4,6.783,10.448432,30
6044,128,25629.44,339.4,6.709,9.594809,30
6046,128,25641.06,342.0,6.662,3.1621175,30
6047,128,25647.55,343.8,6.569,0.93125623,30
6050,128,25667.01,344.4,6.429,0.0,30
6056,126,25705.56,344.4,6.084,0.0,30
6058,127,25718.3,344.4,5.972,6.391524,30
6060,130,25730.21,344.4,5.972,5.583573,30
6064,132,25753.64,345.6,5.85,4.5535865,30
6065,131,25758.89,346.8,5.505,3.2088966,30
6069,131,25783.11,347.8,5.626,1.7521744,30
6070,131,25789.55,348.0,5.692,1.9702829,30
6074,133,25815.6,348.4,5.757,0.0,30
6075,133,25820.7,348.8,5.822,-5.4478974,30
6077,132,25833.44,349.0,5.412,-6.3906183,30
6079,132,25843.44,349.0,4.824,-8.840569,30
6080,131,25848.01,348.4,4.441,-29.784248,30
6086,130,25870.68,346.8,3.247,-29.451187,30
6090,129,25880.45,345.8,2.51,-27.400274,30
6092,126,25885.33,345.4,2.37,-29.126907,30
6094,123,25887.32,344.4,0.0,-29.972748,30
6095,122,25887.32,343.2,0.0,-30.0,30
6103,124,25887.32,342.2,0.0,-30.0,30
6104,123,25887.32,342.2,0.0,-30.0,30
6109,122,25887.32,341.0,0.0,-28.2107,30
6113,121,25889.22,339.8,0.0,-25.891989,30
6115,120,25889.22,339.4,0.0,-25.983046,30
6119,120,25889.22,338.8,0.0,-24.783815,30
6124,119,25889.22,337.6,0.0,-22.385416,30
6127,116,25889.22,336.8,0.0,-20.786423,30
6128,115,25889.22,336.4,0.0,-19.986958,30
6132,115,25889.22,335.2,0.0,-17.58856,30
6136,113,25889.22,334.2,0.0,-15.589864,30
6140,111,25889.22,333.4,0.0,-13.99087,30
6142,108,25889.22,333.4,0.0,-13.99087,30
6147,107,25889.22,333.0,0.0,-13.191404,30
6152,103,25889.22,332.6,0.0,-12.391938,30
6155,101,25889.22,332.0,0.0,-11.192708,30
6161,102,25889.22,331.2,0.0,-9.593777,30
6163,103,25889.22,331.0,0.0,-9.194013,30
6168,100,25889.54,330.4,0.0,-7.994783,30
6171,98,25890.02,330.0,0.0,-6.9499116,30
6174,96,25890.02,329.4,0.0,-5.960455,30
6178,99,25890.93,329.0,0.0,-5.2592344,30
6180,102,25892.86,329.0,0.0,-5.359409,29
6185,103,25908.31,329.0,3.536,-5.5495696,29
6187,104,25916.92,329.0,3.779,-1.591782,29
6191,102,25930.0,329.0,2.463,-1.8452386,29
6196,101,25935.07,329.4,0.0,-0.49027747,29
6201,104,25935.07,329.4,0.0,-0.5222787,29
6205,107,25935.07,329.0,0.0,0.0,29
6207,110,25935.07,329.0,0.0,0.0,29
6210,112,25935.07,328.8,0.0,0.26115927,29
6215,115,25935.07,328.2,0.0,1.0445575,29
6221,115,25935.07,327.8,0.0,1.5668759,30
6226,111,25935.62,327.6,0.0,1.8279954,30
6227,110,25935.62,327.6,0.0,1.83942,30
6232,109,25939.06,326.8,1.493,2.8905458,30
6234,111,25946.91,326.4,3.387,3.575652,30
6238,112,25970.95,326.0,7.082,4.6323767,30
6244,115,26012.01,328.0,6.336,4.5120745,30
6246,116,26024.25,329.0,6.336,6.368325,30
6248,116,26035.86,330.4,6.242,3.6790113,30
6249,116,26040.55,330.6,6.14,3.7578983,30
6251,118,26051.9,331.6,5.916,2.2514205,30
6254,122,26068.6,331.8,5.71,2.1210294,30
6257,126,26084.17,332.6,5.505,5.5706716,30
6258,128,26088.98,332.6,4.805,7.708914,30
6259,132,26093.83,332.6,4.516,7.459021,30
6260,135,26098.65,332.8,4.516,8.48503,30
6263,138,26108.35,333.0,4.236,8.865578,30
6264,138,26115.05,333.0,3.518,7.4474034,30
6265,139,26118.89,333.6,3.312,7.2679954,30
6267,139,26123.44,335.4,2.342,4.82683,30
6269,139,26126.9,337.0,1.39,2.4303355,30
6270,139,26128.12,337.2,1.185,2.2251947,30
6278,136,26132.43,337.6,0.0,1.5174786,30
6284,135,26132.71,337.4,0.0,3.1387396,30
6285,132,26132.71,337.4,0.0,3.1649919,30
6287,130,26132.71,337.4,0.0,3.1649919,30
6296,128,26133.75,337.2,0.0,3.5166218,30
6300,128,26135.96,336.6,1.232,4.655469,30
6302,128,26142.7,336.6,2.976,4.839351,30
6305,126,26155.18,336.6,4.535,4.858607,30
6310,127,26180.86,338.0,4.535,3.304498,30
6312,128,26189.76,338.4,4.572,6.563579,30
6314,129,26200.4,339.2,4.591,6.217327,31
6316,132,26209.67,339.4,4.581,7.099324,31
6317,133,26214.5,339.8,4.581,9.62116,31
6319,134,26222.66,340.2,4.581,12.0728445,31
6325,136,26250.99,341.4,4.581,12.167264,31
6327,137,26261.49,343.0,4.647,17.935434,31
6329,140,26270.9,344.8,4.675,18.232866,31
6331,142,26280.28,347.0,4.647,15.337479,31
6333,145,26288.47,348.4,4.637,17.305279,31
6335,148,26298.32,350.4,4.637,14.668297,31
6337,150,26306.86,351.8,4.525,15.195964,31
6339,152,26314.22,353.0,4.432,15.68513,31
6341,153,26323.19,354.4,4.227,15.231518,31
6342,153,26327.21,355.0,4.171,15.597818,31
6343,153,26331.19,355.4,4.115,16.447556,31
6346,153,26341.74,357.2,3.807,16.461086,31
6348,153,26349.75,358.2,3.751,18.49922,31
6350,154,26356.15,359.6,3.723,18.261002,31
6353,157,26368.22,361.2,3.686,15.985657,31
6355,159,26375.97,362.6,3.686,16.034023,31
6356,159,26379.66,363.2,3.686,17.235085,31
6357,159,26382.43,364.0,3.658,15.904228,31
6359,163,26390.56,365.6,3.658,13.826116,31
6361,165,26398.05,367.2,3.62,13.049899,31
6363,166,26405.71,368.6,3.62,13.361434,31
6366,166,26417.51,369.8,3.676,13.681214,31
6369,166,26428.17,371.0,3.714,17.57371,31
6372,164,26438.9,372.2,3.714,19.882889,31
6374,165,26447.33,373.4,3.714,22.235275,31
6376,164,26455.11,374.6,3.667,23.576414,31
6378,164,26462.93,376.2,3.658,25.201008,31
6379,165,26466.57,377.6,3.63,24.316969,31
6380,164,26470.09,379.2,3.63,22.959877,31
6381,164,26473.72,380.2,3.63,20.073647,31
6383,163,26481.5,381.8,3.667,18.548851,31
6385,164,26489.43,382.8,3.807,19.586506,31
6387,163,26496.79,384.6,3.807,18.751856,31
6388,163,26501.66,385.8,3.807,19.002586,31
6389,163,26505.05,387.4,3.844,17.690443,31
6390,163,26509.13,388.4,3.891,16.669483,31
6392,162,26518.0,389.8,3.947,15.323817,31
6395,162,26529.9,391.0,3.994,15.842141,31
6397,162,26537.81,392.2,3.947,15.474324,31
6399,163,26545.99,393.8,3.975,13.521384,31
6401,163,26553.74,395.2,3.975,8.331764,31
6403,163,26562.8,396.6,3.966,7.117519,31
6405,163,26569.93,398.0,3.9,5.678578,31
6408,163,26581.67,399.2,3.9,0.0,31
6410,163,26589.76,400.2,3.9,-1.257322,31
6416,163,26615.74,400.8,3.928,-2.2378306,31
6426,163,26661.47,401.0,4.516,-3.077611,31
6437,163,26713.54,399.2,4.777,-2.3125527,31
6445,163,26751.61,398.0,4.74,-1.9428769,31
6447,162,26760.3,397.6,4.619,-4.350441,31
6448,162,26765.0,397.4,4.609,-2.3389957,31
6449,162,26767.94,397.0,4.227,-1.8167685,31
6450,162,26770.46,396.2,2.454,-0.3829661,31
6452,162,26772.84,395.8,2.445,3.3291051,31
6456,163,26786.97,394.8,3.116,5.4240355,31
6459,162,26798.1,394.6,3.648,12.682122,31
6460,162,26801.52,394.4,3.499,18.038738,31
6465,159,26819.48,395.4,3.826,17.31095,31
6466,160,26824.01,396.0,3.844,23.097244,31
6468,160,26831.06,397.6,3.891,20.881334,31
6470,160,26838.78,399.2,3.947,19.664772,31
6472,161,26847.62,401.2,3.975,15.527939,31
6474,162,26854.67,403.0,3.975,14.6674385,31
6476,162,26863.38,404.6,3.966,13.284689,31
6477,162,26866.49,405.2,3.975,14.394075,31
6478,162,26870.58,406.2,3.994,9.829577,31
6480,162,26878.67,407.8,4.012,7.8016014,31
6482,164,26886.99,409.0,3.882,6.6762123,31
6485,165,26898.15,410.2,3.882,2.7992268,31
6486,165,26901.49,410.4,3.882,2.9789102,31
6489,166,26913.43,411.4,3.882,1.4030229,31
6493,167,26929.6,412.4,3.938,-1.9133544,31
6494,167,26933.4,412.4,3.938,-5.142652,31
6501,167,26958.89,412.8,3.779,-4.4251413,31
6505,167,26976.6,412.2,4.591,-2.0264835,31
6506,167,26980.57,411.2,4.777,0.0,31
6510,166,27001.46,409.8,4.777,2.564631,31
6511,166,27008.11,409.8,5.673,2.208853,31
6513,165,27018.32,409.8,5.085,2.4656918,31
6516,164,27035.46,411.0,5.552,0.2888208,31
6517,164,27042.2,411.2,5.561,0.0,31
6518,165,27046.81,411.4,5.608,0.7691375,31
6521,164,27065.15,411.2,5.785,2.668199,31
6525,162,27087.75,411.2,5.85,8.174078,31
6526,161,27094.03,411.2,5.785,16.816223,31
6528,160,27106.52,411.8,5.86,19.46009,31
6529,160,27113.01,412.8,5.878,24.699827,31
6530,160,27121.08,414.4,6.345,29.686499,31
6531,160,27126.91,415.8,6.205,30.0,31
6532,160,27133.96,417.4,6.345,30.0,31
6533,161,27141.01,418.4,6.392,30.0,31
6534,161,27148.51,420.2,6.699,30.0,31
6535,162,27157.01,422.4,6.737,30.0,31
6536,163,27163.77,425.2,6.839,30.0,31
6537,162,27169.07,429.4,6.942,30.0,31
6538,162,27176.97,433.6,6.942,30.0,31
6539,163,27182.26,436.0,6.942,30.0,31
6540,163,27189.06,438.4,6.942,30.0,31
6541,162,27195.85,442.0,6.839,30.0,31
6542,162,27203.73,446.6,6.811,30.0,31
6543,162,27208.87,452.2,6.811,30.0,31
6544,162,27215.24,458.0,6.718,30.0,31
6545,163,27223.02,461.0,6.699,30.0,31
6546,163,27228.28,465.8,6.699,27.1478,31
6547,163,27236.02,470.6,6.597,21.079832,31
6548,162,27242.07,473.6,6.578,17.51495,31
6549,162,27246.65,475.6,6.578,15.98587,31
6550,162,27252.49,476.2,6.569,16.193853,31
6551,162,27259.8,476.6,6.457,17.302685,31
6552,161,27264.79,478.0,6.448,18.544579,31
6553,161,27272.51,479.8,6.448,16.800968,31
6555,159,27283.97,480.8,6.401,30.0,31
6558,157,27303.33,482.4,6.373,30.0,31
6560,156,27316.02,485.4,6.401,30.0,31
6561,156,27322.24,488.4,6.401,30.0,31
6562,155,27328.43,493.6,6.401,30.0,31
6563,154,27334.46,500.0,6.373,30.0,31
6564,153,27340.63,505.6,6.336,30.0,31
6565,152,27346.79,510.6,6.336,22.280884,31
6566,151,27353.55,512.8,6.336,15.414459,31
6567,150,27361.51,513.4,6.336,16.207052,31
6568,149,27366.26,514.2,6.336,17.13866,31
6569,149,27372.49,515.4,6.41,15.857614,31
6570,148,27378.63,517.6,6.41,12.444707,31
6571,148,27384.99,519.4,6.42,9.488707,31
6572,148,27392.67,521.4,6.457,6.7534113,31
6575,148,27412.6,522.2,6.541,12.678756,31
6576,148,27417.78,523.0,6.541,28.197512,31
6577,148,27423.98,523.6,6.541,28.854774,31
6579,148,27435.21,524.0,5.748,26.18718,31
6580,149,27440.99,524.8,5.748,28.68847,31
6581,149,27446.4,527.4,5.748,23.102154,31
6582,150,27451.76,529.0,6.0,22.437948,31
6583,151,27457.21,531.2,5.813,20.667408,31
6584,151,27463.67,534.4,5.748,12.131469,31
6585,152,27467.73,537.4,5.598,7.992458,31
6586,152,27473.13,539.4,5.598,2.2484486,31
6588,152,27484.1,539.6,5.486,2.1471944,31
6589,152,27489.4,539.8,5.44,2.2051773,31
6592,152,27504.87,540.4,5.393,1.3799129,31
6594,152,27516.1,542.2,5.402,-4.4912577,31
6599,153,27547.55,541.6,5.813,-4.3344574,31
6600,153,27553.4,541.2,5.972,-5.8970747,31
6604,152,27576.16,540.0,6.056,-4.1682887,31
6608,151,27597.93,539.0,5.253,-11.030146,31
6610,151,27605.97,538.2,4.208,-20.786636,31
6611,151,27610.01,537.8,4.208,-24.064621,31
6615,151,27626.81,535.0,4.208,-20.420565,31
6616,151,27629.75,533.4,4.199,-19.767466,31
6617,151,27634.17,531.8,4.18,-9.122,31
6618,150,27637.51,530.4,4.18,-7.704905,31
6619,150,27642.03,529.6,4.18,-6.887827,31
6620,150,27646.85,528.8,4.18,-6.110201,31
6621,149,27651.42,528.4,4.852,-5.985566,31
6622,148,27657.59,527.0,5.925,-3.831857,31
6623,147,27665.26,525.2,6.233,7.7200556,31
6624,146,27671.68,523.6,6.009,10.272402,31
6625,145,27676.95,522.0,6.531,11.652124,31
6629,142,27703.81,523.4,6.093,5.189616,31
6630,144,27706.41,525.0,3.732,-6.710068,31
6631,144,27708.68,527.6,3.135,-12.329027,31
6632,144,27711.94,529.2,3.658,-16.722189,31
6633,142,27716.76,529.0,3.658,-17.491896,31
6634,143,27722.18,529.0,5.496,-17.167269,31
6636,143,27733.4,528.0,5.496,-10.609969,31
6637,143,27737.89,526.4,5.496,-4.4392405,31
6638,142,27744.63,525.4,5.496,-3.071917,31
6639,141,27750.43,524.2,5.496,-1.1555945,31
6640,140,27756.08,523.0,5.505,4.7812366,31
6641,141,27762.02,521.4,5.645,8.34636,31
6642,142,27767.91,520.2,5.645,13.682333,31
6644,141,27778.95,520.2,5.682,13.608227,31
6647,140,27796.6,522.0,5.878,8.803731,31
6649,139,27809.06,523.6,6.009,3.465377,31
6650,138,27816.28,525.8,6.009,-9.987948,31
6652,138,27826.72,527.6,5.878,-15.518767,31
6655,135,27842.52,528.2,5.738,-21.764837,31
6656,135,27848.4,527.6,5.729,-22.795305,31
6657,135,27852.69,525.4,5.729,-21.249762,31
6658,135,27858.33,523.2,5.608,-18.9314,31
6659,134,27864.74,521.4,5.542,-18.094278,31
6660,134,27868.85,520.2,5.533,-20.310905,31
6661,133,27873.79,519.4,5.412,-19.06867,31
6662,133,27878.74,518.2,5.384,-18.601437,31
6664,133,27889.07,516.8,5.3,-20.43835,31
6666,133,27900.87,515.2,5.3,-20.46787,31
6667,133,27905.2,514.2,5.3,-23.41964,31
6668,133,27910.26,513.2,5.188,-23.468456,31
6669,133,27915.99,512.0,5.011,-23.4152,31
6671,134,27924.5,509.8,4.152,-21.302355,31
6672,134,27928.43,508.8,4.031,-23.880465,31
6673,134,27931.7,507.6,4.031,-23.38824,31
6674,134,27936.32,506.0,4.46,-22.325434,31
6676,134,27945.77,505.0,4.46,-22.566837,31
6677,134,27950.7,503.6,4.46,-19.348402,31
6679,133,27961.66,501.6,5.421,-17.526474,31
6680,132,27968.73,500.0,5.776,-13.832799,31
6681,130,27974.48,498.6,5.776,-13.001825,31
6682,127,27979.83,496.8,5.589,-7.5966325,31
6683,126,27985.56,495.6,5.421,-6.2864423,31
6684,125,27989.43,494.0,5.449,-4.0193567,31
6685,123,27994.73,493.0,5.449,-2.363812,31
6687,121,28007.84,492.0,6.084,-1.5550227,31
6689,118,28021.1,491.6,5.86,-1.5877193,31
6692,115,28040.36,491.8,5.85,-0.68224645,31
6693,115,28046.39,491.8,6.056,3.4578023,31
6695,113,28058.23,491.2,6.093,6.81016,31
6698,112,28079.61,490.8,6.317,6.7845573,31
6700,111,28092.42,491.4,6.14,0.73764265,31
6701,111,28098.73,493.6,5.757,-8.433321,31
6702,111,28103.66,494.8,5.281,-15.189355,31
6704,111,28113.6,495.2,4.777,-17.52902,31
6707,110,28128.22,494.6,4.824,-18.165613,31
6708,109,28133.18,493.2,4.88,-22.322315,31
6709,109,28138.45,491.8,4.88,-20.152193,31
6710,110,28143.97,490.2,4.88,-19.073301,31
6711,110,28148.45,489.2,4.88,-16.979033,31
6712,110,28153.85,487.6,4.88,-15.377798,31
6713,111,28159.99,486.4,4.88,-14.911076,31
6715,115,28169.76,485.2,4.88,-16.04821,31
6716,117,28174.85,484.4,4.973,-17.351442,31
6717,118,28179.29,483.0,4.973,-15.948276,31
6719,119,28189.79,481.8,5.02,-15.979839,31
6721,119,28200.51,480.4,4.973,-15.473607,31
6722,119,28204.85,479.6,4.497,-17.71705,31
6723,119,28209.64,478.8,4.497,-17.664778,31
6724,120,28214.83,477.6,5.141,-14.866285,31
6725,120,28220.59,476.4,5.141,-14.069132,31
6726,121,28226.39,475.6,5.141,-14.036503,31
6727,121,28232.0,474.8,5.141,-13.538571,31
6729,121,28244.0,473.4,5.402,-12.260729,31
6730,122,28249.77,472.0,5.402,-8.767446,31
6732,122,28259.15,470.8,5.402,-0.5431437,31
6734,123,28270.39,469.2,5.141,1.86621,31
6735,123,28276.23,468.6,5.402,3.3785686,31
6736,123,28282.61,467.8,5.085,12.95135,31
6738,123,28294.29,467.2,5.029,15.764743,31
6743,122,28323.55,467.6,5.085,23.627966,31
6745,121,28333.31,470.4,5.263,30.0,31
6746,122,28340.56,475.2,5.263,30.0,30
6747,122,28346.01,477.8,5.328,30.0,30
6748,122,28351.79,479.8,5.346,30.0,30
6749,122,28358.76,482.6,5.729,30.0,30
6750,123,28363.29,487.8,5.729,30.0,30
6751,124,28370.49,492.6,5.776,27.639954,30
6752,123,28377.1,497.6,5.804,11.807936,30
6753,122,28382.27,498.2,5.813,12.07914,30
6754,122,28388.84,499.6,6.503,10.739953,30
6755,121,28397.01,503.6,6.587,4.3037224,30
6756,121,28403.76,509.4,6.354,-9.415599,30
6758,120,28416.19,509.4,6.503,-12.189143,30
6761,122,28440.1,507.2,7.744,-11.752924,30
6762,122,28448.08,505.8,7.987,-15.246646,30
6763,121,28454.69,504.6,8.099,-15.122191,30
6764,121,28465.22,503.2,8.444,-14.34595,30
6765,121,28474.23,502.0,8.631,-20.460926,30
6766,121,28481.18,500.4,8.631,-20.460926,30
6767,121,28488.91,499.8,8.248,-20.460926,30
6768,120,28496.58,499.2,6.401,-20.460926,30
6770,122,28506.02,497.2,4.591,-20.460926,30
6771,121,28508.91,495.8,3.452,-20.460926,30
6772,120,28511.73,494.4,3.378,-20.460926,30
6773,120,28513.92,493.8,2.874,-20.460926,30
6774,120,28515.23,492.8,2.015,-20.460926,30
6775,121,28516.33,491.6,1.493,-20.460926,30
6777,122,28516.85,489.6,0.0,-20.460926,30
6779,122,28516.85,487.8,,-20.460926,30
6781,121,28516.85,486.0,,-20.460926,30
6783,121,28516.85,484.2,,-20.460926,30
6785,121,28516.85,482.2,,-20.460926,30
6786,121,28516.85,481.2,,-20.460926,30
6787,121,28516.85,480.2,,-20.460926,30
6788,120,28516.85,479.2,,-20.460926,30
,,,,,,
