time,cadence,heartrate,distance,altitude,velocity_smooth,grade_smooth,temp
0,0,81,1.16,2214.6,0.0,-6.739736,26
1,0,81,2.34,2214.6,0.0,-6.739736,26
7,0,81,8.96,2213.2,0.0,-7.1807923,27
10,52,80,12.61,2212.2,0.243,-14.785851,26
14,58,77,18.22,2212.0,0.84,-13.140193,26
15,57,77,19.84,2212.0,0.914,-12.036467,26
16,57,76,20.99,2212.2,0.98,-12.741246,26
20,59,73,27.08,2213.2,1.138,-14.97023,26
23,60,71,30.76,2214.2,1.213,-14.030535,26
24,60,71,32.12,2214.6,1.232,-13.491932,26
29,54,73,39.25,2215.8,1.334,-11.218279,26
31,53,75,41.97,2216.0,1.344,-6.5530887,26
37,51,78,49.07,2215.4,1.344,-3.1635327,26
39,51,80,50.57,2214.6,1.306,-1.5206186,26
41,0,79,51.12,2213.6,1.278,0.39178517,26
42,0,79,51.21,2213.6,1.194,0.39983094,26
46,0,81,51.58,2212.2,0.0,1.8885362,26
48,0,78,52.02,2211.2,0.0,3.8113692,27
49,0,79,52.2,2211.0,0.0,4.2273846,27
52,0,79,52.42,2209.6,0.0,6.9366984,27
55,0,79,52.42,2208.4,0.0,9.335112,27
59,0,77,52.42,2207.0,0.0,12.057635,27
62,0,77,54.77,2205.8,0.0,14.3912945,27
63,54,80,56.59,2205.4,0.0,11.819647,27
64,54,78,58.4,2205.0,0.0,12.853264,27
65,54,78,60.11,2204.8,0.0,13.607676,27
68,56,77,65.22,2204.6,0.532,14.405724,27
73,54,76,72.46,2205.0,1.325,15.064249,27
74,53,76,73.63,2205.4,1.325,11.638534,27
75,52,76,74.82,2205.6,1.316,11.547692,27
78,53,76,78.97,2206.6,1.306,9.898569,27
79,53,75,80.27,2206.8,1.306,8.212422,27
81,55,75,82.87,2207.8,1.306,6.7133994,27
83,55,75,85.33,2210.0,1.306,3.1571612,27
85,53,75,87.4,2211.4,1.306,0.7339636,27
87,52,75,90.01,2212.2,1.297,-0.7624619,27
88,51,75,91.57,2212.6,1.297,-1.573615,27
95,55,77,100.63,2213.8,1.372,-4.0925503,27
97,55,77,103.53,2213.8,1.372,-4.0202537,27
106,57,78,115.51,2213.2,1.418,-3.0983975,27
108,57,78,116.5,2212.6,1.428,0.37207848,27
116,57,77,127.45,2211.8,1.381,1.8949194,27
125,55,73,140.16,2211.8,1.344,3.6163228,27
126,53,76,141.24,2211.8,1.334,5.9515,27
130,52,76,145.54,2211.8,1.306,6.0755873,27
131,52,78,146.85,2211.6,1.297,7.9255624,27
137,57,77,155.59,2211.0,1.269,10.188966,27
147,55,77,169.68,2211.6,1.325,15.037619,28
153,50,77,177.26,2212.8,1.325,18.42574,28
157,53,81,183.01,2213.0,1.334,20.242323,28
163,51,80,190.03,2213.8,1.306,22.320276,28
167,51,80,194.14,2214.4,1.288,24.290264,28
169,50,80,196.25,2215.0,1.269,23.12289,28
171,50,82,198.22,2215.6,1.25,22.920725,28
173,49,83,200.39,2216.2,1.241,22.32382,28
176,47,85,203.18,2217.4,1.213,22.339018,28
177,46,82,204.1,2217.8,1.204,21.815916,28
179,45,85,205.62,2218.2,1.185,21.449564,28
180,44,88,206.29,2218.6,1.176,21.305748,28
182,44,95,207.54,2219.2,1.138,20.401203,28
183,44,98,208.39,2219.4,1.12,19.725586,28
184,44,99,209.39,2219.6,1.11,19.683374,28
189,47,100,214.35,2220.6,1.054,18.138453,28
193,51,100,219.58,2220.8,1.073,21.330309,28
197,51,101,225.07,2221.8,1.101,20.702478,28
201,51,103,229.61,2223.0,1.138,22.621904,28
202,51,103,230.83,2223.6,1.148,23.421038,28
204,50,103,232.97,2224.2,1.157,21.537119,28
206,49,104,234.9,2224.8,1.157,21.31808,28
208,47,104,236.87,2225.4,1.148,22.640882,28
210,45,104,238.71,2225.8,1.129,20.381042,28
211,44,103,239.77,2226.0,1.11,20.711397,28
213,43,105,241.85,2226.6,1.092,19.99597,28
217,49,108,246.72,2227.0,1.064,20.020466,28
219,52,109,249.11,2227.2,1.082,21.542412,28
221,52,110,251.3,2227.6,1.11,22.337887,28
226,49,111,257.3,2228.8,1.138,20.04078,28
230,48,111,261.37,2229.6,1.138,19.692226,28
232,46,109,263.28,2230.0,1.129,22.22856,28
236,43,111,266.74,2231.0,1.054,21.57219,28
239,43,110,269.86,2232.0,1.017,20.616001,28
240,43,111,270.86,2232.2,1.008,21.416357,28
245,41,111,275.22,2233.2,0.97,19.42073,27
249,0,111,279.97,2234.4,0.97,17.700377,27
252,55,110,283.86,2235.4,0.989,17.072685,27
253,55,110,285.38,2235.6,1.008,17.887953,27
260,51,111,293.87,2236.8,1.101,17.66232,27
264,78,111,296.98,2237.4,1.092,23.174425,27
267,75,111,299.52,2238.0,1.129,23.929388,27
271,43,112,303.66,2238.8,1.157,21.493237,27
274,43,112,306.06,2239.2,1.064,22.735783,27
279,46,111,311.26,2240.2,0.989,23.194159,27
280,48,111,312.68,2240.2,1.008,23.04143,27
283,49,111,316.26,2241.4,1.073,23.229773,27
286,50,112,320.46,2242.4,1.082,20.65725,27
288,50,112,323.52,2243.0,1.11,20.792658,27
291,51,115,327.56,2243.4,1.148,18.232283,27
292,53,116,328.89,2243.6,1.148,19.229027,27
294,53,112,331.66,2243.8,1.166,19.326563,27
296,54,112,334.26,2244.2,1.185,19.050661,27
298,54,112,336.61,2244.6,1.185,16.466846,27
302,0,115,339.95,2245.8,1.185,14.971991,27
303,0,114,339.97,2246.0,1.157,15.573846,27
306,0,113,340.28,2247.0,0.0,13.627114,27
307,0,113,340.71,2247.4,0.0,12.903133,27
309,0,113,342.28,2248.2,0.0,11.403563,27
311,48,112,345.21,2248.8,0.0,11.157992,27
314,49,112,349.24,2249.2,1.073,11.886111,27
318,49,112,353.64,2250.4,1.073,9.595743,27
319,48,112,354.7,2250.4,1.082,10.983473,27
321,46,113,357.14,2250.8,1.092,10.923146,27
326,46,110,362.72,2252.0,1.101,9.265176,27
327,47,110,363.66,2252.0,1.101,11.221302,27
334,45,107,370.73,2253.2,1.101,9.081039,27
336,0,107,372.83,2253.6,1.054,9.144513,26
342,51,110,380.91,2253.8,1.12,9.107448,26
344,51,109,383.52,2253.8,1.138,9.544886,26
351,49,112,391.75,2254.0,1.213,9.62554,26
352,49,113,392.74,2254.0,1.204,9.287742,26
355,47,114,395.87,2254.4,1.185,8.671777,26
360,47,115,401.77,2255.2,1.166,6.293854,26
361,48,115,402.95,2255.4,1.166,6.59234,26
363,49,119,405.1,2255.6,1.157,6.356126,26
364,49,116,406.3,2256.0,1.157,5.8792267,26
366,50,116,409.24,2256.4,1.157,4.5304804,26
368,51,119,411.98,2256.8,1.166,3.9961057,26
370,53,118,414.65,2257.6,1.185,1.7744989,26
372,53,118,416.95,2257.8,1.194,1.4985031,26
377,55,118,423.56,2258.0,1.222,1.1689632,26
381,57,117,429.41,2258.4,1.232,1.1956061,26
382,57,116,430.74,2258.4,1.232,0.0,26
386,57,116,435.78,2258.6,1.25,-0.37090442,26
392,54,115,443.93,2259.0,1.241,-1.3368883,26
399,56,112,453.78,2258.8,1.269,-1.1555418,26
400,56,110,454.87,2258.8,1.278,-2.7832935,26
402,56,106,456.66,2258.8,1.288,-4.3193135,26
405,52,103,459.95,2259.0,1.288,-4.2142344,26
407,48,102,461.98,2258.8,1.26,-4.1029005,26
412,54,99,468.59,2258.6,1.232,-3.8904548,26
413,55,98,470.17,2258.6,1.232,-3.9858193,26
416,55,95,474.15,2258.8,1.25,-4.545317,26
417,54,95,475.41,2259.0,1.25,-7.06277,26
419,53,94,477.8,2259.0,1.26,-7.2472577,26
424,55,94,485.26,2259.0,1.278,-7.5741754,26
433,58,94,496.16,2258.4,1.325,-2.2074666,26
435,58,95,498.71,2258.2,1.334,-2.284561,26
439,59,96,504.38,2257.4,1.353,0.37980914,26
440,59,96,505.84,2257.4,1.362,1.5683122,26
445,58,93,513.64,2256.6,1.4,3.8841157,26
448,58,90,518.78,2256.6,1.418,4.3191314,26
451,58,87,522.93,2256.6,1.446,6.7601595,26
455,58,87,528.04,2256.4,1.465,7.142689,26
459,58,86,532.56,2255.2,1.456,11.241749,25
461,57,87,534.97,2255.2,1.437,11.916017,25
471,53,86,548.69,2256.4,1.381,10.094007,25
473,52,86,551.45,2257.0,1.372,11.134022,25
476,50,87,555.27,2257.6,1.362,8.432775,25
478,50,89,557.51,2258.2,1.362,7.878196,25
481,50,92,561.82,2258.6,1.353,7.444763,25
482,50,93,563.19,2258.6,1.353,6.3990006,25
483,50,93,564.45,2258.8,1.353,6.188927,25
487,51,96,569.31,2258.8,1.334,6.3481054,25
493,50,97,576.53,2260.0,1.325,4.3480687,25
494,50,100,577.78,2260.2,1.316,1.0908167,25
496,48,103,580.01,2260.6,1.306,0.37178966,25
498,48,106,582.44,2261.0,1.306,-0.38711977,25
500,50,108,584.69,2261.2,1.297,-1.8299221,25
502,49,110,586.95,2261.4,1.288,-2.2910318,25
506,48,113,591.39,2261.6,1.269,-2.7780704,25
509,48,116,594.92,2261.8,1.26,-2.8516002,25
512,49,119,598.05,2262.0,1.241,-3.4239233,25
513,49,119,599.22,2262.0,1.241,-1.8184726,25
521,48,120,608.73,2262.6,1.222,-2.9726133,25
530,48,121,618.59,2262.4,1.194,-2.2980144,25
532,46,122,620.27,2262.2,1.185,-1.1577015,25
538,47,125,625.91,2262.2,1.148,-1.197934,25
544,0,128,631.98,2262.2,1.12,-2.6031828,25
550,45,129,637.25,2260.8,1.064,-2.6727757,25
559,48,129,647.81,2260.2,1.073,-3.086263,25
563,51,126,653.43,2260.2,1.092,-2.1294491,25
569,54,126,661.3,2261.0,1.138,-3.9294965,25
577,51,123,670.76,2261.2,1.176,-3.0770237,25
580,50,122,674.46,2261.6,1.176,-2.799608,25
585,51,120,679.93,2261.8,1.157,-2.7761242,25
589,47,118,684.41,2260.8,1.148,1.3957314,25
592,47,117,687.75,2259.4,1.129,4.1687064,25
594,49,115,689.53,2258.8,1.11,4.6942263,25
602,45,116,697.63,2258.6,1.073,5.191128,25
608,46,116,704.63,2259.0,1.064,6.743153,25
610,46,116,706.99,2259.0,1.064,6.537456,25
616,51,119,713.72,2259.4,1.073,6.075195,25
618,50,120,716.05,2259.6,1.073,6.923547,25
622,50,122,720.59,2260.0,1.092,6.4933963,25
626,48,123,724.94,2260.2,1.101,6.7283125,25
629,48,123,728.19,2260.4,1.092,4.1459813,25
637,49,121,737.41,2261.0,1.073,3.3658063,25
646,47,120,747.62,2261.6,1.073,2.7801876,25
649,0,120,750.95,2261.6,1.073,1.7764492,25
657,48,118,759.87,2262.6,1.073,0.0,25
658,47,117,760.84,2262.6,1.073,-0.68958175,25
668,48,114,771.59,2263.6,1.064,-2.45821,25
669,48,114,772.64,2263.6,1.064,-1.9063137,25
682,54,114,788.07,2263.6,1.11,-1.9477124,25
695,55,114,804.11,2263.0,1.148,-0.3939972,25
707,50,112,818.15,2262.6,1.148,-3.9568062,25
712,52,109,824.22,2262.2,1.157,-1.824591,25
716,51,105,828.16,2262.6,1.129,-1.5320307,25
717,51,104,829.5,2262.6,1.12,1.1517166,25
722,55,100,836.28,2262.6,1.129,1.1844331,25
724,56,96,837.75,2262.8,1.129,5.4792075,25
725,56,95,838.76,2262.8,1.11,7.692105,25
726,56,94,839.8,2262.8,1.11,7.8929057,25
728,56,91,842.51,2262.8,1.12,10.083291,25
734,53,88,849.89,2261.8,1.12,13.474067,25
735,53,89,851.01,2261.6,1.129,14.03578,25
736,0,89,851.99,2261.6,1.129,14.342832,25
737,0,89,852.75,2261.4,1.129,11.196586,25
740,54,89,854.65,2260.8,1.092,12.402977,25
741,54,89,856.01,2260.6,1.092,13.208237,25
746,0,87,859.07,2260.2,1.026,14.301656,25
758,53,87,864.34,2261.2,0.355,13.069647,25
763,52,84,873.37,2261.0,1.129,12.285644,25
766,54,82,877.03,2261.2,1.129,12.654175,25
769,53,82,880.75,2261.8,1.157,12.544921,25
772,54,83,884.79,2263.2,1.166,8.228748,25
775,57,85,888.18,2264.6,1.185,6.1552644,25
777,57,87,890.05,2265.6,1.194,4.2350717,25
779,57,88,892.01,2266.8,1.194,1.8163984,25
782,62,91,895.37,2268.0,1.176,-0.37578118,25
785,61,92,899.41,2268.8,1.288,-1.9999555,25
787,57,92,901.91,2269.0,1.278,2.1040955,25
794,55,91,909.95,2268.8,1.222,2.5638518,25
801,55,90,919.86,2267.8,1.232,7.1614184,25
805,55,87,925.79,2267.8,1.241,11.485967,25
807,55,84,928.17,2267.8,1.25,10.448723,25
814,54,81,936.97,2268.2,1.288,10.157021,25
816,57,81,940.07,2267.8,1.297,9.121739,25
820,57,82,945.62,2267.8,1.306,9.669773,25
824,57,82,949.64,2267.8,1.316,10.323849,25
829,57,83,956.88,2269.2,1.297,8.362712,25
832,57,83,959.23,2270.2,1.278,7.998138,25
833,53,83,960.6,2270.6,1.269,7.564977,25
838,58,83,964.92,2271.4,1.222,6.439242,25
842,0,83,968.25,2272.0,1.026,6.552761,25
844,0,83,970.0,2272.4,1.008,10.078155,25
848,55,82,974.29,2273.4,0.989,8.2175,25
853,55,83,980.03,2274.0,1.045,9.120236,25
864,55,82,994.28,2273.4,1.073,8.457065,25
870,58,79,1000.16,2273.0,1.101,10.3559265,25
874,51,80,1005.31,2273.4,1.129,10.728482,25
878,50,77,1009.66,2274.2,1.101,7.310148,25
881,53,80,1013.79,2274.4,1.11,7.531675,25
885,0,78,1017.12,2274.8,1.129,7.343528,25
888,0,82,1017.51,2275.4,0.0,6.6583424,25
889,0,78,1017.63,2275.8,0.0,5.9395986,25
891,0,79,1019.6,2276.6,0.0,4.3618574,25
893,0,79,1023.35,2277.6,0.0,0.61453503,25
894,0,80,1024.88,2277.8,0.0,0.32588732,25
897,0,80,1029.05,2278.6,0.0,-1.0008644,25
901,55,81,1034.45,2278.4,0.793,-0.7190788,25
908,54,84,1043.1,2278.0,1.241,0.0,25
915,57,85,1052.25,2278.4,1.232,-0.6924299,25
927,56,84,1068.12,2279.0,1.325,-1.511397,25
938,56,83,1084.86,2278.8,1.269,-1.583941,25
950,57,82,1100.83,2278.0,1.372,0.0,24
961,59,82,1118.67,2278.0,1.418,1.5959615,24
973,57,82,1137.91,2278.0,1.521,4.22367,24
974,57,82,1138.82,2278.0,1.53,11.789398,24
982,61,81,1151.03,2278.6,1.512,10.856643,24
991,57,84,1164.84,2278.8,1.54,15.926115,24
994,57,87,1168.14,2279.4,1.549,20.501328,24
996,56,89,1170.99,2279.8,1.549,19.63805,24
998,53,90,1173.12,2280.2,1.549,18.079084,24
1002,49,92,1177.31,2281.0,1.493,17.144102,24
1003,49,93,1178.51,2281.4,1.465,16.105684,24
1006,49,94,1181.2,2282.0,1.39,14.284034,24
1007,47,94,1182.04,2282.2,1.362,14.625392,24
1008,47,94,1183.0,2282.4,1.306,12.977578,24
1010,47,98,1184.98,2282.8,1.204,11.685558,24
1013,48,96,1188.07,2283.4,1.129,10.982126,24
1018,48,98,1194.2,2284.4,1.11,7.609199,24
1019,51,99,1195.69,2284.6,1.166,8.112351,24
1022,53,101,1199.81,2286.0,1.241,5.690699,24
1025,51,101,1203.85,2287.0,1.306,3.7410283,24
1026,50,103,1205.19,2287.2,1.325,3.128497,24
1029,50,106,1209.41,2287.8,1.344,0.72628963,24
1030,50,106,1210.55,2288.2,1.344,0.0,24
1032,48,109,1212.37,2288.8,1.316,-2.1596687,24
1035,49,112,1215.49,2289.2,1.26,-2.9798813,24
1038,42,114,1217.24,2289.8,1.157,-4.3540235,24
1040,0,116,1218.51,2289.8,1.064,-5.1950397,24
1041,0,116,1219.92,2289.8,1.054,-5.331299,24
1043,45,120,1223.62,2289.8,1.045,-5.4924,24
1046,44,124,1227.43,2289.8,1.073,-6.3848743,24
1049,44,128,1230.78,2289.6,1.054,-5.195552,24
1050,44,131,1232.11,2289.6,1.082,-3.324314,24
1053,47,134,1235.29,2289.0,1.11,-2.2737887,24
1054,47,134,1236.6,2289.0,1.12,-1.7965277,24
1064,48,135,1248.33,2288.8,1.138,-1.4698683,24
1069,47,135,1253.56,2289.0,1.11,5.584642,24
1071,44,137,1255.39,2289.0,1.092,10.369774,24
1078,43,139,1261.67,2288.8,0.998,11.992801,24
1084,44,141,1267.18,2288.2,0.98,15.532452,24
1090,45,141,1272.49,2287.6,0.97,19.687113,24
1094,42,141,1275.36,2287.0,0.952,23.83857,24
1098,42,138,1278.77,2286.4,0.914,28.28691,24
1099,48,137,1279.22,2286.4,0.914,27.632626,24
1106,48,135,1286.74,2287.0,0.933,26.764355,24
1112,46,138,1292.95,2287.8,0.961,27.084625,24
1114,47,140,1294.54,2288.0,0.97,25.293348,24
1115,48,142,1295.54,2288.4,0.97,25.255154,24
1117,49,142,1298.19,2289.2,0.97,24.138834,24
1119,48,144,1300.29,2290.4,0.97,22.456558,24
1121,47,145,1302.83,2291.8,0.98,20.557714,24
1123,47,146,1304.75,2292.8,0.998,18.854187,24
1124,46,146,1305.18,2293.4,0.998,18.402828,24
1126,47,145,1306.83,2294.2,1.008,17.034575,23
1130,45,147,1310.22,2294.8,0.989,14.596935,23
1131,45,147,1311.12,2294.8,0.989,15.405687,23
1135,47,148,1315.1,2295.2,0.97,15.011302,23
1139,48,148,1319.51,2296.4,0.97,13.776339,23
1142,43,147,1322.63,2297.8,0.98,12.090348,23
1143,42,147,1323.27,2298.2,0.98,12.376815,23
1145,41,146,1324.98,2299.0,0.97,10.995886,23
1149,44,146,1328.75,2300.2,0.952,9.02691,23
1154,46,146,1334.75,2301.4,0.961,8.486349,23
1157,47,146,1338.82,2301.8,1.008,8.080031,23
1160,48,146,1341.37,2301.8,1.008,8.695972,23
1169,43,146,1348.63,2301.4,0.952,9.672216,23
1174,43,146,1353.68,2301.8,0.914,13.175393,23
1178,46,147,1357.96,2302.6,0.924,10.289838,23
1189,47,149,1368.23,2303.0,0.924,10.338109,23
1193,47,149,1371.95,2303.6,0.942,7.660237,23
1200,42,149,1377.24,2304.0,0.905,6.894594,23
1208,45,149,1384.37,2304.8,0.868,5.7876463,23
1214,45,150,1390.68,2306.0,0.896,0.0,23
1218,48,152,1394.29,2306.2,0.905,1.5443965,23
1220,46,152,1396.07,2306.4,0.914,3.0700984,23
1222,46,153,1398.02,2307.2,0.924,1.5880761,23
1223,46,154,1399.1,2307.6,0.924,0.7460457,23
1225,46,154,1400.91,2308.4,0.924,-0.76262474,23
1228,45,154,1402.51,2309.2,0.877,-2.375712,23
1229,45,153,1403.32,2309.4,0.868,-1.997331,23
1237,41,154,1410.39,2309.6,0.83,-6.1862197,23
1244,76,153,1417.37,2308.4,0.868,-11.826947,23
1248,40,152,1420.71,2308.2,0.896,-16.142704,23
1253,43,149,1424.58,2307.6,0.812,-14.546327,23
1254,46,148,1425.35,2307.6,0.821,-15.546316,22
1259,44,145,1429.48,2307.8,0.83,-16.148642,22
1261,42,145,1431.03,2307.8,0.83,-17.825329,22
1266,43,145,1434.33,2307.0,0.718,-16.808935,22
1268,43,144,1436.45,2305.8,0.728,-15.564504,22
1276,45,146,1443.02,2306.0,0.774,-18.21732,22
1279,44,147,1444.63,2307.0,0.746,-13.100269,22
1283,42,148,1447.19,2307.6,0.858,-14.666752,22
1289,44,150,1452.43,2308.0,0.802,-15.8315735,22
1290,44,151,1453.39,2308.0,0.802,-16.15838,22
1293,42,152,1455.87,2308.4,0.802,-17.292976,22
1295,43,154,1457.33,2306.4,0.821,-9.975108,22
1296,45,154,1458.24,2304.0,0.821,-4.0321155,22
1298,45,153,1459.74,2302.8,0.812,-1.8636267,22
1301,45,153,1462.21,2303.0,0.802,-2.3084269,22
1307,0,152,1464.92,2302.4,0.756,0.0,22
1310,0,154,1467.23,2301.6,0.728,2.5793452,22
1313,42,151,1469.97,2300.4,0.756,5.0209775,22
1314,42,153,1470.81,2300.0,0.756,7.1675925,22
1323,46,151,1480.15,2300.4,0.914,8.72689,22
1328,48,151,1485.88,2299.2,0.97,12.85181,22
1331,51,151,1489.4,2298.0,1.008,19.940071,22
1334,53,150,1491.82,2296.6,1.026,24.3917,22
1336,0,149,1492.09,2295.8,0.97,25.848913,22
1337,0,149,1492.09,2295.6,0.914,26.43652,22
1338,0,149,1492.09,2295.2,0.877,27.192127,22
1344,0,146,1492.29,2295.2,0.0,27.22933,22
1347,0,145,1492.31,2297.0,0.0,24.059223,22
1349,0,145,1492.31,2298.8,0.0,20.650656,21
1351,45,145,1492.31,2300.2,0.0,17.973917,21
1354,0,144,1492.31,2301.4,0.467,15.679504,21
1358,78,143,1492.31,2302.2,0.0,14.149739,21
1363,40,141,1496.8,2301.4,1.092,15.679504,21
1366,40,140,1499.87,2300.0,0.886,21.144363,21
1369,78,137,1503.92,2299.6,1.026,18.915731,21
1371,45,135,1505.78,2299.6,1.026,16.329094,21
1378,45,133,1511.67,2301.4,0.952,13.360898,21
1379,44,132,1512.41,2301.8,0.942,5.5001945,21
1386,79,132,1517.93,2302.4,0.905,4.399351,21
1388,41,133,1519.02,2303.0,0.905,-3.12071,21
1390,41,133,1520.07,2303.6,0.877,-4.383894,21
1393,41,134,1521.8,2304.8,0.812,-10.176494,21
1397,69,134,1523.81,2305.2,0.812,-12.914602,21
1402,42,138,1526.55,2305.2,0.812,-16.070187,21
1404,42,141,1528.44,2305.2,0.793,-18.684645,21
1406,42,144,1530.34,2305.4,0.756,-21.04002,21
1407,43,145,1531.03,2305.8,0.756,-22.505552,21
1414,42,145,1535.98,2307.0,0.774,-26.650423,21
1419,73,144,1539.72,2308.2,0.933,-33.11775,21
1424,42,144,1544.08,2309.2,0.998,-42.11076,21
1425,42,144,1545.01,2309.6,0.998,-39.425556,21
1429,43,143,1548.53,2310.4,0.924,-41.714794,21
1432,43,143,1550.63,2311.0,0.877,-44.132446,21
1440,40,144,1556.26,2309.2,0.868,-41.82141,21
1442,40,144,1557.59,2308.2,0.746,-41.492657,21
1443,41,144,1558.31,2307.8,0.709,-43.10156,21
1445,41,144,1560.03,2306.6,0.681,-38.973553,21
1447,41,143,1561.51,2305.2,0.681,-37.68685,21
1448,0,142,1562.19,2304.6,0.681,-37.937695,21
1449,0,142,1562.81,2304.2,0.728,-36.216442,21
1452,75,140,1564.8,2303.0,0.765,-34.31385,21
1455,78,139,1567.86,2301.8,0.858,-33.193542,21
1456,78,139,1568.56,2301.4,0.886,-33.682808,21
1458,42,139,1569.91,2300.6,0.914,-32.589046,21
1460,42,137,1571.81,2299.6,0.905,-31.457705,21
1462,43,137,1573.9,2298.6,0.886,-24.468227,21
1465,43,137,1576.83,2297.0,0.877,-22.353067,21
1468,44,136,1579.81,2295.6,0.877,-17.792158,21
1470,44,134,1581.64,2294.4,0.877,-14.587136,21
1472,44,134,1583.56,2293.2,0.886,-12.734819,21
1474,44,134,1584.79,2292.2,0.877,-9.096063,21
1475,43,133,1585.23,2291.6,0.877,-5.7868443,21
1477,42,134,1585.78,2290.6,0.84,-3.8964925,21
1479,41,135,1586.66,2289.4,0.821,-1.5785342,21
1481,41,135,1588.05,2288.6,0.802,0.3857011,21
1482,40,135,1588.83,2288.2,0.793,1.1874671,21
1486,78,135,1592.09,2288.0,0.784,1.9793802,21
1490,42,138,1594.63,2288.8,0.793,1.1821427,21
1491,42,138,1595.19,2289.2,0.784,0.39225122,21
1492,42,138,1595.62,2289.2,0.784,0.39785227,21
1494,40,134,1596.59,2289.2,0.737,-0.78052706,21
1495,76,137,1597.21,2289.2,0.728,-0.7971672,21
1498,69,135,1599.53,2288.8,0.746,-2.6762774,21
1500,0,134,1601.7,2288.2,0.812,-1.594472,21
1504,47,134,1605.92,2287.4,0.896,-2.3750105,21
1505,47,134,1607.01,2287.2,0.886,-6.652777,21
1510,44,135,1611.47,2286.0,0.886,-6.011539,21
1513,45,134,1614.76,2285.4,0.877,-5.3625937,21
1515,46,134,1616.71,2285.0,0.886,-6.79622,21
1520,47,133,1620.97,2283.8,0.896,-8.707782,21
1527,46,130,1626.14,2283.4,0.84,-14.600026,20
1531,46,130,1629.33,2285.2,0.84,-21.178629,20
1534,42,130,1631.57,2286.2,0.83,-23.588594,20
1536,40,132,1633.4,2286.8,0.821,-25.857458,20
1539,45,133,1636.16,2287.6,0.812,-29.407398,20
1542,46,136,1638.45,2288.6,0.812,-31.764967,20
1543,45,136,1639.15,2288.8,0.812,-32.555126,20
1547,46,139,1642.3,2289.0,0.802,-33.48997,20
1550,46,142,1644.81,2289.4,0.802,-35.96723,20
1551,43,142,1646.08,2289.4,0.802,-36.272064,20
1556,79,145,1649.37,2288.8,0.709,-34.837708,20
1560,44,146,1651.69,2287.4,0.737,-31.516457,20
1563,43,146,1653.87,2286.2,0.709,-30.723392,20
1564,0,145,1654.66,2285.8,0.709,-29.696321,20
1566,0,146,1656.49,2284.8,0.718,-27.959831,20
1569,47,145,1659.83,2283.8,0.756,-27.725288,20
1572,50,144,1663.4,2282.8,0.821,-27.651255,20
1573,50,143,1664.49,2282.6,0.84,-24.736431,20
1578,0,143,1666.3,2281.6,0.718,-23.307947,20
1580,0,142,1666.77,2280.6,0.644,-19.131754,20
1582,0,141,1668.28,2279.4,0.616,-17.075026,20
1584,67,139,1669.29,2278.2,0.588,-15.269646,20
1585,67,138,1670.06,2277.8,0.588,-14.753147,20
1586,67,137,1670.92,2277.2,0.597,-12.132625,20
1590,40,136,1673.05,2276.0,0.718,-9.970388,20
1592,40,133,1674.97,2275.6,0.718,-4.6594877,20
1596,42,135,1677.43,2275.0,0.709,-1.1633158,20
1601,41,134,1681.19,2274.2,0.718,1.1389122,20
1602,78,134,1681.68,2273.8,0.718,3.1334724,20
1606,78,132,1684.21,2272.8,0.793,5.1438065,20
1610,42,130,1686.8,2272.6,0.784,7.378819,20
1613,0,127,1687.73,2272.4,0.728,8.008264,20
1618,0,124,1690.23,2272.4,0.672,8.1620245,20
1622,71,122,1692.69,2271.8,0.634,11.58003,20
1625,76,118,1694.99,2271.2,0.681,14.42358,20
1626,77,121,1695.55,2271.2,0.709,14.405586,20
1627,79,121,1696.39,2271.2,0.728,14.565399,20
1632,78,118,1698.87,2271.2,0.802,14.859248,20
1637,66,117,1701.75,2271.0,0.793,17.30801,20
1643,70,120,1704.24,2270.8,0.765,18.54303,20
1644,70,123,1704.68,2270.8,0.756,19.436089,20
1646,0,123,1705.27,2270.8,0.728,19.62815,20
1647,0,124,1705.45,2270.6,0.653,20.24944,20
1648,0,127,1705.45,2270.4,0.0,20.697556,20
1650,0,128,1705.45,2270.0,0.0,21.478397,20
1654,0,127,1705.45,2269.4,0.0,22.682184,20
1659,0,124,1705.45,2268.6,0.0,24.246078,20
1661,0,124,1705.45,2268.2,0.0,25.063963,20
1668,48,124,1710.97,2268.2,0.28,25.063963,20
1671,47,127,1715.63,2268.6,0.942,28.025951,20
1674,49,129,1719.49,2269.6,0.961,27.238731,20
1676,49,133,1721.28,2270.4,0.97,27.838198,20
1677,49,134,1722.26,2271.0,0.961,29.866022,20
1679,47,134,1724.46,2272.0,0.961,28.472136,19
1681,47,135,1726.42,2273.2,0.952,26.782328,19
1684,46,137,1730.16,2274.4,0.952,25.487349,19
1686,47,138,1732.32,2274.8,0.97,29.03608,19
1689,50,138,1735.64,2275.4,0.97,29.10232,19
1693,51,137,1739.2,2276.4,0.952,30.00016,19
1694,51,137,1740.12,2276.6,0.952,33.29135,19
1698,44,137,1744.06,2277.6,0.877,31.945044,19
1702,44,139,1747.6,2278.6,0.868,32.424442,19
1703,43,139,1748.47,2278.8,0.868,31.258465,19
1711,49,138,1756.86,2279.8,0.886,29.811699,19
1714,46,137,1760.32,2281.0,0.896,26.062958,19
1717,48,135,1763.43,2282.2,0.924,21.110367,19
1719,50,135,1766.04,2283.2,0.952,20.490763,19
1720,50,134,1767.5,2283.4,0.961,21.153473,19
1721,47,134,1768.73,2283.6,0.97,20.627699,19
1722,47,134,1769.78,2284.2,0.97,20.097416,19
1723,49,133,1770.74,2284.4,0.98,20.109434,19
1726,51,133,1774.41,2285.8,0.989,17.818575,19
1729,49,133,1777.8,2286.8,1.008,14.735083,19
1730,49,133,1779.1,2287.4,1.008,14.581288,19
1731,49,134,1780.19,2288.0,1.017,13.965961,19
1734,48,134,1783.53,2289.4,1.017,11.760929,19
1736,48,134,1786.16,2290.4,1.026,10.621057,19
1738,48,134,1787.8,2291.6,1.026,8.747583,19
1739,46,134,1788.75,2292.0,1.017,8.876812,19
1741,44,134,1790.48,2292.8,1.008,7.5190325,19
1744,43,134,1792.48,2293.8,0.98,5.83874,19
1746,43,134,1794.37,2294.6,0.961,5.025443,19
1748,42,134,1796.05,2295.0,0.942,4.170664,19
1754,42,134,1800.6,2296.0,0.886,2.3560405,19
1764,43,135,1808.89,2295.4,0.812,4.358056,19
1772,78,135,1817.04,2294.6,0.858,2.7452717,19
1779,48,136,1823.67,2294.2,0.914,2.5187166,19
1790,45,136,1836.96,2295.2,0.998,-0.7813973,19
1796,46,136,1842.5,2296.0,0.998,2.6551836,19
1800,43,136,1844.64,2296.8,0.952,0.7843236,19
1803,43,139,1847.58,2297.2,0.896,1.8073045,19
1807,46,140,1851.41,2297.2,0.877,1.9057761,19
1815,48,139,1860.29,2297.6,0.914,1.417042,19
1826,49,139,1872.88,2296.0,0.98,4.367596,19
1828,48,138,1875.21,2295.6,0.989,-0.39646855,19
1832,48,140,1879.87,2294.8,1.008,0.7706256,19
1836,48,140,1883.82,2294.4,1.017,0.78826195,19
1841,48,142,1887.36,2294.8,0.97,-0.750328,19
1845,43,143,1890.55,2296.2,0.952,-3.5817955,19
1849,41,145,1893.26,2297.4,0.905,-5.1580305,19
1851,41,147,1894.55,2297.4,0.849,-4.980407,19
1858,47,148,1901.36,2297.2,0.84,-4.712432,19
1865,49,150,1909.16,2298.2,0.942,-3.4889886,19
1868,45,150,1911.67,2298.4,0.942,-2.2354524,19
1874,43,151,1915.67,2298.2,0.868,-1.9552563,19
1880,78,150,1920.76,2297.4,0.84,1.9915587,19
1884,42,149,1924.45,2296.2,0.84,8.607999,19
1889,42,144,1928.12,2295.4,0.821,8.873728,19
1893,77,145,1931.29,2295.2,0.793,8.172583,19
1895,41,145,1932.93,2294.8,0.821,8.232009,19
1901,42,142,1937.94,2294.2,0.802,9.697236,19
1905,42,142,1941.01,2294.4,0.802,8.222185,19
1913,66,141,1945.6,2294.8,0.765,7.2535977,19
1923,76,138,1951.01,2294.8,0.728,8.603104,19
1933,42,137,1958.79,2294.4,0.653,9.168755,19
1939,74,137,1963.16,2296.2,0.7,6.5765395,19
1943,77,139,1966.18,2297.2,0.728,5.146971,19
1945,76,141,1967.52,2298.4,0.737,2.5579998,19
1947,74,143,1969.21,2299.2,0.746,1.1264759,19
1948,74,145,1970.0,2299.4,0.746,0.77350515,19
1951,41,148,1972.23,2300.4,0.737,-1.175862,19
1952,78,149,1972.78,2300.6,0.709,-0.79588664,19
1959,72,149,1977.22,2300.6,0.7,-0.3601576,19
1965,69,146,1980.47,2300.0,0.681,0.7730372,19
1969,0,146,1982.05,2299.4,0.616,2.7401836,19
1973,72,145,1983.24,2298.8,0.513,3.7850187,19
1977,72,142,1985.42,2299.0,0.495,3.4832947,19
1981,76,140,1987.24,2299.2,0.485,2.9476943,19
1990,61,138,1990.58,2298.8,0.42,3.6983988,19
1997,71,141,1995.01,2298.6,0.485,4.2514496,19
2000,44,140,1998.14,2298.6,0.579,4.6322293,19
2006,45,140,2004.55,2299.2,0.495,2.131061,19
2008,0,141,2006.09,2299.2,0.532,1.9412136,19
2019,44,140,2014.94,2299.4,0.0,1.6537143,19
2029,41,137,2022.17,2299.8,0.0,1.1610403,19
2031,42,135,2023.57,2299.8,0.0,0.0,19
2039,41,132,2029.75,2300.2,0.0,-0.7553082,19
2042,42,132,2032.03,2300.4,0.0,-2.955676,19
2045,42,134,2035.56,2300.8,0.0,-3.8723655,19
2058,43,136,2047.26,2300.8,0.0,-4.560269,19
2064,0,134,2048.39,2301.0,0.0,-5.1866784,19
2071,0,132,2049.09,2300.4,0.0,-4.1142206,19
2082,49,133,2055.96,2300.6,0.924,-4.5191917,18
2091,47,133,2067.92,2300.4,1.11,-3.7696662,18
2094,47,133,2072.19,2300.4,1.194,-4.1862316,18
2100,48,131,2077.93,2300.0,1.26,-0.7628166,18
2103,46,134,2080.57,2299.8,1.213,1.5433806,18
2108,46,134,2084.95,2299.4,1.129,3.1347618,18
2112,45,133,2089.52,2298.8,1.082,6.7675424,18
2115,43,132,2092.28,2298.4,1.073,10.333092,18
2117,44,135,2094.94,2298.0,1.082,12.651173,18
2120,47,133,2097.44,2297.6,1.101,14.397063,18
2125,42,130,2102.21,2297.8,1.064,12.556317,18
2130,43,129,2105.9,2298.2,1.026,11.443315,18
2138,44,129,2114.14,2298.0,1.008,10.9233265,18
2146,43,124,2120.44,2298.2,0.998,14.004864,18
2149,50,127,2124.52,2298.2,1.017,11.752919,18
2154,48,128,2129.95,2299.6,1.064,9.944799,18
2156,47,129,2131.65,2300.6,1.082,5.7538834,18
2157,48,130,2132.53,2301.0,1.092,5.197457,18
2159,48,133,2135.25,2301.6,1.11,4.148137,18
2161,49,136,2136.9,2302.2,1.11,3.189728,18
2164,46,139,2139.67,2303.2,1.101,-4.114063,18
2165,41,139,2141.01,2303.6,1.092,-5.1445484,18
2169,40,139,2143.99,2304.6,1.045,-7.9890294,18
2170,76,140,2144.65,2304.6,1.045,-8.667793,18
2174,76,138,2147.68,2304.8,1.054,-9.169577,18
2182,78,135,2152.59,2304.2,0.942,-10.349138,18
2184,78,134,2153.37,2304.0,0.914,-10.307931,18
2188,78,133,2155.38,2303.4,0.84,-9.370863,18
2194,0,132,2158.76,2303.0,0.0,-8.951539,18
2205,0,135,2161.22,2303.8,0.0,-11.116951,18
2207,0,136,2162.2,2304.6,0.0,-16.716475,18
2210,0,136,2163.64,2305.8,0.0,-19.4644,18
2214,0,133,2167.55,2305.8,0.0,-21.628395,18
2215,0,133,2168.71,2305.6,0.0,-23.820053,18
2221,0,130,2175.3,2304.8,0.243,-22.23524,18
2223,0,130,2177.36,2304.6,0.0,-21.565706,18
2233,45,129,2186.28,2303.8,0.243,-20.318743,18
2234,45,128,2187.23,2303.8,0.401,-24.182402,18
2238,0,128,2191.0,2302.4,0.0,-22.324133,18
2241,58,127,2194.35,2301.0,0.0,-33.180298,18
2244,57,126,2198.12,2300.4,0.261,-34.510136,18
2248,52,124,2203.13,2300.0,0.793,-34.811672,18
2254,50,123,2210.03,2298.6,1.101,-38.232174,18
2255,53,122,2211.35,2298.2,1.138,-46.077557,18
2257,55,122,2213.27,2297.4,1.176,-45.823338,18
2260,53,121,2216.08,2296.0,1.101,-44.751038,18
2263,47,122,2218.32,2294.6,0.98,-44.658886,18
2267,57,119,2221.5,2293.6,0.905,-36.197773,18
2272,45,117,2226.55,2293.2,0.961,-37.477417,18
2276,0,114,2229.74,2293.6,0.933,-41.843147,18
2283,49,113,2235.56,2293.2,0.896,-37.140446,18
2286,0,112,2236.51,2292.6,0.821,-40.321903,18
2290,0,110,2237.21,2291.6,0.0,-32.996437,18
2291,0,110,2237.85,2291.2,0.0,-32.669476,18
2295,0,109,2239.74,2289.8,0.0,-30.488794,18
2298,0,109,2239.74,2288.8,0.0,-29.680182,18
2300,0,109,2239.74,2287.8,0.0,-27.801695,18
2301,0,109,2239.74,2287.4,0.0,-27.050024,18
2305,0,110,2240.17,2286.0,0.0,-24.420326,18
2308,0,111,2242.74,2284.8,0.0,-22.348501,18
2311,0,112,2245.77,2283.8,0.0,-21.5594,18
2315,0,113,2250.08,2282.6,0.0,-10.566226,18
2317,0,114,2251.39,2281.8,0.0,-1.5667866,18
2318,0,113,2251.48,2281.4,0.0,0.7857743,18
2321,0,113,2252.51,2280.2,0.0,3.1466095,18
2323,54,114,2253.78,2279.6,0.0,4.3998976,18
2324,0,114,2254.61,2279.0,0.0,12.809867,18
2329,0,114,2257.83,2278.2,0.0,14.618551,18
2330,0,117,2258.06,2278.2,0.0,18.865898,18
2331,0,120,2258.16,2278.0,0.0,19.390053,18
2332,0,123,2258.16,2278.0,0.0,19.416246,18
2334,0,127,2258.16,2277.8,0.0,19.789549,18
2336,0,130,2258.16,2277.6,0.0,20.162851,18
2342,0,127,2258.16,2277.6,0.0,20.162851,18
2345,0,129,2258.16,2277.4,0.0,20.536608,18
2349,0,126,2258.46,2277.2,0.0,20.90991,18
2351,0,126,2258.57,2276.8,0.0,21.83925,18
2355,0,126,2258.71,2275.6,0.0,24.131296,18
2361,0,122,2258.72,2275.0,0.0,25.262651,18
2364,0,119,2258.73,2275.0,0.0,25.262651,18
2365,0,116,2258.73,2275.0,0.0,25.297163,18
2367,0,113,2258.73,2274.8,0.0,25.780294,18
2368,0,109,2258.73,2274.6,0.0,26.19526,18
2369,0,113,2258.73,2274.4,0.0,26.575277,18
2370,0,110,2258.73,2274.2,0.0,26.954832,18
2373,0,106,2258.73,2273.8,0.0,27.71394,18
2375,0,101,2258.73,2273.6,0.0,28.093494,18
2376,47,99,2258.73,2273.4,0.0,28.47351,18
2382,48,100,2264.46,2272.4,0.513,30.371746,18
2383,48,100,2265.92,2272.4,0.634,34.40601,18
2393,52,102,2277.74,2271.6,1.25,37.052135,18
2399,0,103,2284.34,2271.4,1.213,15.546032,18
2405,54,103,2291.03,2272.2,1.194,13.138423,18
2406,55,103,2292.16,2273.0,1.185,13.303029,18
2408,55,103,2293.73,2275.0,1.138,9.599807,18
2409,53,103,2295.09,2276.0,1.129,6.546246,18
2410,53,103,2296.39,2277.2,1.129,4.3464127,18
2411,53,103,2297.45,2278.2,1.138,3.5391548,18
2413,53,103,2299.37,2280.2,1.129,0.326406,18
2414,51,103,2300.4,2281.0,1.12,-1.0110749,18
2415,51,104,2301.03,2281.8,1.11,-2.4061985,18
2417,0,104,2301.64,2283.2,1.073,-4.8585277,18
2419,0,105,2301.98,2284.6,0.952,-7.365577,18
2421,0,106,2303.58,2285.4,0.83,-8.812868,18
2422,0,107,2304.84,2285.6,0.83,-9.469657,18
2426,57,110,2310.34,2287.0,1.353,-12.27949,18
2428,57,114,2312.54,2288.4,1.157,-13.488302,18
2429,55,116,2313.65,2288.8,1.148,-12.578071,18
2431,55,120,2316.01,2289.4,1.176,-13.953959,18
2434,56,123,2319.94,2290.4,1.241,-16.588045,18
2436,0,126,2321.93,2291.0,1.232,-15.732509,18
2437,0,126,2322.52,2291.0,1.222,-16.32341,18
2440,0,129,2323.34,2291.0,1.073,-16.518246,18
2444,0,132,2323.37,2290.8,0.83,-14.982229,18
2448,0,135,2323.45,2289.8,0.0,-13.279715,18
2449,0,135,2323.45,2289.2,0.0,-12.289281,18
2451,0,133,2323.45,2287.8,0.0,-9.682588,18
2453,0,132,2323.45,2286.2,0.0,-6.70312,18
2455,0,131,2323.45,2284.6,0.0,-3.724107,18
2456,0,132,2323.45,2284.0,0.0,-2.606693,18
2457,0,131,2323.47,2283.4,0.0,-1.4892792,18
2459,0,132,2323.62,2282.2,0.0,0.7450942,18
2461,0,128,2323.8,2280.4,0.0,4.1313596,18
2463,45,127,2323.96,2279.2,0.0,6.401933,18
2467,51,130,2330.22,2279.6,0.476,5.671703,18
2468,51,127,2332.42,2279.8,0.513,0.7859429,18
2472,54,126,2340.52,2280.0,1.297,-2.2240105,18
2474,59,124,2344.06,2279.8,1.334,-6.731375,18
2483,56,122,2357.29,2279.4,1.418,-7.6038632,18
2486,56,123,2360.96,2280.4,1.418,-12.992689,18
2489,56,122,2365.46,2281.4,1.4,-15.740146,18
2494,61,122,2372.26,2282.0,1.4,-19.348637,18
2500,0,122,2377.2,2282.6,1.166,-25.806984,18
2501,0,121,2377.2,2282.6,0.989,-29.120811,18
2510,54,121,2381.82,2281.6,0.0,-27.204994,18
2515,49,122,2387.09,2280.2,0.0,-25.712952,18
2518,0,121,2390.1,2278.8,0.0,-25.423515,18
2520,0,122,2391.95,2277.6,0.0,-24.397345,18
2522,58,122,2394.33,2276.4,0.0,-23.569696,18
2524,61,120,2397.46,2275.6,0.0,-22.322186,18
2525,61,120,2398.53,2275.4,0.0,-22.22377,18
2531,59,120,2408.17,2274.2,0.83,-20.360836,18
2536,57,117,2415.24,2273.4,1.512,-21.838308,18
2537,57,117,2416.01,2273.0,1.502,-21.964422,18
2539,58,118,2418.03,2272.4,1.484,-21.117191,18
2540,59,118,2419.09,2272.0,1.446,-20.465979,18
2543,59,118,2423.43,2270.8,1.409,-18.647505,18
2546,59,115,2427.56,2269.6,1.39,-18.598318,18
2549,59,116,2430.06,2268.2,1.372,-21.952242,18
2552,57,113,2432.97,2267.4,1.344,-17.612055,18
2553,57,113,2434.12,2267.0,1.334,-13.930602,18
2557,54,115,2439.59,2265.8,1.25,-11.942695,18
2558,54,115,2440.62,2265.4,1.222,-11.767538,18
2560,0,115,2441.56,2265.2,1.204,-9.135903,18
2563,0,113,2441.72,2265.2,0.942,-6.980102,18
2571,0,111,2443.95,2264.6,0.0,-5.8333573,18
2574,50,111,2447.09,2264.2,0.0,-2.7429957,18
2578,50,108,2451.52,2263.8,0.989,0.7983547,18
2582,54,106,2454.94,2263.4,1.11,12.629651,18
2589,0,105,2459.31,2262.4,0.998,19.086725,18
2595,0,101,2461.7,2262.2,0.84,17.758465,18
2599,0,98,2463.67,2262.2,0.0,16.870111,18
2602,0,95,2466.07,2261.8,0.0,18.331182,18
2603,0,97,2466.74,2261.8,0.0,13.745824,18
2612,72,99,2472.8,2261.8,0.606,13.885847,18
2623,0,100,2474.1,2260.8,0.0,14.335377,19
2624,0,99,2474.7,2260.2,0.0,15.855857,19
2625,0,96,2475.2,2259.6,0.0,13.654061,19
2627,0,98,2475.78,2258.6,0.0,15.621029,19
2631,0,99,2477.44,2257.2,0.0,18.30868,19
2633,0,98,2478.12,2257.2,0.0,18.982935,19
2635,0,98,2478.16,2257.2,0.0,19.185986,19
2643,41,97,2482.63,2257.6,0.0,18.418264,19
2653,0,96,2488.29,2258.2,0.0,14.791033,19
2662,0,98,2491.37,2259.4,0.0,12.549439,19
2664,0,97,2492.03,2259.4,0.0,13.307582,19
2669,0,99,2493.91,2260.6,0.0,11.061972,19
2673,0,100,2495.49,2261.6,0.0,6.773597,19
2675,0,101,2496.4,2262.8,0.0,3.326606,19
2677,0,103,2497.83,2263.8,0.0,1.4968171,19
2678,0,103,2498.5,2264.2,0.0,0.76920885,19
2680,64,106,2499.4,2265.4,0.0,-1.563062,19
2682,64,105,2500.08,2266.6,0.0,-3.9782999,19
2684,64,106,2500.95,2267.6,0.0,-5.574067,19
2685,64,105,2501.5,2268.0,0.0,-6.395602,19
2687,64,108,2502.42,2268.6,0.42,-7.597848,19
2692,0,106,2504.48,2269.8,0.774,-10.128171,19
2693,0,105,2504.61,2270.0,0.579,-11.819312,19
2695,0,105,2505.45,2270.8,0.0,-13.509832,19
2699,0,106,2507.29,2272.0,0.0,-18.320248,19
2700,0,107,2507.72,2272.0,0.0,-19.026506,19
2707,0,111,2511.18,2272.0,0.0,-19.161097,19
2712,41,113,2513.65,2271.4,0.299,-22.384493,19
2715,0,116,2514.82,2271.0,0.0,-25.785044,19
2720,0,120,2516.97,2269.6,0.0,-23.583805,19
2723,0,118,2518.39,2268.8,0.0,-26.112095,19
2724,0,118,2518.71,2268.4,0.0,-28.10857,19
2728,0,121,2520.67,2268.0,0.0,-27.559448,19
2729,0,124,2520.88,2268.0,0.0,-28.296368,19
2731,67,127,2521.96,2268.4,0.0,-29.112242,19
2733,63,131,2524.08,2268.6,0.345,-30.126102,19
2738,55,130,2530.24,2268.2,1.288,-32.261303,19
2744,55,129,2537.67,2267.2,1.428,-36.82803,19
2747,55,129,2542.08,2266.4,1.502,-38.72101,19
2748,57,127,2543.61,2266.2,1.521,-41.63797,19
2753,59,125,2549.53,2265.0,1.586,-37.170128,19
2755,0,125,2550.13,2264.6,1.484,-38.286346,19
2764,0,122,2554.38,2264.6,0.0,-38.70358,19
2765,0,123,2555.46,2264.6,0.0,-40.018913,19
2767,66,123,2557.47,2264.0,0.0,-39.854187,19
2770,66,123,2559.71,2262.6,0.373,-39.080086,18
2771,66,122,2560.63,2262.2,0.56,-38.715508,18
2773,66,121,2562.88,2261.2,0.709,-34.30874,18
2776,66,120,2564.62,2260.0,1.036,-27.17933,18
2778,62,120,2566.15,2258.8,1.176,-25.7003,18
2780,61,119,2567.83,2257.8,1.213,-24.378325,18
2783,59,118,2569.72,2256.4,1.222,-18.77271,18
2785,60,117,2571.07,2255.4,1.204,-17.43185,18
2788,60,116,2573.3,2254.0,1.176,-11.5359955,18
2790,60,116,2574.57,2253.4,1.148,-5.5615144,18
2792,49,116,2575.54,2253.0,1.11,-4.276627,18
2796,0,115,2578.07,2252.0,1.082,-2.3843443,18
2802,0,115,2578.54,2250.8,0.0,0.0,18
2807,0,112,2578.6,2250.2,0.0,1.1883607,18
2809,0,113,2578.6,2249.8,0.0,1.9972981,18
2812,0,113,2583.46,2248.6,0.252,4.3939586,18
2813,0,113,2585.73,2248.0,0.308,2.881946,18
2814,58,113,2587.79,2247.2,2.127,4.5028505,18
2817,64,113,2593.32,2246.0,2.109,7.0445976,18
2822,58,113,2599.2,2245.2,1.717,10.22226,18
2827,58,112,2601.89,2244.8,1.353,11.632098,18
2828,58,113,2602.52,2244.8,1.306,12.323696,18
2836,48,111,2606.9,2243.8,1.092,16.299114,18
2839,43,111,2608.37,2243.8,1.045,20.134268,18
2844,0,112,2610.46,2242.8,0.0,20.535994,18
2845,51,111,2611.21,2242.6,0.0,21.756529,18
2852,53,114,2617.01,2244.0,0.634,19.249487,18
2855,52,114,2619.71,2245.4,0.868,14.948074,18
2857,52,114,2621.02,2246.6,0.924,10.794151,18
2859,0,114,2622.13,2248.2,0.933,7.907063,18
2861,0,114,2623.34,2249.0,0.0,5.513958,18
2862,0,114,2623.98,2249.4,0.0,4.8963885,18
2867,52,113,2625.9,2250.6,0.0,2.658673,18
2868,52,113,2626.46,2250.8,0.0,2.374807,18
2876,48,112,2631.02,2251.4,0.681,1.1976994,18
2881,0,111,2634.85,2250.8,0.0,0.0,18
2887,58,111,2641.94,2250.0,0.383,1.4725368,18
2893,0,112,2644.63,2249.6,0.0,-0.39322186,18
2894,0,111,2645.31,2249.4,0.0,-1.1676761,18
2899,64,111,2648.74,2248.8,0.401,0.0,18
2908,56,109,2654.81,2250.6,0.896,-4.9800954,18
2909,56,108,2655.28,2251.0,0.905,-2.6009586,18
2911,56,109,2656.28,2252.0,0.914,-4.255802,18
2914,0,111,2657.3,2253.2,0.868,-6.3077707,18
2917,0,113,2658.23,2254.2,0.0,-8.146587,18
2918,0,113,2658.23,2254.4,0.0,-8.611726,18
2921,0,113,2658.52,2255.6,0.0,-10.692202,18
2924,0,112,2660.77,2255.6,0.0,-10.732377,18
2931,54,113,2665.44,2254.2,0.625,-8.647555,18
2932,52,111,2666.0,2254.0,0.681,-9.042705,18
2937,41,113,2670.16,2253.2,0.634,-7.5559773,18
2938,41,113,2671.09,2253.0,0.793,-9.185784,18
2941,45,112,2674.21,2252.6,0.952,-8.396145,18
2944,53,112,2678.98,2252.2,1.25,-7.840761,18
2945,53,112,2680.43,2252.0,1.4,-8.116392,18
2951,54,113,2688.51,2251.0,1.596,-6.359576,18
2952,54,113,2689.55,2250.8,1.605,-1.4486511,18
2953,57,114,2690.87,2250.2,1.605,-0.36894563,18
2954,57,112,2692.12,2249.8,1.614,0.37753478,18
2955,57,113,2693.29,2249.4,1.614,1.1637846,18
2957,57,115,2695.54,2249.0,1.586,1.9903917,18
2958,57,116,2696.41,2248.8,1.568,3.3461668,18
2962,57,113,2700.75,2248.0,1.493,4.917714,18
2965,57,113,2704.51,2248.0,1.474,6.125403,18
2974,55,111,2716.05,2249.4,1.446,5.2346735,18
2975,53,111,2716.62,2249.4,1.437,8.2608385,18
2978,49,106,2718.96,2249.0,1.381,9.053723,18
2980,49,107,2719.67,2249.0,1.25,8.424575,18
2986,47,108,2723.2,2248.4,0.793,9.733991,18
2988,47,112,2724.85,2248.2,0.672,8.60409,18
2991,53,109,2728.06,2248.2,0.849,7.6987104,18
2994,53,112,2730.28,2248.2,1.064,6.6671453,18
3000,0,111,2736.89,2247.8,1.129,10.203712,18
3006,56,113,2744.96,2248.4,1.148,8.890081,18
3010,57,116,2750.85,2250.0,1.26,8.981323,18
3012,57,119,2754.43,2250.6,1.306,8.443312,18
3013,57,120,2755.71,2251.2,1.334,5.5312047,18
3016,57,123,2759.26,2252.0,1.372,1.8572016,18
3017,57,124,2760.69,2252.2,1.372,1.5956753,18
3019,55,126,2762.72,2252.6,1.381,-1.1849985,18
3023,55,128,2766.66,2253.4,1.362,-3.9660888,18
3025,55,129,2768.46,2253.6,1.344,-7.933561,18
3026,55,129,2769.07,2253.6,1.344,-9.170679,18
3031,53,131,2772.7,2253.6,1.026,-9.323986,18
3034,54,128,2775.74,2253.4,0.933,-12.237132,18
3038,54,130,2778.74,2252.6,1.054,-10.746896,18
3039,53,129,2779.62,2252.2,1.064,-7.9802856,18
3040,53,128,2781.0,2251.8,1.092,-7.3404684,18
3043,59,127,2785.22,2251.6,1.232,-7.1363716,18
3050,55,124,2793.64,2253.2,1.269,-8.998751,18
3051,60,123,2795.25,2253.4,1.269,-8.259712,18
3056,61,122,2801.31,2254.4,1.353,-8.451145,18
3058,60,122,2803.48,2255.0,1.344,-10.642888,18
3059,60,120,2804.71,2255.0,1.334,-11.525725,18
3060,60,123,2805.62,2255.0,1.334,-12.893394,18
3064,60,121,2810.05,2254.0,1.325,-11.122111,18
3066,59,121,2811.79,2253.0,1.325,-11.572799,18
3069,59,122,2813.66,2252.0,1.297,-12.374718,18
3071,59,122,2816.04,2251.4,1.269,-12.322567,18
3073,58,122,2817.66,2251.0,1.25,-12.671129,18
3076,47,121,2821.24,2249.6,1.185,-13.665318,18
3078,0,121,2823.05,2248.8,1.157,-16.91589,18
3079,0,121,2823.78,2248.4,1.157,-18.683449,18
3082,58,121,2826.42,2247.2,1.11,-16.568472,18
3083,58,121,2827.43,2247.2,1.11,-24.915915,18
3086,57,120,2831.51,2247.2,1.12,-25.322987,18
3091,57,119,2838.56,2248.0,1.194,-37.147457,18
3093,55,115,2840.69,2248.4,1.204,-43.101326,18
3095,55,118,2843.17,2248.6,1.213,-47.216225,18
3097,55,118,2844.46,2249.0,1.222,-50.282978,18
3106,53,117,2851.97,2249.2,1.166,-49.881622,18
3109,51,116,2853.64,2249.6,1.11,-54.674835,18
3116,48,115,2856.98,2249.2,0.784,-51.996414,18
3119,48,114,2858.44,2248.4,0.728,-52.674088,18
3122,45,112,2861.14,2247.6,0.812,-52.74147,18
3123,45,112,2862.9,2247.2,0.812,-55.5091,18
3127,45,112,2866.56,2245.8,0.905,-53.5313,18
3129,0,111,2867.6,2245.0,0.868,-54.799553,19
3130,0,111,2868.26,2244.6,0.0,-55.471035,19
3134,0,110,2869.97,2243.4,0.0,-53.82132,19
3137,0,110,2871.48,2242.6,0.0,-52.624268,19
3138,0,111,2871.9,2242.2,0.0,-53.27669,19
3141,0,109,2873.16,2241.0,0.0,-51.391342,19
3145,0,111,2873.62,2240.2,0.0,-48.544872,19
3146,0,112,2874.25,2240.0,0.0,-48.56505,19
3151,0,109,2875.66,2239.0,0.0,-47.385033,19
3152,0,110,2875.66,2238.8,0.0,-48.263668,19
3157,0,110,2875.66,2238.2,0.0,-47.09581,19
3160,0,111,2875.66,2237.6,0.0,-45.92843,19
3165,0,112,2875.79,2236.6,0.0,-43.98232,19
3174,0,111,2879.53,2235.4,0.0,-41.998302,19
3182,0,110,2881.33,2234.2,0.0,-40.662117,19
3187,0,109,2881.71,2233.0,0.0,-39.475094,19
3194,46,110,2881.93,2231.6,0.0,-36.90222,19
3198,49,110,2882.03,2230.6,0.0,-35.058537,19
3204,52,112,2882.76,2229.4,0.0,-32.767097,19
3216,0,113,2888.53,2228.4,0.0,-31.302591,19
3220,0,112,2890.26,2227.2,0.0,-32.13685,19
3223,53,112,2890.73,2226.0,0.0,-31.435009,19
3226,53,110,2893.2,2224.8,0.271,-29.353859,19
3229,57,109,2897.67,2223.6,0.672,-28.330061,19
3231,57,108,2901.36,2222.6,0.896,-24.554703,19
3232,61,106,2903.17,2222.2,0.97,-25.637306,19
3234,61,109,2907.08,2221.4,1.101,-24.883375,19
3235,61,109,2908.27,2221.2,1.166,-20.482407,19
3239,59,107,2911.61,2219.8,1.241,-18.603584,19
3243,57,105,2914.15,2218.6,1.213,-17.519602,19
3245,59,105,2916.29,2217.8,1.204,-16.903877,19
3246,59,104,2917.68,2217.2,1.241,-16.467909,19
3249,59,105,2921.83,2216.2,1.381,-15.014415,19
3252,0,104,2926.08,2214.8,1.39,-12.107709,19
3254,0,102,2929.45,2214.0,1.456,-11.542932,19
3255,0,101,2931.03,2213.6,1.512,-10.54627,19
3256,63,105,2932.71,2213.0,1.558,-7.951661,19
3257,63,104,2934.15,2212.6,1.596,-7.4335423,19
3258,62,104,2935.84,2212.2,1.605,-5.648775,19
3260,61,105,2938.5,2211.4,1.624,-4.3839736,19
3261,62,106,2939.75,2211.0,1.633,-3.8352628,19
3263,62,105,2941.92,2210.2,1.642,-2.3590002,19
3264,63,108,2942.82,2209.8,1.624,-0.3838167,19
3265,63,105,2944.83,2209.8,1.605,-0.3903786,19
3271,62,104,2952.94,2209.0,1.558,2.2812045,19
3273,61,105,2955.49,2209.0,1.53,9.5139675,19
3282,0,105,2971.07,2208.4,1.465,12.264541,19
3288,54,101,2975.99,2208.2,1.353,14.09536,19
3290,54,104,2978.72,2208.2,1.344,12.109505,19
3291,57,105,2980.4,2208.2,1.344,12.722127,19
3293,57,109,2983.82,2208.2,1.372,11.750326,19
3298,57,106,2990.52,2208.8,1.456,11.432344,19
3301,57,105,2994.01,2209.0,1.465,11.376299,19
3304,55,109,2997.24,2209.6,1.437,8.13912,19
3305,55,108,2998.35,2210.2,1.428,7.5453696,19
3307,55,113,3000.38,2211.4,1.4,5.3677497,19
3308,55,113,3001.46,2211.8,1.39,4.796702,19
3309,55,114,3002.4,2212.4,1.381,1.0845841,19
3310,55,116,3003.17,2213.0,1.372,0.0,19
3312,55,119,3004.79,2213.8,1.334,-1.4917088,19
3313,56,121,3005.89,2214.2,1.316,-2.295967,19
3315,57,124,3007.66,2214.6,1.297,-3.1385107,19
3316,57,125,3008.52,2214.8,1.288,-4.0651684,19
3320,55,126,3012.03,2215.4,1.241,-5.2563024,19
3321,55,126,3013.46,2215.8,1.232,-7.4849315,19
3322,55,127,3014.92,2216.0,1.232,-10.101151,19
3327,0,130,3021.71,2215.6,1.26,-9.561048,19
3329,63,130,3024.27,2215.4,1.26,-14.673446,19
3332,64,133,3028.97,2214.6,1.269,-13.3705635,19
3333,64,130,3030.62,2214.6,1.269,-14.366798,19
3335,62,130,3033.49,2214.4,1.278,-15.020845,19
3336,61,130,3034.76,2214.4,1.288,-15.817564,19
3340,61,132,3040.19,2214.6,1.325,-16.622177,19
3341,61,128,3041.56,2214.6,1.325,-22.200321,19
3347,57,129,3050.86,2214.8,1.372,-21.772957,19
3351,57,129,3057.4,2214.2,1.381,-17.07184,19
3354,57,129,3062.14,2213.0,1.409,-16.921198,19
3355,57,127,3063.34,2212.6,1.428,-11.834928,19
3357,0,127,3065.37,2212.0,1.437,-10.918333,19
3360,0,126,3066.58,2210.8,1.428,-6.0828934,19
3361,0,126,3066.7,2210.6,1.39,-5.847871,19
3367,0,124,3070.84,2209.4,1.017,-3.513297,18
3368,0,124,3072.39,2209.0,1.017,0.0,19
3369,0,125,3074.04,2208.4,1.017,1.1994727,19
3371,0,122,3076.91,2207.8,1.26,4.680265,19
3374,49,122,3079.75,2207.6,1.241,8.749523,18
3377,51,121,3082.67,2207.4,1.176,11.389658,18
3380,0,123,3085.61,2206.6,1.157,13.648955,18
3381,0,121,3086.59,2206.2,1.148,15.504455,19
3382,55,122,3087.49,2205.8,1.12,17.194662,18
3385,55,119,3089.87,2205.0,1.12,19.09438,18
3388,55,118,3092.12,2203.8,1.092,24.127863,18
3392,56,118,3097.19,2203.2,1.092,26.292181,18
3393,55,116,3098.6,2202.8,1.129,26.82604,18
3401,52,114,3109.57,2203.8,1.166,25.647514,18
3402,53,113,3111.16,2204.2,1.185,21.63749,18
3405,55,114,3115.09,2205.2,1.241,20.383316,18
3408,55,112,3118.37,2206.4,1.288,19.62506,19
3411,57,116,3122.38,2207.6,1.297,15.897875,18
3413,57,117,3125.59,2209.0,1.297,14.418059,18
3414,57,119,3127.27,2210.2,1.288,12.026118,18
3416,57,120,3130.83,2212.0,1.297,8.937892,18
3418,57,125,3134.31,2213.2,1.316,6.765909,18
3419,57,128,3136.15,2213.6,1.334,6.46954,18
3420,57,128,3137.97,2214.0,1.344,5.9548197,18
3421,57,128,3139.54,2214.6,1.362,5.0192947,18
3424,57,131,3144.03,2215.8,1.4,2.777628,18
3429,57,134,3149.78,2216.8,1.437,0.7542204,18
3433,60,136,3155.84,2216.8,1.428,0.7975867,18
3442,53,136,3168.14,2217.0,1.409,2.2875192,18
3446,55,140,3173.95,2216.8,1.4,-0.754306,18
3451,55,138,3179.09,2216.4,1.362,-4.519812,18
3458,55,138,3190.15,2216.6,1.334,-4.953407,18
3466,0,136,3197.83,2217.2,1.278,-3.1914043,18
3468,0,135,3200.54,2217.2,1.241,-1.8744714,18
3472,0,133,3206.2,2217.2,1.213,-1.9759333,18
3475,53,134,3208.68,2217.8,0.0,-1.1862549,18
3480,48,132,3214.12,2218.2,0.625,-1.1842747,18
3487,49,131,3221.47,2216.8,0.914,1.575853,18
3488,49,131,3222.68,2216.4,0.933,2.3614736,18
3491,55,128,3227.27,2215.6,0.98,5.520056,18
3496,55,127,3235.87,2214.0,1.25,7.683036,19
3497,55,127,3237.66,2213.8,1.297,8.572946,19
3503,59,123,3246.75,2214.8,1.577,6.323032,19
3506,51,121,3250.89,2215.4,1.605,4.7502046,19
3508,50,124,3253.75,2216.2,1.521,3.1280854,19
3509,50,125,3254.91,2216.6,1.484,1.8766494,18
3510,50,124,3256.38,2216.8,1.465,1.5369726,19
3513,55,123,3259.32,2217.2,1.4,0.7918339,18
3517,54,123,3265.01,2217.6,1.381,-1.543267,19
3523,55,126,3272.52,2217.6,1.446,-2.376302,19
3524,55,125,3273.69,2217.6,1.456,-4.2956057,19
3533,51,129,3284.88,2218.4,1.362,-5.9932346,18
3535,51,126,3287.24,2218.4,1.353,-8.922253,18
3536,51,126,3288.49,2218.2,1.344,-8.851917,18
3540,47,125,3292.51,2218.0,1.325,-8.678677,18
3542,47,122,3293.61,2218.0,1.297,-10.20656,19
3548,44,124,3297.58,2217.4,1.073,-9.1903715,19
3554,47,121,3302.23,2217.8,0.858,-10.458365,19
3558,48,122,3307.21,2217.8,1.036,-11.796477,19
3560,49,120,3309.29,2217.6,1.036,-12.538065,19
3562,50,120,3311.42,2217.2,1.054,-12.237288,19
3566,48,119,3315.78,2216.8,1.092,-10.728229,19
3567,49,118,3317.16,2216.4,1.101,-9.6003275,19
3572,51,115,3323.77,2215.8,1.129,-8.686996,19
3575,51,115,3327.04,2215.4,1.138,-9.859013,19
3576,51,114,3328.15,2215.2,1.138,-10.644979,19
3583,49,114,3336.18,2214.2,1.11,-10.547293,19
3586,49,111,3339.55,2213.8,1.11,-10.051589,19
3587,49,110,3340.42,2213.6,1.11,-7.3102956,19
3590,49,111,3343.54,2213.2,1.101,-6.79115,19
3592,49,111,3345.15,2212.8,1.082,-6.4366813,19
3597,47,110,3350.8,2212.2,1.073,-5.5156727,19
3598,49,110,3351.62,2212.2,1.073,-2.2698123,19
3606,58,109,3359.78,2211.4,1.11,-0.7677361,19
3609,56,108,3363.37,2211.0,1.12,0.79552346,19
3613,55,108,3368.27,2211.2,1.138,2.3451881,19
3614,55,108,3368.94,2211.4,1.138,2.2215383,19
3619,60,108,3372.45,2211.8,1.12,1.5074655,19
3625,57,105,3377.53,2210.4,0.998,5.8315115,19
3626,57,106,3378.88,2210.2,0.998,5.342007,19
3627,57,107,3380.15,2209.8,1.026,6.2063346,19
3630,57,108,3383.46,2208.8,1.064,8.230284,19
3634,61,107,3389.09,2207.6,1.092,11.174009,19
3642,57,106,3400.62,2208.6,1.213,7.508399,19
3643,57,107,3401.8,2209.2,1.232,6.2800107,19
3645,56,105,3404.63,2210.4,1.25,4.2832685,19
3647,58,108,3407.1,2211.0,1.26,3.3941026,19
3650,61,113,3410.97,2211.2,1.26,3.1555037,19
3654,60,116,3415.95,2211.4,1.222,4.15741,19
3659,58,119,3423.09,2212.4,1.204,2.638344,19
3660,57,120,3424.8,2212.6,1.204,3.2804215,19
3665,58,123,3433.73,2213.4,1.241,1.8860621,19
3670,58,124,3442.42,2213.2,1.418,3.1928415,18
3681,57,123,3458.19,2212.6,1.586,5.8856773,19
3689,57,121,3469.12,2212.8,1.297,12.941082,19
3695,0,120,3478.24,2213.8,1.372,12.096906,19
3698,58,124,3482.76,2214.4,1.409,9.0086565,18
3699,58,120,3484.09,2214.6,1.418,9.404627,18
3702,60,121,3488.38,2214.8,1.418,9.267013,18
3706,59,123,3493.54,2215.4,1.428,8.850362,18
3708,59,124,3496.24,2215.6,1.418,6.0773363,18
3709,60,124,3498.04,2215.8,1.409,6.0001698,18
3711,60,128,3500.75,2216.6,1.409,4.729867,18
3712,62,128,3501.88,2216.6,1.4,5.0029945,18
3714,59,126,3504.58,2217.0,1.4,4.312532,18
3717,59,128,3509.28,2218.2,1.372,1.1129512,18
3719,54,128,3512.9,2219.4,1.381,-0.3633068,18
3721,53,130,3516.06,2220.2,1.4,-1.9528228,18
3722,53,130,3517.7,2220.4,1.4,-1.849846,18
3728,57,135,3523.6,2220.6,1.39,-2.2173014,18
3730,58,133,3525.96,2220.4,1.344,-2.100242,18
3740,57,135,3540.63,2221.2,1.278,-3.6358254,18
3750,50,135,3553.01,2220.0,1.297,1.1594508,18
3755,48,132,3558.68,2219.2,1.269,-2.777069,18
3759,49,131,3564.44,2218.8,1.232,-3.3720634,18
3771,54,128,3581.23,2219.2,1.269,-4.289647,18
3772,56,129,3582.77,2219.2,1.278,-5.5118003,18
3778,55,129,3590.47,2220.6,1.353,-8.164041,18
3780,0,129,3592.04,2220.8,1.362,-9.065091,18
3784,0,129,3594.78,2220.6,1.25,-8.999087,18
3785,0,130,3595.81,2220.4,1.25,-9.026952,18
3790,48,129,3600.54,2219.4,1.12,-7.7982216,18
3793,47,129,3603.61,2218.2,1.045,-5.7535396,19
3794,47,128,3604.76,2217.8,1.026,-4.7233334,19
3799,47,128,3612.09,2217.2,1.148,-3.7792206,19
3802,55,127,3615.88,2217.0,1.241,-3.9388862,19
3809,56,124,3623.91,2217.0,1.25,-6.094731,19
3812,51,122,3627.51,2217.2,1.232,-8.7506,19
3822,53,120,3639.09,2216.2,1.166,-7.408769,19
3827,54,123,3645.75,2216.0,1.166,-8.319047,19
3828,55,118,3647.3,2215.8,1.166,-9.015917,19
3832,57,117,3652.81,2215.4,1.213,-8.398418,19
3841,0,115,3663.14,2215.2,1.25,-7.8394976,19
3842,0,113,3664.54,2215.0,1.25,-5.853787,19
3845,54,116,3668.55,2214.0,1.241,-2.3224986,19
3847,53,116,3670.38,2213.8,1.241,-1.4728285,19
3850,55,117,3673.54,2213.2,1.241,-0.38049108,19
3854,55,120,3678.95,2212.8,1.241,-0.39314413,19
3859,53,117,3684.17,2212.4,1.241,-2.6982296,19
3862,51,114,3686.9,2212.2,1.222,-0.39957637,19
3870,45,111,3694.85,2211.8,1.092,1.7350507,19
3872,44,115,3696.77,2211.4,1.082,2.7993848,19
3873,44,111,3697.5,2211.2,1.073,3.4190679,19
3876,42,106,3699.88,2211.0,1.045,3.7970781,19
3881,41,106,3704.0,2211.0,0.998,3.9715364,19
3886,44,110,3708.85,2211.2,0.961,3.8907678,19
3887,43,106,3709.68,2211.2,0.952,3.5949328,19
3888,43,109,3710.58,2211.2,0.952,3.6524217,19
3892,42,106,3714.3,2211.6,0.942,2.9702914,19
3894,42,105,3715.96,2212.0,0.942,2.379938,19
3902,43,109,3722.94,2212.8,0.914,-1.1416652,19
3904,43,110,3724.41,2213.0,0.914,-5.413349,19
3911,0,116,3726.63,2212.6,0.774,-4.7981787,19
3912,0,116,3727.12,2212.4,0.7,-4.656874,19
3915,0,114,3730.57,2211.6,0.737,-3.136147,19
3918,57,113,3734.01,2211.0,1.129,-2.092766,19
3928,55,113,3744.95,2212.0,1.148,-4.0810075,19
3937,56,112,3755.3,2212.8,1.185,-7.556187,19
3939,56,112,3757.93,2213.2,1.185,-16.302944,19
3945,0,115,3764.7,2213.2,1.148,-17.138119,19
3950,42,114,3768.63,2213.2,1.036,-18.129318,19
3956,0,114,3772.02,2212.2,0.821,-17.494244,19
3959,54,113,3774.67,2211.4,0.83,-15.081526,19
3963,54,112,3778.31,2210.2,0.84,-13.546332,19
3964,54,112,3779.69,2210.0,0.858,-11.625331,19
3972,49,111,3788.42,2209.8,0.961,-11.52247,19
3975,52,108,3791.36,2209.8,0.97,-11.0850315,19
3978,52,111,3794.7,2209.6,0.98,-10.251986,19
3979,0,111,3795.61,2209.4,0.989,-10.041773,19
3981,0,110,3797.05,2209.0,0.989,-9.432788,19
3982,0,109,3797.41,2208.8,0.98,-8.764886,19
3985,0,105,3798.8,2208.6,0.933,-8.455627,19
3989,0,106,3799.07,2207.8,0.756,-7.165413,19
3991,0,106,3800.09,2207.0,0.0,-5.6645594,19
3992,0,105,3801.09,2206.6,0.0,-5.0070114,19
3996,0,102,3804.76,2205.6,0.0,-3.1357656,19
3999,53,101,3808.85,2205.2,0.0,-2.6539545,19
4004,54,101,3815.89,2204.6,0.504,-2.6474178,19
4008,57,101,3820.78,2204.0,1.082,-1.8513813,19
4015,56,100,3828.14,2203.2,1.157,-1.1396782,19
4017,56,100,3830.16,2203.0,1.11,-2.0938778,19
4025,51,101,3840.7,2204.0,1.12,-3.9845502,19
4026,55,101,3842.02,2204.0,1.11,-3.8790689,19
4029,52,100,3846.14,2204.4,1.176,-4.7879653,19
4034,51,100,3851.82,2204.2,1.166,-1.5722148,19
4039,49,100,3857.31,2204.0,1.166,-0.7986741,19
4043,46,99,3861.44,2203.8,1.11,-1.8234333,19
4049,55,97,3870.1,2203.2,1.129,-0.7896244,19
4052,55,97,3873.31,2203.0,1.176,-2.229766,19
4061,55,97,3885.89,2202.6,1.222,-1.5794432,19
4064,54,97,3889.08,2201.8,1.222,0.797276,19
4066,55,100,3890.94,2201.8,1.222,2.3091047,19
4068,55,98,3892.89,2202.0,1.222,1.9902143,19
4069,51,99,3893.8,2202.0,1.213,2.601864,19
4074,0,99,3897.67,2203.0,1.148,0.75593,19
4080,0,102,3902.98,2203.4,1.11,1.566322,19
4081,0,103,3903.09,2203.6,1.101,0.3817324,19
4086,0,106,3904.09,2203.2,0.0,1.1472478,19
4090,45,106,3907.06,2202.8,0.233,1.9500545,19
4097,41,105,3913.19,2202.8,0.774,4.4719033,19
4106,46,105,3919.21,2202.8,0.746,7.019089,19
4115,77,106,3925.15,2202.6,0.0,11.765322,19
4118,57,107,3928.65,2201.8,0.0,16.831394,19
4122,47,106,3933.07,2201.8,0.709,18.421537,19
4126,45,106,3936.85,2202.6,0.98,19.67289,19
4130,52,106,3942.1,2202.2,1.054,24.99571,19
4136,47,107,3947.55,2203.0,1.082,21.809166,19
4139,47,105,3949.61,2203.4,0.952,20.716969,19
4143,64,105,3951.58,2204.2,0.802,20.532133,19
4145,64,106,3953.0,2204.2,0.83,21.671955,19
4149,43,109,3956.12,2204.0,0.896,22.68087,19
4150,43,108,3957.26,2203.8,0.896,24.37593,19
4154,47,108,3961.15,2203.4,0.886,25.557209,19
4160,41,108,3964.94,2205.2,0.84,23.944042,19
4162,0,111,3965.45,2206.4,0.793,21.551111,19
4164,0,113,3965.91,2207.2,0.681,20.185755,19
4165,0,114,3966.56,2207.6,0.662,19.621408,19
4167,0,117,3967.6,2207.8,0.634,19.526812,19
4170,0,120,3970.53,2208.0,0.606,19.790565,19
4173,41,122,3973.28,2208.6,0.644,19.666416,19
4175,42,125,3975.02,2209.0,0.672,18.742641,19
4178,42,128,3977.55,2209.8,0.709,17.755785,19
4180,43,128,3979.67,2210.6,0.728,16.21335,19
4181,43,128,3980.46,2211.2,0.746,15.752384,19
4185,41,128,3983.74,2212.4,0.774,13.723652,19
4187,41,128,3985.17,2212.6,0.784,14.062763,19
4190,70,128,3987.26,2213.6,0.793,14.0588875,19
4193,0,128,3989.07,2214.8,0.961,11.416015,19
4197,0,130,3990.35,2215.2,0.821,11.022426,19
4200,0,129,3990.59,2216.0,0.0,9.523652,19
4203,0,130,3990.73,2217.0,0.0,7.5612845,19
4214,41,127,3990.73,2216.8,0.0,7.9821253,19
4218,77,124,3990.73,2217.2,0.317,7.1841073,19
4224,0,121,3990.98,2216.4,0.0,8.78063,20
4225,0,121,3991.21,2215.6,0.0,-8.392244,20
4227,0,120,3992.01,2214.0,0.0,-11.005322,20
4229,0,121,3992.51,2212.4,0.0,-8.278354,20
4232,0,120,3992.86,2211.4,0.0,-6.610958,20
4234,0,119,3992.95,2211.4,0.0,-6.7234683,20
4236,41,116,3993.06,2211.6,0.0,-7.1795883,20
4238,79,117,3993.21,2212.6,0.0,-4.704484,20
4241,79,117,3996.86,2213.8,0.0,-7.116509,20
4244,44,116,4001.59,2214.8,0.924,-6.0314827,20
4247,48,115,4006.62,2216.0,1.054,-8.8776045,20
4252,49,117,4012.2,2217.2,1.101,-7.1770663,20
4253,48,117,4013.04,2217.6,1.064,-0.7988641,20
4257,45,117,4016.62,2218.4,1.026,-0.7398997,20
4262,47,119,4022.24,2218.6,1.026,-1.190978,20
4267,50,116,4028.51,2219.0,1.082,-1.4357189,20
4269,50,117,4030.47,2219.6,1.12,-2.5593626,20
4270,50,117,4032.04,2219.8,1.129,-3.048486,20
4274,0,118,4035.33,2220.8,1.138,-5.0799766,20
4277,0,121,4036.19,2220.8,0.961,-6.8944206,20
4279,0,123,4036.27,2220.8,0.784,-7.0057225,20
4287,0,123,4036.76,2220.0,0.0,-5.5307627,20
4289,0,122,4036.76,2219.4,0.0,-4.488736,20
4291,0,119,4036.76,2218.6,0.0,-2.9927952,20
4292,0,118,4036.76,2218.4,0.0,-2.6183534,20
4295,0,115,4036.76,2217.0,0.0,0.0,20
4297,0,112,4036.76,2216.2,0.0,1.4984251,20
4298,0,111,4036.76,2216.0,0.0,1.8754582,20
4301,0,108,4036.76,2214.8,0.0,4.1259165,20
4305,0,106,4036.76,2213.6,0.0,6.3850384,20
4308,0,105,4036.79,2212.6,0.0,8.274286,20
4310,0,105,4036.81,2211.8,0.0,9.79215,20
4311,0,103,4036.81,2211.4,0.0,10.5600605,20
4313,0,100,4036.82,2211.0,0.0,11.314154,20
4316,0,97,4036.82,2210.8,0.0,11.691199,20
4319,0,92,4036.82,2210.2,0.0,12.822799,20
4323,0,90,4036.85,2209.0,0.0,15.085538,21
4328,48,88,4041.57,2208.0,0.0,17.040972,21
4329,48,88,4043.02,2208.0,0.383,19.547085,21
4336,50,89,4052.55,2210.2,1.138,15.805176,21
4339,48,88,4054.51,2211.4,1.138,18.758097,21
4343,40,88,4056.02,2212.6,0.998,17.15902,21
4345,0,88,4056.38,2213.6,0.858,19.270323,21
4346,0,88,4057.16,2214.0,0.812,18.639427,21
4349,0,88,4059.3,2215.0,0.784,17.058119,21
4350,0,88,4060.16,2215.4,0.774,16.963589,21
4352,0,86,4061.99,2216.2,0.765,15.792474,21
4357,45,87,4066.69,2217.2,0.849,14.290519,21
4361,45,89,4070.53,2218.0,0.896,18.482464,21
4368,42,93,4077.48,2218.2,0.914,18.872116,21
4373,45,96,4082.52,2218.2,0.961,24.700418,21
4374,45,96,4083.55,2218.2,0.961,29.583885,21
4384,43,95,4090.88,2217.0,0.896,31.913177,21
4392,41,93,4096.09,2217.0,0.802,30.77321,21
4396,42,91,4099.31,2218.4,0.793,31.093967,21
4399,43,90,4101.89,2219.6,0.793,28.99794,21
4403,43,90,4105.96,2220.8,0.802,27.247698,21
4404,43,91,4107.05,2221.2,0.802,30.333746,21
4406,42,92,4108.14,2222.2,0.812,30.608238,21
4409,41,93,4111.22,2223.4,0.812,28.783466,21
4411,41,94,4113.05,2224.0,0.821,32.183384,21
4412,43,95,4113.88,2224.4,0.821,34.962254,21
4415,42,97,4116.53,2225.6,0.83,32.630054,21
4419,41,100,4120.76,2227.0,0.868,34.00872,21
4421,48,101,4123.46,2227.8,0.877,35.38812,21
4422,49,101,4124.47,2228.0,0.896,35.845688,21
4425,49,101,4127.33,2229.2,0.952,29.26474,21
4427,46,104,4129.32,2230.2,0.98,29.059563,21
4428,46,105,4130.12,2230.8,0.98,29.030867,21
4430,45,105,4131.66,2232.0,0.97,27.02594,21
4432,43,105,4133.55,2232.6,0.961,22.761864,21
4435,43,107,4135.65,2233.0,0.942,22.74311,21
4437,43,104,4137.24,2233.4,0.933,22.902927,21
4438,42,109,4138.1,2233.6,0.924,23.231007,21
4440,42,107,4140.07,2234.0,0.914,22.850536,21
4441,43,109,4140.78,2234.0,0.905,22.968452,21
4450,43,111,4147.84,2234.6,0.886,22.08042,21
4458,0,113,4149.84,2234.6,0.644,24.160536,21
4465,41,115,4155.16,2234.4,0.411,20.163574,21
4467,41,115,4156.78,2235.4,0.616,15.476316,21
4469,43,114,4158.61,2236.6,0.746,-0.77870816,21
4471,44,115,4160.19,2238.0,0.793,-3.1794653,21
4473,43,115,4161.58,2239.6,0.83,-6.1447573,21
4474,43,115,4162.66,2240.2,0.83,-7.4058757,21
4475,42,115,4163.48,2240.8,0.83,-8.722782,21
4477,80,112,4165.06,2242.0,0.849,-11.178628,21
4478,80,117,4165.75,2242.4,0.858,-12.354856,21
4480,80,117,4166.93,2243.2,0.961,-12.634561,21
4483,80,119,4169.85,2244.2,1.026,-14.726619,21
4484,43,120,4170.72,2244.6,1.064,-16.347776,21
4487,0,123,4173.56,2245.6,1.017,-18.574282,21
4491,45,125,4174.37,2246.0,0.821,-19.198643,21
4497,46,126,4181.25,2246.2,0.83,-19.917366,21
4508,75,125,4189.78,2245.8,0.905,-16.698053,21
4515,45,122,4196.0,2245.8,0.83,-8.9480295,21
4519,43,122,4198.68,2246.8,0.821,-8.674706,21
4520,43,121,4199.27,2246.8,0.802,-7.036475,21
4530,0,118,4204.73,2245.8,0.896,-5.126861,21
4531,0,118,4204.97,2245.4,0.84,-3.8134003,21
4532,0,118,4205.21,2245.2,0.812,-3.451195,21
4534,0,118,4205.46,2244.4,0.728,-1.9252899,21
4537,0,119,4205.64,2243.2,0.0,0.38817984,21
4539,0,119,4205.64,2242.4,0.0,1.9441036,21
4540,0,119,4205.64,2241.8,0.0,3.1146615,21
4542,0,119,4205.64,2240.4,0.0,5.840525,21
4544,0,120,4205.64,2239.0,0.0,8.565913,21
4547,0,118,4205.64,2237.8,0.0,10.902028,21
4552,41,115,4205.68,2237.2,0.0,12.070323,21
4555,41,114,4208.17,2236.6,0.0,13.256814,21
4559,44,113,4215.45,2236.2,0.784,14.961606,21
4563,44,110,4222.68,2236.2,0.924,18.460691,21
4566,50,107,4225.74,2236.0,1.138,22.151691,21
4570,47,106,4229.91,2236.0,1.082,23.460953,21
4573,47,102,4232.82,2236.4,1.054,23.542034,21
4576,46,99,4235.88,2237.2,1.026,19.030447,22
4578,46,99,4237.49,2238.0,1.017,17.778212,22
4580,44,98,4239.13,2239.0,0.998,18.612371,22
4583,44,97,4241.25,2240.2,0.924,16.07227,22
4586,42,100,4243.06,2241.2,0.84,14.821329,22
4587,77,101,4243.76,2241.4,0.84,14.922943,22
4591,41,104,4246.65,2242.2,0.849,13.585622,22
4592,74,104,4247.3,2242.4,0.83,17.061707,22
4593,74,104,4247.9,2242.6,0.821,16.825138,22
4596,75,107,4249.77,2242.8,0.83,16.71494,22
4600,75,110,4252.26,2243.2,0.812,15.498863,22
4607,75,114,4256.89,2243.4,0.793,15.878256,22
4609,73,116,4258.5,2243.4,0.784,19.781042,22
4611,69,119,4259.99,2243.8,0.774,19.656609,22
4613,71,122,4261.53,2244.2,0.765,20.829124,22
4615,73,124,4263.35,2244.6,0.718,20.753164,22
4620,78,126,4267.2,2245.6,0.616,20.598888,22
4621,78,126,4267.67,2245.8,0.588,23.054764,22
4625,76,123,4270.71,2246.2,0.634,23.865368,22
4631,41,122,4275.9,2246.8,0.681,25.215334,22
4636,79,123,4279.92,2247.8,0.728,23.733582,22
4644,77,125,4285.32,2248.2,0.793,25.489414,22
4649,0,125,4287.29,2247.2,0.718,28.46896,22
4653,0,125,4287.79,2247.2,0.0,26.189312,22
4661,40,127,4293.87,2248.4,0.0,24.1736,22
4663,79,127,4295.66,2249.0,0.0,19.061848,22
4667,42,127,4299.29,2250.2,0.0,17.448343,22
4671,45,126,4304.02,2251.4,0.0,14.434456,22
4672,45,126,4305.26,2251.6,0.0,10.616299,22
4676,53,128,4309.56,2252.6,0.0,8.996753,22
4679,50,129,4312.82,2253.8,0.0,5.963437,22
4682,48,131,4315.87,2255.2,0.0,2.29782,22
4684,47,131,4317.69,2256.4,0.0,-1.9157205,22
4686,46,131,4319.75,2257.4,0.0,-3.960645,22
4688,45,131,4321.4,2258.6,0.0,-5.8834276,22
4693,47,132,4326.08,2259.6,0.0,-7.970512,22
4694,47,132,4327.08,2259.8,0.0,-9.638608,22
4698,46,133,4330.88,2260.8,0.0,-11.604867,22
4704,46,133,4335.61,2261.2,0.0,-13.249771,22
4712,40,130,4341.18,2261.6,0.0,-16.598999,22
4725,77,130,4349.77,2261.2,0.523,-16.635406,22
4730,75,130,4353.04,2259.6,0.774,-15.136722,22
4732,75,130,4353.96,2259.0,0.802,-16.340738,22
4734,75,130,4354.84,2258.6,0.793,-15.875393,22
4741,40,132,4359.6,2257.8,0.597,-14.582692,22
4743,40,134,4360.94,2257.4,0.429,-13.982851,22
4750,44,137,4366.08,2256.8,0.681,-13.150121,22
4753,45,138,4369.05,2256.4,0.718,-12.865122,22
4758,50,138,4375.12,2255.4,0.98,-11.90462,22
4759,49,138,4376.46,2255.4,0.98,-11.503535,22
4765,52,135,4383.49,2254.6,1.017,-10.372723,22
4766,53,136,4384.7,2254.4,1.026,-11.405453,22
4769,51,133,4388.59,2254.2,1.054,-10.953397,22
4777,46,132,4397.23,2253.0,1.092,-9.443074,22
4783,46,131,4402.35,2252.0,1.054,-11.997829,22
4784,45,130,4403.39,2251.8,1.045,-13.569243,22
4788,47,131,4407.4,2251.0,1.045,-11.049047,22
4793,46,127,4411.37,2250.2,1.036,-10.329684,22
4794,45,128,4412.05,2250.2,1.036,-10.207152,22
4796,43,127,4414.12,2249.8,1.026,-9.54595,22
4797,43,124,4415.22,2249.6,1.017,-8.507967,22
4801,46,128,4419.29,2249.6,1.008,-8.68033,22
4807,47,127,4424.84,2249.6,1.008,-8.469198,22
4818,44,127,4434.48,2248.8,0.97,-7.493123,22
4823,45,125,4439.78,2248.6,0.942,-4.1172476,22
4827,43,126,4442.28,2248.2,0.914,-3.7625978,22
4829,43,127,4443.95,2247.4,0.924,-2.3755546,22
4831,43,124,4445.51,2246.8,0.924,0.98481613,22
4833,44,122,4447.44,2246.2,0.914,2.01957,22
4834,45,122,4448.59,2246.0,0.914,2.4422307,22
4837,49,120,4452.57,2245.4,0.961,3.5462,22
4842,49,121,4457.82,2245.0,1.017,4.5825596,22
4846,48,120,4462.51,2245.0,1.054,5.934611,22
4849,48,119,4465.94,2245.0,1.064,8.866984,22
4854,48,116,4471.54,2245.2,1.064,10.508147,22
4862,50,113,4481.05,2245.2,1.092,13.310793,23
4873,46,112,4493.17,2244.6,1.12,24.147207,23
4885,48,115,4504.9,2246.2,1.11,32.1407,23
4889,0,115,4508.38,2247.4,1.101,47.950058,23
4891,0,118,4508.52,2248.0,1.008,53.717205,23
4892,0,119,4508.52,2248.2,0.952,53.39861,23
4894,0,119,4509.38,2248.4,0.746,53.079105,23
4897,0,122,4512.04,2248.8,0.0,55.182568,23
4899,48,122,4514.51,2249.0,0.0,58.149036,23
4901,47,124,4517.39,2249.6,0.0,60.0,22
4903,46,122,4520.0,2250.6,0.299,60.0,22
4907,48,122,4524.1,2251.8,0.821,60.0,22
4908,48,126,4525.32,2252.2,0.886,60.0,22
4910,48,126,4526.58,2253.4,0.961,60.0,22
4912,46,127,4529.06,2254.6,0.998,60.0,22
4913,46,130,4529.99,2255.2,0.998,60.0,22
4914,45,131,4530.61,2255.8,0.998,60.0,22
4916,45,135,4531.71,2256.8,0.896,60.0,22
4917,45,136,4532.37,2256.8,0.896,60.0,22
4919,44,145,4533.92,2256.8,0.877,60.0,22
4920,47,147,4535.08,2256.8,0.877,60.0,22
4923,48,150,4538.0,2257.6,0.914,60.0,22
4924,48,150,4538.83,2258.0,0.914,60.0,22
4925,47,150,4539.55,2258.4,0.914,60.0,22
4927,46,150,4540.96,2259.6,0.914,60.0,22
4929,44,150,4543.35,2261.0,0.924,60.0,22
4931,48,150,4545.96,2262.4,0.961,60.0,22
4933,49,150,4548.35,2264.4,1.008,60.0,22
4935,51,150,4551.1,2266.2,1.008,60.0,22
4937,50,151,4553.45,2267.8,1.045,60.0,22
4939,50,150,4554.99,2269.8,1.064,60.0,22
4940,50,150,4556.09,2271.2,1.064,60.0,22
4941,50,151,4557.02,2272.0,1.064,60.0,22
4942,50,151,4558.1,2273.0,1.064,60.0,22
4943,49,151,4559.06,2274.0,1.054,60.0,22
4944,48,151,4559.87,2275.2,1.045,60.0,22
4946,47,151,4562.16,2276.8,1.045,60.0,22
4948,47,151,4563.41,2278.2,1.026,60.0,22
4950,46,151,4564.69,2279.4,0.998,60.0,22
4951,46,151,4565.39,2280.2,0.989,60.0,22
4952,45,150,4566.25,2280.6,0.98,60.0,22
4955,44,150,4568.42,2281.8,0.952,60.0,22
4957,45,150,4568.48,2283.0,0.905,60.0,22
4959,0,150,4569.61,2284.6,0.84,60.0,22
4962,0,150,4572.39,2285.8,0.812,60.0,22
4964,0,151,4574.42,2287.2,0.793,60.0,21
4966,47,151,4576.84,2288.4,0.821,60.0,21
4968,48,151,4579.01,2289.4,0.858,60.0,21
4970,49,150,4581.11,2290.6,0.877,57.681385,21
4972,50,150,4583.88,2291.8,0.896,57.337727,21
4974,50,148,4586.2,2293.0,0.942,59.098236,21
4976,50,148,4588.31,2294.0,0.961,54.975403,21
4978,50,148,4591.0,2294.8,0.98,49.09538,21
4979,49,148,4592.26,2295.6,0.989,49.947853,21
4981,49,148,4594.33,2297.2,0.998,48.100487,21
4982,49,148,4595.4,2298.2,1.008,45.413063,21
4984,49,148,4597.34,2299.4,1.017,44.198345,21
4987,48,148,4600.61,2301.0,1.017,41.692257,21
4989,49,148,4602.95,2302.2,1.026,42.119724,21
4990,50,148,4603.95,2302.8,1.036,41.439186,21
4991,50,148,4604.88,2303.4,1.036,41.2979,21
4993,50,148,4607.29,2304.4,1.036,40.01112,21
4994,50,148,4608.51,2305.6,1.036,38.322914,21
4996,48,148,4610.54,2307.4,1.036,35.758736,21
4998,48,148,4612.75,2308.8,1.045,33.02101,21
4999,48,148,4613.82,2310.2,1.045,31.68868,21
5000,47,149,4615.12,2311.6,1.045,29.738274,21
5001,47,149,4616.19,2312.6,1.045,29.628517,21
5002,47,148,4617.11,2313.6,1.045,28.165962,21
5004,48,148,4619.28,2315.2,1.045,27.127312,21
5007,50,147,4622.43,2316.8,1.045,28.959011,21
5009,50,146,4624.59,2317.8,1.054,33.6851,21
5011,49,146,4626.13,2319.4,1.045,32.457912,21
5012,49,146,4626.77,2319.6,1.036,33.157078,21
5014,46,145,4628.49,2320.6,1.026,31.466995,21
5018,45,145,4632.86,2321.6,1.008,31.031046,21
5020,47,144,4635.09,2321.6,0.998,33.29762,21
5023,49,144,4638.35,2323.2,1.008,30.399824,21
5029,48,141,4644.3,2322.6,1.017,29.886219,21
5031,47,141,4646.62,2322.2,1.017,34.231506,21
5035,49,143,4650.92,2322.0,1.017,32.217968,21
5039,50,144,4655.64,2323.4,1.026,32.217754,21
5042,50,144,4659.13,2324.6,1.036,32.03149,21
5047,50,144,4664.96,2325.6,1.045,31.070923,21
5049,48,144,4667.23,2326.8,1.054,33.076122,21
5050,48,145,4668.18,2328.0,1.054,27.464224,21
5051,49,145,4669.27,2329.0,1.054,26.255863,20
5052,49,145,4670.44,2330.4,1.054,24.303885,21
5053,49,145,4671.52,2331.6,1.064,22.783796,20
5054,48,146,4672.53,2332.6,1.064,21.388409,20
5056,48,146,4674.33,2333.8,1.064,19.562183,20
5059,48,147,4677.69,2335.2,1.054,17.570929,20
5062,48,148,4680.61,2336.6,1.045,15.990842,20
5065,47,148,4683.44,2337.8,1.036,14.968799,20
5068,47,148,4687.04,2338.4,1.026,14.556995,20
5077,44,147,4694.32,2339.0,0.998,14.3106985,20
5081,0,147,4696.17,2339.4,0.924,22.637968,20
5088,48,148,4703.66,2339.6,0.942,21.954151,20
5091,48,148,4706.48,2340.2,0.952,40.31482,20
5094,48,147,4709.23,2340.8,0.961,41.40502,20
5096,46,145,4711.6,2341.2,0.961,43.32695,20
5098,45,144,4713.45,2341.8,0.97,45.66872,20
5099,0,144,4713.87,2342.4,0.97,45.873646,20
5103,0,143,4715.51,2343.0,0.849,45.112087,20
5113,53,143,4727.93,2343.4,0.98,47.313396,20
5119,50,140,4734.6,2344.6,1.054,55.672226,20
5122,49,140,4737.8,2345.8,1.064,60.0,20
5123,50,139,4738.91,2346.2,1.064,59.287663,20
5124,50,139,4739.72,2346.8,1.064,59.70659,20
5127,48,138,4742.59,2348.2,1.054,57.573444,20
5130,0,137,4745.18,2349.8,1.045,49.315456,20
5132,0,137,4745.71,2350.8,0.98,49.965096,20
5135,0,136,4746.01,2352.2,0.849,47.669037,20
5139,0,136,4746.04,2352.2,0.0,47.937836,20
5142,0,135,4746.04,2350.6,0.0,51.480976,20
5144,0,135,4746.04,2349.2,0.0,54.30936,20
5146,0,135,4746.04,2347.4,0.0,57.851357,20
5148,0,134,4746.04,2345.8,0.0,60.0,20
5150,0,133,4746.04,2344.2,0.0,60.0,20
5152,0,129,4746.05,2343.0,0.0,60.0,21
5154,0,126,4746.06,2341.6,0.0,60.0,21
5156,0,123,4746.07,2340.0,0.0,60.0,21
5158,0,122,4746.09,2338.6,0.0,60.0,21
5160,0,120,4746.1,2337.4,0.0,60.0,21
5162,0,117,4746.11,2337.4,0.0,60.0,21
5165,0,115,4746.12,2339.2,0.0,60.0,21
5166,0,114,4746.13,2340.4,0.0,60.0,21
5167,0,114,4746.14,2341.4,0.0,60.0,21
5169,0,113,4746.16,2343.6,0.0,60.0,21
5170,0,112,4746.2,2344.6,0.0,60.0,21
5171,0,111,4746.22,2345.6,0.0,60.0,21
5172,0,109,4746.23,2346.6,0.0,59.68001,21
5174,0,105,4746.24,2348.6,0.0,55.727684,21
5176,0,105,4746.24,2350.6,0.0,51.77536,21
5178,0,107,4746.25,2352.6,0.0,47.823036,21
5180,0,107,4746.26,2353.8,0.0,45.835953,21
5182,0,108,4748.4,2355.6,0.0,42.24869,21
5184,49,108,4751.59,2357.4,0.327,34.089596,21
5185,49,107,4753.07,2358.6,0.336,33.764572,21
5187,50,109,4756.31,2360.4,1.101,28.240662,21
5189,52,112,4759.97,2361.8,1.213,23.2262,21
5191,53,112,4763.18,2363.6,1.39,21.405172,21
5193,53,113,4765.14,2365.6,1.4,15.084263,21
5195,51,114,4767.16,2367.2,1.344,12.660546,21
5197,53,114,4769.87,2368.4,1.26,10.841,21
5199,53,115,4772.69,2370.0,1.232,7.254001,21
5201,52,115,4774.73,2371.2,1.194,5.349107,21
5203,50,116,4777.17,2372.2,1.176,3.5942852,21
5204,50,116,4778.59,2372.8,1.166,5.249048,21
5205,50,116,4779.92,2373.2,1.176,4.678883,21
5207,51,116,4781.85,2374.4,1.176,2.5734317,20
5209,51,116,4783.76,2375.4,1.148,0.76555234,20
5211,51,115,4785.42,2376.6,1.101,-1.5909563,20
5214,43,115,4788.74,2377.8,1.073,-2.9542801,20
5223,46,114,4796.65,2377.0,0.952,-1.5749623,20
5224,43,114,4797.46,2376.8,0.942,12.367619,20
5230,77,112,4802.08,2375.8,0.933,15.584846,20
5233,77,113,4803.54,2375.6,0.914,26.71376,20
5239,0,115,4804.68,2374.6,0.0,48.177372,20
5240,0,115,4804.73,2374.4,0.0,60.0,20
5250,0,112,4805.11,2375.0,0.0,60.0,20
5258,50,111,4811.79,2375.2,0.299,60.0,21
5265,47,111,4819.4,2374.6,0.849,60.0,21
5272,47,108,4826.43,2374.0,0.877,60.0,21
5282,45,106,4835.74,2374.0,0.914,60.0,21
5289,0,104,4841.15,2375.8,0.858,60.0,21
5292,0,106,4841.63,2376.2,0.662,60.0,21
5297,0,107,4842.69,2377.6,0.0,60.0,21
5299,0,108,4844.22,2379.0,0.0,60.0,21
5301,78,110,4846.36,2380.6,0.0,60.0,21
5302,78,110,4847.02,2381.2,0.0,60.0,21
5303,78,111,4847.88,2381.6,0.0,60.0,21
5306,0,113,4849.93,2383.0,0.271,60.0,21
5311,0,115,4852.09,2383.8,0.0,60.0,21
5322,0,114,4852.85,2383.6,0.0,60.0,21
5324,0,113,4852.85,2384.0,0.0,60.0,21
5327,0,112,4852.85,2385.4,0.0,60.0,21
5329,0,110,4852.85,2386.4,0.0,60.0,21
5331,0,106,4852.85,2387.0,0.0,60.0,21
5355,0,104,4852.86,2387.8,0.0,60.0,21
5358,0,103,4852.89,2389.0,0.0,60.0,21
5361,0,104,4853.05,2390.2,0.0,60.0,21
5372,0,101,4853.41,2391.4,0.0,60.0,21
5375,0,99,4853.45,2393.0,0.0,60.0,21
5377,0,98,4853.48,2394.2,0.0,60.0,21
5379,0,94,4853.5,2395.4,0.0,60.0,21
5380,0,91,4853.51,2396.2,0.0,60.0,21
5381,0,89,4853.51,2397.2,0.0,60.0,21
5383,0,89,4853.52,2398.8,0.0,60.0,21
5385,0,90,4853.56,2400.0,0.0,60.0,21
5388,0,90,4853.62,2401.2,0.0,60.0,21
5400,0,90,4854.3,2400.0,0.0,60.0,21
5405,53,91,4854.37,2399.0,0.0,60.0,21
7020,54,68,4854.37,2521.8,1.194,-23.095325,23
7022,54,68,4857.64,2523.2,0.672,-25.789593,23
7023,53,68,4858.84,2523.8,0.793,-29.761726,23
7024,53,68,4860.34,2524.0,1.409,-32.6986,23
7025,53,69,4862.01,2524.4,1.409,-34.32362,23
7027,59,67,4865.44,2525.0,1.381,-34.055965,23
7029,58,69,4868.59,2525.6,1.4,-37.379547,23
7032,58,72,4872.4,2526.6,1.39,-41.373035,23
7037,56,75,4878.31,2526.6,1.344,-42.59293,23
7039,56,78,4880.31,2526.4,1.316,-48.833076,23
7040,57,74,4881.32,2526.2,1.297,-51.10935,23
7041,57,79,4882.36,2526.0,1.288,-53.216084,23
7042,57,78,4883.4,2525.8,1.269,-51.272842,23
7044,0,77,4885.26,2525.8,1.222,-52.626537,23
7047,59,80,4887.03,2525.4,1.12,-53.595673,23
7049,59,78,4888.23,2524.6,1.045,-51.907223,23
7051,56,79,4889.52,2523.6,0.989,-50.61068,23
7052,56,77,4890.29,2523.0,0.98,-50.764088,23
7054,56,76,4891.25,2521.6,0.942,-48.886375,23
7056,54,75,4892.92,2520.2,0.914,-47.79147,23
7057,54,75,4894.28,2519.4,0.924,-46.3308,23
7058,54,74,4895.64,2518.4,0.98,-45.520058,23
7060,52,74,4898.0,2516.8,1.092,-44.903885,23
7062,55,72,4899.7,2515.2,1.101,-44.710518,23
7063,55,73,4900.67,2514.4,1.101,-43.84776,23
7064,55,74,4901.94,2513.4,1.101,-42.753662,23
7066,57,72,4904.14,2512.4,1.11,-46.365517,23
7068,58,73,4906.12,2511.0,1.11,-45.01974,23
7070,58,73,4907.8,2509.8,1.092,-45.886612,23
7072,59,73,4909.58,2508.8,1.036,-44.627174,23
7074,59,73,4911.55,2507.4,1.026,-43.422276,23
7078,64,72,4917.1,2506.8,1.082,-44.009243,23
7080,64,73,4920.5,2506.2,1.166,-45.187634,23
7083,61,71,4924.38,2505.2,1.194,-45.873405,23
7084,61,66,4925.68,2504.6,1.204,-48.24948,23
7085,61,69,4926.78,2504.2,1.213,-48.79817,23
7088,57,69,4928.3,2502.8,1.185,-46.28971,23
7091,57,65,4930.21,2501.4,1.045,-44.622982,23
7092,57,65,4930.8,2501.0,1.026,-44.781918,23
7093,57,65,4931.54,2500.4,1.008,-44.12928,23
7096,57,65,4934.35,2499.2,0.942,-43.227207,23
7097,57,62,4935.17,2499.0,0.914,-43.659225,23
7100,65,59,4937.36,2498.6,0.896,-43.558067,23
7102,65,59,4938.64,2498.4,0.858,-45.98366,23
7104,65,58,4940.37,2498.0,0.858,-43.746117,23
7107,65,57,4942.58,2497.0,0.849,-43.394768,23
7111,58,54,4945.26,2495.6,0.793,-41.984474,23
7112,58,55,4945.47,2495.2,0.765,-41.415783,23
7113,58,52,4945.9,2494.6,0.644,-40.58509,23
7114,58,54,4946.84,2494.2,0.644,-40.13999,23
7116,58,58,4948.69,2493.0,0.746,-36.938232,23
7117,64,59,4949.52,2492.6,0.802,-36.981724,23
7118,64,55,4950.41,2492.4,0.802,-35.864307,23
7119,64,56,4950.93,2492.0,0.793,-35.975952,23
7121,66,53,4952.21,2490.8,0.793,-33.90436,23
7123,66,55,4954.12,2489.0,0.802,-31.474697,23
7124,66,51,4955.2,2488.4,0.821,-28.830933,23
7125,66,53,4956.02,2488.0,0.84,-28.713133,23
7129,66,53,4959.1,2486.8,0.849,-26.8985,23
7132,60,54,4961.76,2485.8,0.83,-26.597832,23
7135,60,54,4965.58,2484.6,0.858,-25.029037,23
7137,60,58,4968.57,2483.4,0.933,-22.753017,23
7138,60,53,4969.88,2482.8,0.961,-21.037914,23
7139,61,54,4971.17,2482.2,0.97,-20.393793,23
7140,61,54,4972.54,2481.8,0.98,-17.657318,23
7142,61,54,4975.35,2480.8,1.008,-16.229181,23
7144,59,52,4977.42,2479.8,1.026,-15.145831,23
7146,58,51,4979.01,2479.2,1.036,-11.930311,23
7148,58,53,4980.8,2478.6,1.045,-11.069426,23
7149,58,52,4981.7,2478.2,1.045,-8.479955,23
7151,57,53,4983.5,2477.4,1.026,-7.0607276,23
7154,57,53,4986.77,2476.2,1.008,-5.3910713,23
7155,57,53,4987.9,2476.0,0.998,-6.452337,23
7159,58,52,4992.3,2475.0,0.998,-4.661925,23
7161,55,52,4993.76,2474.4,0.998,-5.4490848,23
7162,55,49,4994.53,2474.2,0.989,-5.1636114,23
7164,56,52,4996.37,2474.2,0.98,-5.4258413,23
7166,56,55,4998.37,2474.0,0.97,-6.822467,23
7167,56,54,4999.36,2474.0,0.97,-7.098772,23
7169,56,58,5001.3,2473.8,0.961,-8.088757,23
7171,57,55,5003.63,2473.8,0.952,-8.377359,23
7177,53,56,5009.83,2472.8,0.952,-9.635599,23
7180,50,59,5012.34,2472.4,0.942,-13.660127,23
7183,50,60,5016.54,2472.0,0.952,-12.629712,23
7186,57,60,5020.44,2471.8,0.989,-13.295938,23
7191,56,60,5025.82,2472.0,1.017,-17.684248,23
7193,57,59,5027.77,2472.2,1.036,-20.640965,23
7196,58,60,5029.95,2472.8,1.026,-22.597218,23
7197,58,60,5030.56,2473.0,1.008,-26.576653,23
7201,59,65,5033.44,2473.6,0.942,-30.505184,23
7202,60,66,5034.27,2473.8,0.924,-33.26757,23
7204,59,70,5036.41,2473.8,0.905,-33.703243,23
7207,55,70,5040.26,2473.4,0.942,-34.39376,23
7209,57,72,5042.61,2472.6,0.961,-39.580116,23
7211,58,75,5044.65,2472.0,0.98,-43.316845,23
7214,54,73,5046.74,2471.6,0.97,-45.864044,23
7218,54,71,5049.67,2471.4,0.942,-48.578293,23
7223,0,71,5054.3,2470.4,0.886,-53.555637,23
7225,0,71,5056.17,2469.4,0.924,-58.484707,23
7227,0,70,5057.48,2467.8,0.914,-58.230976,23
7229,0,71,5058.89,2466.6,0.905,-55.239372,22
7231,55,68,5061.31,2466.2,0.905,-56.3734,23
7236,61,67,5068.34,2465.4,0.98,-57.88683,22
7237,61,66,5069.45,2465.0,0.989,-60.0,22
7240,121,66,5073.78,2464.2,1.101,-60.0,22
7243,121,65,5078.61,2462.6,1.213,-57.53062,22
7245,62,66,5080.82,2461.4,1.297,-60.0,22
7247,63,66,5082.83,2459.6,1.297,-58.363647,22
7249,61,65,5084.73,2457.8,1.278,-59.73191,22
7251,0,65,5086.21,2456.8,1.194,-60.0,22
7252,0,62,5087.06,2456.2,1.176,-60.0,22
7253,0,61,5088.1,2455.6,1.148,-60.0,22
7254,0,61,5089.31,2455.0,1.138,-60.0,22
7255,0,62,5090.3,2454.2,1.12,-60.0,22
7257,0,64,5092.03,2452.8,1.082,-60.0,22
7259,59,61,5093.94,2451.0,1.054,-58.3645,22
7261,58,62,5095.04,2449.8,1.026,-56.33194,22
7263,57,61,5096.06,2448.4,0.97,-53.302345,22
7266,54,62,5097.58,2447.2,0.933,-51.89892,23
7267,54,61,5098.14,2446.6,0.914,-50.52453,22
7269,54,61,5099.61,2445.8,0.886,-49.444263,23
7272,52,58,5100.95,2444.2,0.858,-47.521797,23
7274,52,55,5102.84,2443.0,0.84,-47.102497,23
7276,55,55,5104.22,2441.8,0.83,-41.9029,23
7278,55,54,5105.42,2440.8,0.784,-41.060097,23
7280,57,53,5106.68,2439.6,0.718,-36.429447,23
7283,56,52,5109.25,2438.4,0.728,-35.155163,23
7284,56,56,5109.92,2438.0,0.737,-35.007362,23
7285,56,52,5110.71,2437.6,0.737,-34.6894,23
7287,56,52,5111.99,2437.2,0.746,-34.535473,23
7291,58,49,5113.71,2436.2,0.746,-33.361347,23
7292,58,51,5113.98,2435.8,0.737,-32.39791,23
7294,0,52,5115.02,2435.0,0.728,-31.143356,23
7298,57,53,5116.39,2434.0,0.653,-29.803532,23
7300,57,53,5118.3,2433.8,0.653,-30.188423,23
7302,57,50,5120.44,2433.6,0.681,-31.338692,23
7304,57,53,5122.59,2433.0,0.718,-29.396614,23
7310,57,56,5128.22,2431.8,0.784,-28.379257,23
7311,57,57,5128.69,2431.4,0.784,-33.780735,23
7314,60,55,5130.21,2430.8,0.784,-32.89214,23
7319,0,54,5131.91,2430.4,0.728,-31.98739,23
7321,0,56,5132.56,2429.8,0.69,-31.882374,23
7324,0,57,5134.07,2428.8,0.644,-30.828697,23
7327,48,57,5135.7,2427.2,0.625,-30.70407,23
7329,48,56,5136.71,2426.0,0.625,-27.459913,23
7330,55,57,5137.25,2425.4,0.625,-26.878351,23
7331,57,58,5137.93,2424.8,0.644,-26.045095,23
7333,57,57,5139.37,2423.4,0.681,-24.831863,23
7335,54,56,5141.3,2422.4,0.737,-23.704468,23
7337,55,58,5142.58,2421.8,0.774,-26.45601,23
7339,57,55,5144.99,2421.6,0.784,-26.876371,23
7341,57,55,5147.4,2421.2,0.849,-31.006634,23
7343,58,54,5150.0,2420.6,0.877,-32.587006,23
7344,59,53,5151.16,2420.2,0.896,-34.559227,23
7346,59,53,5152.36,2419.2,0.914,-35.11619,23
7349,62,52,5154.32,2418.8,0.905,-35.619286,23
7355,0,53,5159.19,2420.2,0.877,-39.170177,23
7359,60,53,5163.03,2420.0,0.877,-31.932798,23
7363,59,51,5166.85,2419.2,0.942,-32.74004,23
7366,58,50,5168.75,2418.6,0.97,-34.082977,23
7370,58,51,5172.98,2417.8,0.97,-29.257164,23
7371,58,51,5174.12,2417.6,0.97,-31.213062,23
7373,58,49,5177.06,2416.8,0.98,-28.058983,23
7375,61,50,5179.36,2415.6,0.989,-25.274939,23
7377,61,51,5182.06,2414.2,1.017,-22.891228,23
7378,61,52,5182.85,2413.8,1.026,-24.566769,23
7379,60,52,5183.98,2413.2,1.036,-23.802574,23
7382,58,51,5187.46,2411.8,1.054,-22.39378,23
7383,58,50,5188.36,2411.6,1.054,-23.121918,23
7385,57,51,5189.44,2410.8,1.064,-23.332722,23
7386,57,51,5189.97,2410.4,1.064,-23.149345,23
7390,56,52,5191.6,2409.4,1.017,-22.226223,23
7392,55,53,5192.68,2408.4,0.97,-20.869139,23
7393,54,54,5192.74,2408.0,0.942,-19.426504,23
7395,53,55,5194.4,2406.8,0.896,-17.351482,23
7397,52,55,5196.36,2405.6,0.662,-15.572062,23
7401,53,54,5198.7,2404.2,0.662,-14.343121,23
7402,53,53,5199.5,2403.6,0.69,-13.794409,23
7404,57,53,5201.06,2402.8,0.709,-15.205088,23
7407,59,51,5202.92,2401.4,0.793,-13.593738,23
7411,55,50,5204.97,2400.4,0.802,-13.196665,23
7413,55,50,5206.65,2400.0,0.784,-16.798397,23
7422,54,50,5216.05,2400.2,0.784,-19.75394,23
7428,57,50,5222.13,2401.4,0.793,-33.824543,23
7429,57,50,5224.27,2401.8,0.802,-51.519356,23
7432,54,50,5227.08,2402.4,0.84,-58.01183,23
7437,53,52,5230.09,2402.6,0.83,-60.0,23
7443,53,56,5232.78,2402.2,0.774,-60.0,23
7446,53,55,5235.27,2401.0,0.746,-60.0,23
7448,55,55,5236.16,2400.0,0.737,-60.0,23
7449,55,56,5236.49,2399.8,0.728,-60.0,23
7457,56,54,5240.11,2400.0,0.69,-60.0,23
7462,63,55,5244.67,2398.8,0.709,-60.0,23
7468,63,55,5248.94,2397.8,0.746,-60.0,23
7469,63,55,5249.42,2397.6,0.746,-60.0,23
7476,0,56,5253.95,2397.4,0.83,-60.0,23
7478,57,55,5255.54,2396.6,0.84,-60.0,23
7481,57,56,5257.14,2395.0,0.83,-60.0,23
7482,57,56,5257.5,2394.4,0.821,-60.0,22
7483,57,56,5257.8,2393.8,0.821,-60.0,22
7489,58,56,5261.13,2392.4,0.765,-60.0,22
7492,58,55,5262.37,2391.4,0.746,-60.0,22
7498,57,57,5263.49,2390.2,0.69,-60.0,22
7503,57,58,5267.67,2389.2,0.756,-60.0,22
7504,53,57,5268.07,2389.0,0.737,-60.0,22
7507,53,58,5269.45,2388.0,0.672,-60.0,22
7512,0,58,5271.34,2386.6,0.0,-60.0,22
7516,0,60,5271.99,2385.6,0.0,-60.0,22
7518,0,57,5273.12,2384.4,0.0,-60.0,22
7520,0,59,5274.11,2382.8,0.0,-60.0,22
7522,61,57,5274.76,2381.6,0.0,-60.0,22
7524,64,56,5275.15,2380.2,0.0,-60.0,22
7526,0,60,5275.24,2379.0,0.0,-60.0,22
7528,0,59,5276.04,2378.2,0.0,-60.0,22
7529,0,60,5276.33,2377.8,0.0,-60.0,22
7534,42,61,5277.57,2376.6,0.0,-60.0,22
7536,42,62,5278.09,2375.8,0.0,-60.0,22
7537,44,62,5278.25,2375.6,0.0,-60.0,22
7540,0,62,5279.28,2374.4,0.0,-59.563915,22
7543,0,62,5279.81,2373.2,0.0,-58.211823,22
7544,0,62,5280.21,2372.4,0.0,-57.11861,22
7545,0,62,5280.52,2371.8,0.0,-54.175358,22
7548,0,62,5281.26,2370.4,0.0,-51.773327,22
7554,0,62,5285.08,2369.8,0.0,-51.385887,22
7556,0,62,5286.49,2369.2,0.0,-52.76199,22
7558,0,62,5287.05,2368.2,0.0,-52.136936,22
7559,0,62,5287.89,2367.8,0.0,-52.224655,22
7560,0,62,5288.43,2367.2,0.0,-50.313625,22
7561,0,63,5288.73,2366.6,0.0,-49.604847,22
7563,0,62,5290.52,2365.2,0.0,-47.334084,22
7565,50,62,5291.82,2363.4,0.0,-45.380005,22
7567,51,60,5292.86,2362.0,0.0,-41.824165,22
7568,51,61,5293.37,2361.2,0.233,-41.087597,22
7570,58,60,5294.0,2360.4,0.383,-39.95808,22
7573,58,60,5296.76,2359.4,0.709,-38.341328,22
7575,58,59,5298.88,2358.8,0.84,-31.759342,22
7577,57,59,5301.31,2358.0,0.858,-31.517042,22
7579,57,58,5303.83,2356.4,0.942,-24.503979,22
7581,57,58,5307.33,2355.0,1.064,-22.98976,22
7582,57,57,5309.11,2354.2,1.138,-15.405978,22
7583,57,57,5310.34,2353.2,1.148,-13.950739,22
7585,59,56,5313.59,2351.8,1.194,-9.123163,22
7588,59,55,5316.04,2350.6,1.25,-1.1536531,22
7591,60,54,5319.37,2349.4,1.26,2.2454126,22
7593,59,55,5321.71,2348.0,1.25,5.156275,22
7595,58,53,5325.96,2346.8,1.269,9.345603,22
7598,59,51,5330.11,2345.0,1.288,13.798555,22
7600,60,51,5332.68,2343.8,1.297,15.161244,22
7601,60,53,5333.69,2343.6,1.306,14.623063,22
7604,60,53,5337.2,2342.6,1.316,15.207204,22
7607,58,52,5340.9,2341.6,1.316,17.0185,22
7610,59,51,5343.85,2340.4,1.306,17.33795,22
7612,59,50,5346.14,2340.2,1.278,16.579222,22
7615,58,51,5350.9,2340.6,1.288,13.286914,22
7617,58,51,5354.09,2341.6,1.297,6.6382127,22
7619,58,50,5356.14,2343.4,1.297,2.622573,22
7621,58,51,5358.99,2345.2,1.297,-0.7807841,22
7622,45,51,5360.35,2346.2,1.297,-4.1164713,22
7623,45,51,5361.47,2347.2,1.297,-5.8494134,22
7624,45,51,5362.54,2348.0,1.278,-7.2777367,22
7627,47,53,5365.22,2349.0,1.222,-9.095047,22
7632,43,55,5369.43,2350.0,1.166,-11.280679,22
7633,41,59,5370.49,2350.6,1.148,-13.289674,22
7635,40,61,5373.02,2351.2,1.129,-14.71676,22
7636,41,64,5374.08,2351.6,1.138,-15.788631,22
7638,41,68,5376.63,2351.8,1.148,-16.62097,22
7639,50,71,5377.54,2352.0,1.148,-18.522608,22
7640,50,71,5378.81,2352.0,1.157,-18.277626,22
7641,51,74,5380.25,2351.8,1.166,-18.325016,22
7643,51,77,5383.19,2351.4,1.204,-18.081587,22
7645,52,81,5386.07,2351.0,1.241,-19.463236,22
7647,53,78,5388.85,2350.6,1.269,-18.299726,22
7648,53,81,5390.43,2350.4,1.278,-15.466468,22
7649,53,81,5391.7,2350.0,1.288,-15.192805,22
7651,53,83,5394.44,2349.2,1.306,-13.994606,22
7652,53,87,5396.07,2348.6,1.316,-14.211373,22
7653,53,84,5397.36,2348.0,1.325,-13.479952,22
7654,54,84,5398.79,2347.4,1.334,-13.368927,22
7655,54,79,5400.18,2346.6,1.344,-12.25389,22
7656,54,79,5401.98,2346.0,1.353,-11.393114,22
7661,56,76,5407.42,2345.0,1.372,-10.891134,22
7662,55,79,5408.92,2344.8,1.372,-15.549562,22
7671,58,78,5422.28,2343.8,1.39,-14.035204,22
7672,55,77,5423.67,2343.6,1.4,-15.240828,22
7673,55,73,5424.63,2343.6,1.4,-15.645659,22
7675,54,76,5427.49,2343.4,1.409,-15.538854,22
7678,52,74,5431.15,2342.6,1.409,-14.841145,22
7679,52,78,5432.32,2342.2,1.409,-11.988508,22
7681,52,75,5434.49,2341.4,1.409,-8.274105,22
7683,47,75,5436.51,2341.0,1.39,-7.894675,22
7689,44,78,5441.71,2341.4,1.25,-8.903061,22
7693,42,77,5446.46,2342.2,1.194,-10.791917,22
7698,45,79,5451.16,2341.2,1.157,-5.2400703,22
7700,45,80,5453.52,2340.2,1.157,-0.76627666,22
7702,50,78,5455.8,2339.4,1.157,1.5701219,22
7703,51,78,5456.92,2339.0,1.157,3.9145129,22
7706,53,75,5460.21,2337.8,1.157,8.175677,22
7709,56,77,5463.58,2336.6,1.166,10.440874,22
7712,56,78,5468.64,2335.2,1.176,13.907905,22
7719,58,75,5480.17,2334.4,1.297,20.997206,22
7720,57,74,5481.47,2334.8,1.316,29.198326,22
7726,59,72,5490.71,2336.2,1.4,26.648844,22
7727,59,71,5492.33,2336.6,1.409,29.108227,22
7728,59,74,5493.54,2336.8,1.418,28.224705,22
7730,59,75,5496.71,2337.4,1.437,27.760305,21
7733,59,72,5500.43,2338.0,1.456,28.295334,21
7734,59,73,5501.57,2338.4,1.456,29.561218,21
7736,59,74,5503.87,2339.2,1.456,28.654558,21
7737,59,77,5504.92,2339.8,1.456,25.078138,21
7738,57,80,5506.29,2340.2,1.446,24.847214,21
7739,57,76,5507.43,2340.6,1.437,24.733316,21
7740,58,78,5508.71,2341.0,1.428,24.483963,21
7744,56,81,5514.26,2342.0,1.39,23.160698,21
7745,56,82,5515.94,2342.2,1.381,21.906506,21
7747,59,86,5519.33,2343.4,1.381,20.405626,21
7749,59,87,5522.81,2345.0,1.39,18.657768,21
7751,59,87,5525.9,2346.4,1.418,15.589369,21
7753,58,89,5528.2,2347.8,1.446,10.325183,21
7755,55,88,5531.05,2349.0,1.465,8.543598,21
7757,55,92,5533.52,2349.6,1.465,7.8377957,21
7758,55,92,5534.71,2350.0,1.456,6.0470214,21
7762,55,99,5539.64,2350.8,1.409,4.65635,21
7763,55,95,5540.82,2351.0,1.4,2.360743,21
7764,55,96,5542.08,2351.2,1.381,-0.3928768,21
7770,57,98,5551.91,2352.6,1.362,-3.2563977,21
7775,55,100,5559.01,2353.6,1.4,-8.927233,21
7776,54,100,5560.08,2353.6,1.4,-11.843763,21
7784,59,101,5571.05,2354.4,1.381,-13.658044,21
7786,59,101,5574.2,2354.6,1.372,-20.570854,21
7791,54,98,5582.4,2354.4,1.381,-22.197077,21
7794,56,99,5586.68,2353.6,1.418,-30.330097,21
7795,56,98,5588.14,2353.2,1.428,-31.955696,21
7797,57,101,5590.73,2352.6,1.437,-32.354534,21
7798,57,100,5591.99,2352.2,1.437,-33.366394,21
7802,55,98,5597.75,2351.0,1.428,-31.797192,21
7803,55,95,5599.24,2350.8,1.418,-34.687683,21
7808,52,95,5605.78,2350.0,1.4,-34.25469,21
7812,51,93,5611.51,2348.8,1.381,-35.715233,21
7815,51,93,5617.14,2347.4,1.39,-34.090603,21
7817,51,92,5620.29,2346.4,1.4,-34.003056,21
7819,57,91,5622.74,2345.2,1.409,-32.388058,21
7821,55,87,5624.8,2344.0,1.418,-27.868713,21
7822,55,86,5626.17,2343.2,1.428,-27.4697,21
7823,61,86,5627.88,2342.4,1.437,-25.050001,21
7825,61,85,5630.25,2340.8,1.428,-21.140387,21
7827,62,85,5633.21,2339.4,1.39,-15.365957,21
7829,62,85,5635.46,2338.2,1.372,-14.372774,21
7831,53,86,5637.81,2337.2,1.353,-12.118511,21
7832,53,85,5638.8,2336.8,1.334,-11.974704,21
7834,51,84,5640.38,2336.2,1.278,-11.071182,21
7837,48,80,5642.31,2335.8,1.101,-10.62013,21
7840,48,82,5645.9,2335.0,1.064,-9.468813,21
7841,48,82,5647.26,2334.6,1.064,-8.879477,21
7844,48,80,5650.2,2333.8,1.054,-7.518982,21
7848,48,79,5654.43,2332.6,1.045,-5.8105583,21
7849,47,76,5655.15,2332.4,1.045,-7.627327,21
7851,47,78,5657.51,2331.6,1.045,-6.2058563,21
7856,48,76,5664.09,2330.4,1.036,-4.4437504,21
7860,50,76,5668.66,2329.4,1.036,-3.5667272,21
7863,46,73,5671.47,2328.8,1.045,-0.38134882,21
7865,44,71,5672.69,2328.6,1.008,0.78772116,21
7868,44,71,5675.06,2328.6,0.98,1.9886863,21
7871,44,67,5677.25,2329.4,0.942,2.3440917,21
7872,42,71,5678.03,2329.6,0.933,4.3617043,21
7874,41,68,5680.05,2330.2,0.905,5.290591,21
7875,42,70,5680.87,2330.6,0.896,4.7125025,21
7878,45,72,5683.3,2331.6,0.886,2.7949042,21
7886,53,73,5693.29,2331.0,1.036,5.8662367,21
7890,55,77,5697.95,2330.2,1.12,8.971116,21
7894,51,77,5702.17,2330.0,1.166,11.860527,21
7896,47,75,5704.03,2329.6,1.176,16.256504,21
7899,47,75,5707.09,2329.2,1.148,19.492357,21
7903,0,75,5711.6,2328.4,1.092,23.686344,21
7905,0,69,5713.93,2328.0,1.082,29.460644,21
7906,0,70,5715.02,2327.8,1.082,32.461964,21
7912,53,67,5721.31,2327.6,1.082,33.491467,21
7914,53,69,5722.46,2328.6,1.092,36.943035,21
7915,53,69,5723.06,2329.0,1.092,36.248096,21
7916,53,68,5724.8,2329.6,1.092,35.661438,21
7917,53,65,5726.23,2330.2,1.092,31.539078,21
7918,53,69,5726.91,2330.6,1.092,31.772005,21
7920,53,70,5730.03,2331.8,1.092,30.309624,21
7922,53,74,5733.43,2333.0,1.101,20.923557,21
7924,0,76,5735.1,2334.0,1.11,20.40037,21
7925,54,79,5735.1,2334.4,1.11,20.186054,21
7930,50,82,5739.34,2335.0,1.045,19.025707,21
7931,50,83,5740.18,2335.2,1.045,14.604595,21
7936,50,86,5745.95,2335.2,1.045,13.305545,21
7939,55,89,5749.12,2335.0,1.045,3.5816746,21
7942,53,89,5752.73,2336.2,1.082,-3.3535457,21
7944,55,90,5755.32,2338.0,1.092,-7.1856246,21
7946,55,92,5756.42,2339.4,1.101,-9.68239,21
7948,53,94,5758.25,2340.4,1.101,-11.90302,21
7949,53,95,5759.42,2341.0,1.101,-12.17068,21
7950,53,96,5760.35,2341.4,1.101,-9.365839,21
7952,53,98,5761.97,2342.8,1.092,-12.362825,21
7955,50,101,5765.16,2344.0,1.082,-11.05882,21
7958,49,102,5767.82,2345.0,1.064,-11.047793,21
7959,50,102,5768.79,2345.6,1.064,-10.9258995,21
7960,49,102,5769.96,2346.2,1.054,-12.361036,21
7962,49,102,5772.01,2347.2,1.045,-11.119272,21
7963,48,102,5772.91,2347.6,1.036,-8.619576,21
7968,46,99,5778.3,2348.0,1.008,-6.090465,21
7969,46,102,5779.54,2347.6,0.998,-2.7718782,21
7974,46,101,5784.82,2346.0,0.98,1.5734283,21
7976,46,103,5786.99,2344.6,0.97,4.331162,21
7978,56,102,5789.48,2343.4,0.97,7.4228573,21
7979,59,101,5790.64,2342.6,0.98,9.293529,21
7980,59,100,5791.82,2342.0,0.98,10.726494,21
7982,59,99,5793.68,2340.2,1.017,15.385113,21
7984,58,98,5795.55,2338.6,1.036,18.965559,21
7986,117,98,5798.4,2336.8,1.045,22.84895,21
7988,58,97,5802.34,2335.4,1.222,26.921848,21
7991,58,94,5806.6,2334.4,1.278,29.147251,21
7993,58,91,5809.1,2334.4,1.297,30.257929,21
7994,58,94,5810.41,2334.8,1.306,28.809526,21
7997,54,93,5814.33,2336.6,1.325,26.085663,21
7999,54,93,5817.73,2338.2,1.325,19.326086,21
8000,54,92,5819.21,2339.2,1.325,18.621998,21
8001,54,91,5820.71,2340.0,1.325,15.692022,21
8003,52,92,5823.11,2341.6,1.316,13.099793,21
8005,50,92,5825.67,2343.2,1.316,10.613148,21
8007,48,94,5827.75,2344.8,1.306,5.768081,21
8008,49,95,5829.11,2345.4,1.297,4.853556,21
8009,50,96,5830.19,2346.2,1.288,3.448277,21
8013,51,99,5835.77,2346.8,1.269,2.358466,21
8017,47,100,5841.23,2346.8,1.26,0.0,21
8021,46,101,5845.55,2347.4,1.25,-3.8943174,21
8024,44,100,5849.09,2348.4,1.232,-6.342566,21
8027,47,101,5852.35,2349.0,1.204,-3.4644585,21
8031,49,101,5856.8,2349.0,1.166,-0.7889795,21
8035,46,103,5861.01,2349.6,1.138,-1.9659271,21
8036,46,100,5861.97,2349.8,1.129,-0.37301165,21
8044,43,99,5868.46,2349.8,1.036,-0.37985846,21
8050,42,99,5874.07,2348.6,0.952,3.363218,21
8051,44,98,5875.27,2348.6,0.952,1.9340328,21
8056,46,94,5881.35,2348.2,0.952,2.762803,21
8057,45,93,5882.55,2348.0,0.961,1.4694191,21
8060,48,92,5885.65,2347.6,0.97,2.258788,21
8061,48,90,5886.66,2347.6,0.98,2.39289,21
8065,47,90,5890.82,2346.8,1.008,7.7656603,21
8067,48,89,5892.85,2346.4,1.017,12.4312105,21
8072,47,86,5895.23,2345.4,0.97,16.525434,21
8073,47,85,5896.5,2345.2,0.961,16.980461,21
8075,47,82,5898.44,2345.0,0.942,17.806328,21
8077,47,81,5901.09,2345.2,0.933,21.217207,21
8079,47,84,5903.14,2346.0,0.933,22.674006,21
8080,48,85,5903.59,2347.2,0.924,22.354786,21
8082,48,84,5905.08,2348.4,0.924,22.05612,21
8086,40,89,5909.36,2348.6,0.896,22.372774,21
8087,0,86,5911.11,2348.6,0.886,24.171783,21
8094,0,86,5916.69,2349.4,0.802,25.194475,21
8095,0,86,5917.15,2349.6,0.793,30.088482,21
8102,41,83,5923.92,2350.4,0.774,28.898798,21
8103,41,86,5925.06,2350.4,0.774,32.92463,21
8105,41,86,5927.39,2350.4,0.793,33.663822,21
8114,44,87,5935.55,2349.6,0.849,36.938004,21
8120,45,84,5941.32,2348.8,0.886,39.45089,21
8122,47,85,5943.64,2348.8,0.896,41.0976,21
8125,50,83,5947.51,2350.8,0.914,35.355076,21
8127,50,85,5950.18,2352.8,0.961,33.57123,21
8128,50,88,5951.22,2354.0,0.98,32.51378,21
8129,51,86,5952.38,2355.0,0.998,31.369596,21
8130,51,88,5953.73,2356.0,1.008,29.950548,21
8131,52,91,5955.06,2357.0,1.017,29.441494,21
8132,52,91,5956.69,2357.6,1.036,29.249165,21
8133,52,93,5958.61,2358.4,1.045,28.455383,21
8135,53,91,5961.77,2359.8,1.082,28.772194,21
8137,53,94,5963.7,2360.2,1.12,30.354597,21
8139,52,96,5965.71,2360.8,1.129,34.63048,21
8141,53,98,5967.85,2362.2,1.138,33.31432,21
8143,54,98,5971.24,2363.4,1.166,34.636837,21
8145,55,99,5973.63,2365.0,1.176,42.146347,21
8147,55,103,5975.74,2366.2,1.166,42.850285,21
8148,55,103,5977.22,2366.4,1.166,46.247936,21
8152,54,104,5982.67,2367.6,1.185,43.827602,21
8155,53,103,5986.27,2368.6,1.194,38.116184,21
8156,51,104,5987.69,2368.8,1.204,33.022552,21
8159,50,107,5991.28,2368.8,1.222,34.049164,21
8164,53,110,5997.12,2369.4,1.222,35.15935,21
8166,52,109,5999.68,2369.8,1.232,32.97235,21
8168,53,109,6002.09,2370.4,1.241,27.938307,21
8170,53,107,6004.47,2371.0,1.241,23.279709,21
8173,50,105,6008.29,2372.0,1.241,22.33031,21
8174,49,106,6009.34,2373.2,1.241,18.197105,21
8175,48,105,6010.53,2374.4,1.241,16.239271,21
8176,48,108,6011.84,2375.0,1.241,15.499633,21
8177,48,108,6013.29,2375.4,1.232,15.023766,21
8179,48,110,6015.89,2376.6,1.241,11.246297,21
8181,53,111,6018.48,2379.0,1.25,7.0882792,21
8182,54,111,6019.6,2381.0,1.26,1.5430164,21
8183,55,112,6020.86,2383.4,1.26,-3.1376405,21
8184,55,112,6022.38,2385.2,1.269,-6.582503,21
8185,54,114,6023.89,2386.6,1.278,-9.452594,21
8186,53,110,6025.28,2387.8,1.288,-12.072708,21
8187,52,110,6026.5,2388.8,1.297,-14.318088,21
8189,52,111,6029.11,2390.0,1.306,-18.252071,21
8194,58,113,6035.42,2390.4,1.325,-18.739412,21
8200,61,115,6042.39,2388.8,1.334,-17.814812,21
8204,56,116,6047.46,2387.4,1.316,-19.820774,21
8207,58,117,6051.96,2386.4,1.306,-18.273611,21
8210,59,116,6057.04,2385.0,1.325,-14.672041,21
8213,59,113,6062.14,2383.8,1.372,-9.9941635,21
8217,54,110,6066.71,2383.0,1.418,-4.936729,21
8220,53,108,6070.67,2382.6,1.409,-1.9734194,21
8223,55,107,6075.33,2381.8,1.39,4.287254,21
8224,55,107,6076.93,2381.6,1.39,9.315813,21
8227,55,104,6081.6,2380.8,1.39,11.186414,21
8228,56,104,6083.11,2380.6,1.4,19.229546,21
8230,56,102,6086.02,2380.0,1.409,24.13459,21
8232,56,99,6088.72,2379.8,1.418,31.934586,21
8233,56,101,6090.22,2379.4,1.418,37.813496,21
8236,56,99,6093.89,2378.0,1.428,42.33578,21
8237,55,100,6095.4,2377.2,1.428,49.544518,21
8238,55,98,6097.13,2376.6,1.428,52.38273,21
8239,54,98,6098.77,2376.6,1.437,52.619896,21
8242,53,95,6102.57,2377.0,1.437,52.673378,21
8243,53,95,6103.38,2377.6,1.437,49.94418,21
8246,53,95,6107.23,2378.2,1.428,49.703594,21
8248,51,95,6110.26,2378.8,1.428,42.518257,21
8252,53,89,6115.01,2380.0,1.409,42.71225,20
8253,53,93,6116.21,2380.4,1.4,45.597614,20
8254,53,93,6117.46,2381.2,1.39,45.194096,20
8255,53,93,6118.86,2381.6,1.39,45.535934,20
8257,52,93,6121.66,2382.4,1.39,45.103825,20
8260,52,95,6124.74,2384.0,1.381,48.35547,20
8262,52,93,6126.91,2385.0,1.362,47.949783,20
8264,52,95,6130.05,2386.4,1.362,47.313564,20
8265,52,96,6131.42,2387.6,1.362,46.730633,20
8266,52,96,6132.63,2388.8,1.362,47.13151,20
8267,52,99,6133.86,2390.4,1.362,46.85563,20
8268,53,99,6135.08,2392.2,1.353,45.482746,20
8269,53,99,6136.33,2394.2,1.353,44.26285,20
8270,53,100,6137.59,2395.8,1.344,44.213493,20
8271,53,100,6138.98,2397.0,1.344,42.907967,20
8273,53,101,6141.54,2398.4,1.344,40.989174,20
8275,53,100,6143.71,2399.8,1.344,40.263195,20
8277,51,100,6146.25,2401.4,1.334,40.489727,20
8279,50,102,6148.76,2403.2,1.325,38.244854,20
8280,49,103,6149.93,2403.6,1.316,39.148968,20
8281,49,104,6151.35,2403.8,1.306,40.736195,20
8284,49,103,6154.92,2404.0,1.297,39.052246,20
8286,49,105,6156.23,2403.8,1.269,35.94252,20
8287,50,104,6157.21,2403.6,1.269,37.07066,20
8299,50,105,6169.9,2404.6,1.194,35.910164,20
8300,50,105,6170.93,2405.4,1.194,39.960255,20
8301,49,105,6172.04,2406.6,1.194,37.006508,20
8303,49,105,6174.47,2408.2,1.185,34.612953,20
8306,48,103,6178.19,2409.4,1.185,34.857548,20
8308,48,107,6181.36,2410.6,1.185,37.529064,20
8309,50,107,6182.58,2411.6,1.185,38.251682,20
8310,50,107,6183.63,2412.8,1.185,36.660816,20
8311,50,108,6184.57,2414.2,1.185,34.253567,20
8312,52,107,6185.61,2415.2,1.185,32.95578,20
8314,52,106,6188.52,2416.6,1.194,26.86725,20
8316,54,107,6191.77,2418.8,1.204,23.977985,20
8317,55,106,6193.36,2420.0,1.213,18.990757,20
8318,55,106,6194.85,2421.0,1.222,17.807936,20
8319,54,106,6196.25,2422.0,1.232,16.42761,20
8321,54,106,6198.72,2422.6,1.241,15.722437,20
8323,54,107,6200.72,2423.2,1.25,15.375325,20
8326,54,107,6204.97,2424.4,1.26,13.529537,20
8332,55,109,6214.7,2424.8,1.278,14.459414,20
8337,54,112,6220.39,2425.2,1.306,13.833729,20
8340,55,113,6224.53,2425.6,1.297,14.401222,20
8341,55,113,6226.31,2426.4,1.297,13.045355,20
8342,55,113,6228.14,2427.4,1.297,11.605875,20
8344,54,113,6231.15,2429.2,1.297,8.526494,20
8346,54,112,6233.35,2430.4,1.297,5.754997,20
8348,54,112,6235.6,2431.4,1.297,4.215138,20
8351,54,112,6240.13,2432.0,1.297,3.289409,20
8358,55,109,6250.94,2431.2,1.325,5.1945443,19
8362,58,108,6256.05,2431.2,1.344,7.5156794,19
8370,54,108,6268.38,2432.2,1.353,4.941761,19
8373,55,107,6272.18,2432.6,1.372,3.875231,19
8379,55,107,6279.66,2433.0,1.362,1.1408422,19
8385,57,105,6290.25,2433.6,1.372,-4.4932528,19
8388,55,105,6293.97,2433.8,1.4,-9.180592,19
8389,55,106,6295.02,2434.0,1.409,-10.906756,19
8391,55,103,6297.28,2434.2,1.409,-11.583733,19
8394,55,105,6301.47,2434.8,1.409,-10.721357,19
8400,50,104,6308.69,2435.0,1.381,-8.2716,19
8407,55,101,6319.86,2434.8,1.344,-9.052869,19
8410,55,100,6324.58,2434.6,1.372,-3.7647529,19
8413,53,101,6327.59,2433.6,1.4,-0.767984,19
8415,55,101,6329.54,2432.6,1.4,1.5010962,19
8418,57,100,6333.02,2431.6,1.372,3.5232975,19
8420,57,98,6335.92,2431.2,1.344,2.8028486,19
8423,57,97,6340.49,2430.4,1.325,4.405697,19
8426,57,97,6345.09,2429.2,1.334,3.9097245,19
8429,60,96,6349.7,2428.4,1.353,0.7766254,19
8435,58,92,6359.85,2429.2,1.418,-1.1607158,19
8438,58,92,6365.21,2430.2,1.456,-5.5219474,19
8440,59,92,6368.41,2431.4,1.484,-7.956869,19
8443,62,92,6373.29,2432.4,1.521,-8.557801,19
8444,62,95,6375.06,2432.6,1.54,-8.957826,19
8445,60,92,6376.91,2432.8,1.558,-9.612465,19
8447,58,93,6380.86,2433.2,1.614,-10.774375,19
8453,61,96,6390.36,2433.4,1.689,-13.170521,19
8454,61,96,6391.95,2432.8,1.698,-13.468664,19
8455,61,96,6393.49,2431.2,1.708,-10.671129,19
8457,61,95,6396.76,2429.8,1.717,-8.146212,19
8460,59,98,6401.59,2428.8,1.726,-11.62584,19
8462,59,96,6404.52,2428.6,1.726,-12.255245,19
8464,57,93,6407.52,2428.2,1.726,-14.751682,19
8466,57,92,6410.55,2427.8,1.726,-16.326199,19
8470,59,91,6415.69,2427.4,1.708,-17.543182,19
8471,59,92,6416.54,2427.4,1.698,-20.283827,19
8475,58,89,6419.77,2427.8,1.614,-20.264435,19
8476,58,89,6420.64,2428.0,1.53,-23.187061,19
8484,58,86,6428.97,2427.8,1.185,-23.186268,19
8485,58,86,6430.48,2427.6,1.185,-23.975634,19
8490,58,85,6436.91,2426.8,1.232,-19.678719,19
8494,60,83,6442.57,2426.0,1.278,-20.6724,19
8496,61,86,6445.33,2425.8,1.288,-19.13649,19
8497,61,83,6446.89,2425.6,1.278,-19.71071,19
8501,62,83,6452.16,2424.0,1.26,-17.327486,19
8503,62,83,6454.82,2422.4,1.26,-16.726986,19
8505,62,80,6457.59,2420.8,1.278,-14.6967125,19
8507,62,81,6460.55,2419.6,1.306,-13.304898,19
8510,61,81,6465.89,2418.6,1.344,-12.127355,19
8512,63,80,6469.78,2417.2,1.344,-11.763784,19
8513,63,79,6471.62,2417.0,1.362,-13.136226,19
8517,61,82,6478.96,2416.0,1.437,-12.081277,19
8522,62,82,6487.4,2415.6,1.652,-15.66662,19
8525,62,78,6491.87,2415.6,1.68,-19.960024,19
8531,61,78,6499.84,2415.0,1.568,-16.406275,19
8532,61,78,6501.39,2414.8,1.54,-18.704874,19
8538,123,78,6511.99,2413.6,1.894,-18.548506,19
8541,62,80,6516.85,2412.4,1.614,-19.340744,19
8544,62,77,6521.58,2411.2,1.642,-18.241663,19
8546,62,79,6524.69,2410.2,1.661,-21.363773,19
8547,62,76,6526.14,2409.6,1.642,-22.03093,19
8548,63,78,6527.65,2408.8,1.624,-20.51682,19
8550,63,77,6530.13,2408.2,1.586,-20.024595,19
8551,61,78,6531.27,2407.6,1.568,-19.68346,19
8554,63,78,6534.54,2406.8,1.512,-18.614685,19
8556,64,78,6537.37,2406.6,1.456,-16.97653,19
8564,0,77,6550.2,2405.6,1.428,-16.073177,19
8565,0,77,6551.95,2405.4,1.437,-18.713413,19
8572,59,76,6560.02,2404.2,1.53,-18.928667,19
8573,59,75,6561.05,2403.8,1.521,-20.54441,19
8575,59,74,6563.56,2403.0,1.493,-19.311924,19
8577,59,79,6565.87,2402.4,1.465,-19.55369,19
8579,57,76,6568.62,2402.0,1.446,-19.557087,19
8580,57,74,6570.38,2401.8,1.437,-20.874037,19
8581,57,74,6571.86,2401.4,1.428,-20.768303,19
8582,60,74,6573.27,2400.6,1.428,-19.794546,19
8584,60,74,6575.61,2399.2,1.418,-19.3331,19
8587,60,74,6578.79,2398.4,1.39,-19.05923,19
8589,60,73,6581.1,2398.0,1.362,-20.194366,19
8591,61,72,6583.94,2397.6,1.344,-23.279762,19
8597,66,70,6592.7,2397.0,1.334,-24.424374,19
8598,66,70,6593.97,2396.8,1.334,-29.000788,19
8603,63,67,6599.98,2396.2,1.353,-28.631824,19
8605,63,69,6602.06,2396.2,1.344,-30.454473,19
8606,61,69,6603.02,2395.8,1.344,-30.848593,19
8610,61,69,6607.84,2394.6,1.269,-29.140062,18
8612,67,70,6610.7,2393.6,1.278,-32.081585,18
8613,67,68,6612.05,2393.4,1.297,-33.534245,18
8614,67,71,6613.29,2393.2,1.297,-33.01375,18
8616,0,68,6616.21,2392.8,1.297,-32.87282,18
8618,65,67,6619.77,2392.2,1.316,-33.72971,18
8620,65,67,6623.58,2391.2,1.334,-34.64763,18
8621,65,67,6625.27,2390.4,1.353,-35.40196,18
8623,65,69,6628.22,2389.2,1.372,-34.171,18
8624,65,66,6629.55,2388.4,1.381,-32.299408,18
8625,65,66,6630.88,2387.8,1.39,-31.850214,18
8627,64,68,6633.67,2386.6,1.4,-30.354406,18
8629,64,66,6636.59,2385.4,1.4,-28.843958,18
8631,63,66,6638.94,2384.2,1.4,-28.034742,18
8635,64,66,6644.11,2383.0,1.381,-26.56042,18
8638,64,65,6647.96,2381.8,1.372,-28.261312,18
8639,120,62,6649.56,2381.4,1.372,-30.732496,18
8641,120,64,6653.07,2380.4,1.4,-29.804876,18
8642,120,64,6654.69,2380.0,1.409,-31.056034,18
8644,120,63,6657.63,2378.6,1.418,-31.490105,18
8646,120,63,6660.75,2377.6,1.409,-31.011158,18
8649,66,63,6665.41,2376.6,1.437,-30.536325,18
8650,66,63,6666.96,2375.6,1.465,-30.96835,18
8651,65,64,6668.26,2375.0,1.465,-30.829268,18
8654,65,64,6672.48,2373.4,1.484,-30.542255,18
8656,66,64,6674.96,2372.8,1.446,-34.11582,18
8658,65,65,6677.76,2372.2,1.437,-33.251987,18
8661,65,65,6682.65,2371.2,1.418,-34.155754,18
8664,62,65,6687.12,2370.8,1.4,-32.895832,18
8668,63,66,6692.36,2370.0,1.4,-32.260662,18
8671,63,66,6696.67,2368.8,1.418,-32.398335,18
8673,63,65,6699.86,2367.0,1.418,-30.695349,18
8675,63,65,6702.66,2365.4,1.418,-32.00422,18
8676,63,65,6703.76,2364.8,1.409,-30.168995,18
8677,65,66,6704.89,2364.2,1.409,-29.820625,18
8680,64,67,6709.1,2362.8,1.409,-27.76487,18
8684,64,68,6714.9,2361.6,1.4,-28.155697,18
8687,64,67,6717.61,2360.0,1.39,-24.82427,18
8688,64,66,6718.23,2359.4,1.39,-24.885225,18
8689,63,66,6718.9,2358.8,1.381,-24.091688,18
8691,61,69,6720.22,2358.0,1.362,-22.976099,18
8692,61,68,6720.81,2357.6,1.325,-22.804403,18
8694,61,67,6722.18,2356.6,1.148,-21.252596,18
8695,60,67,6723.15,2356.0,1.12,-20.681938,18
8696,60,66,6724.33,2355.6,1.092,-20.3007,18
8700,59,65,6727.56,2355.2,1.017,-20.030762,18
8701,59,66,6728.25,2354.6,0.989,-21.182816,18
8707,56,62,6733.66,2354.0,0.952,-20.19454,18
8709,56,57,6735.41,2354.0,0.952,-22.948605,18
8710,58,57,6736.55,2354.0,0.952,-23.72468,18
8713,62,59,6739.83,2353.6,0.858,-23.641775,18
8715,61,60,6741.83,2353.0,0.924,-24.028482,18
8716,61,63,6742.78,2353.0,0.961,-26.33995,18
8721,57,62,6746.28,2352.4,0.942,-25.612078,18
8723,57,59,6748.04,2351.6,0.914,-25.957256,18
8724,57,62,6748.82,2351.2,0.914,-26.42409,18
8727,61,61,6752.46,2350.0,0.924,-24.378492,18
8731,62,59,6757.57,2348.6,0.989,-23.331911,18
8732,62,59,6759.07,2348.2,1.008,-24.907808,18
8735,60,58,6764.45,2347.4,1.054,-23.947802,18
8743,64,60,6776.42,2346.0,1.353,-28.208832,18
8745,64,58,6779.96,2344.8,1.4,-27.916515,18
8749,62,59,6786.51,2343.6,1.446,-25.832005,18
8752,64,59,6790.93,2342.0,1.474,-25.944359,18
8754,64,58,6793.95,2340.8,1.493,-23.349855,18
8756,64,59,6797.36,2339.4,1.493,-21.971302,18
8758,64,59,6801.52,2338.4,1.512,-22.654661,18
8761,68,59,6806.58,2337.2,1.614,-22.023417,18
8763,65,60,6809.19,2336.0,1.652,-22.632835,18
8764,65,63,6810.5,2335.4,1.652,-22.578115,18
8765,64,60,6811.82,2334.8,1.652,-21.906485,18
8767,63,61,6815.03,2333.2,1.596,-19.296404,18
8771,63,62,6822.15,2331.8,1.549,-17.77147,18
8772,63,59,6823.91,2331.6,1.549,-17.433615,18
8773,63,58,6825.54,2331.2,1.549,-17.139605,18
8774,61,62,6827.25,2331.0,1.549,-18.724756,18
8775,61,62,6829.05,2330.6,1.558,-18.72829,18
8779,61,65,6836.61,2329.6,1.596,-17.397709,19
8783,63,65,6843.94,2329.0,1.642,-19.92275,18
8785,62,65,6846.89,2328.4,1.67,-23.156633,18
8789,63,65,6852.09,2327.2,1.689,-21.553717,18
8792,62,66,6855.99,2326.0,1.67,-20.487219,19
8795,63,66,6860.74,2324.8,1.642,-15.186756,19
8798,62,65,6866.03,2323.8,1.624,-14.602038,19
8803,61,65,6875.19,2322.8,1.624,-11.683978,19
8804,61,68,6877.04,2322.4,1.633,-8.98751,19
8807,63,68,6882.82,2321.4,1.652,-7.426369,19
8809,63,68,6886.02,2320.2,1.661,-7.7279778,19
8811,61,68,6888.85,2319.2,1.67,-6.4328165,19
8812,61,69,6890.26,2318.6,1.68,-5.6757283,19
8813,61,69,6891.5,2318.0,1.68,-4.728658,19
8816,62,71,6895.77,2316.8,1.68,-2.6114147,19
8820,63,69,6901.78,2316.4,1.652,-3.788029,19
8822,62,69,6905.18,2315.4,1.642,-4.35593,19
8826,62,66,6912.81,2315.2,1.642,-7.0429907,18
8829,61,63,6918.96,2316.2,1.661,-11.37752,18
8830,61,62,6920.88,2316.6,1.661,-18.37336,18
8836,63,58,6930.83,2317.4,1.717,-21.74481,18
8837,62,61,6932.55,2317.4,1.726,-27.586649,18
8846,63,61,6945.41,2316.4,1.689,-26.74177,18
8848,63,61,6949.06,2315.4,1.67,-30.821447,18
8850,64,62,6952.86,2314.4,1.67,-29.084858,18
8852,61,62,6956.49,2313.2,1.68,-27.191679,18
8854,62,61,6960.31,2311.6,1.689,-26.274057,18
8856,62,61,6963.98,2310.6,1.708,-21.782084,18
8857,61,62,6966.04,2310.4,1.717,-23.002577,18
8859,61,61,6969.48,2309.0,1.736,-21.052504,18
8862,63,61,6974.4,2307.4,1.745,-13.161177,18
8864,63,63,6977.75,2305.8,1.745,-8.7518,18
8867,63,61,6982.67,2304.2,1.745,-4.713785,18
8869,61,63,6985.97,2303.2,1.745,-3.1792269,18
8871,61,59,6989.09,2302.2,1.745,0.38622987,18
8872,61,55,6990.52,2301.6,1.745,3.0498683,18
8873,61,57,6991.87,2301.0,1.745,4.311338,18
8876,61,58,6996.06,2299.8,1.736,6.8320656,18
8878,61,61,6998.67,2299.8,1.726,7.588059,18
8879,61,58,7000.01,2299.6,1.717,6.7131243,18
8880,61,63,7001.34,2299.6,1.708,4.059216,18
8883,61,61,7005.42,2299.2,1.68,4.927499,19
8884,61,63,7006.87,2298.8,1.67,3.410614,19
8890,60,67,7016.15,2298.4,1.624,4.2627234,19
8891,60,63,7017.63,2298.4,1.614,2.7682927,19
8895,60,63,7023.86,2299.0,1.596,1.106196,19
8897,60,63,7027.09,2300.2,1.596,-3.0727053,19
8901,60,62,7033.1,2301.2,1.586,-5.3103657,19
8904,61,65,7037.55,2301.6,1.577,-6.7242346,19
8907,61,65,7041.55,2302.4,1.558,-10.920993,19
8909,61,68,7044.37,2303.2,1.549,-12.687186,19
8910,60,70,7046.05,2303.4,1.549,-13.75421,19
8912,59,73,7049.36,2303.6,1.54,-14.614186,18
8915,60,77,7053.97,2303.0,1.521,-16.32197,18
8918,60,76,7058.52,2301.8,1.512,-13.2576885,18
8920,60,77,7061.73,2300.6,1.502,-11.995288,18
8923,60,81,7066.8,2300.0,1.502,-10.93576,18
8926,60,80,7072.07,2299.8,1.512,-11.615422,18
8929,61,79,7076.26,2299.6,1.512,-13.886905,18
8934,61,78,7083.63,2298.6,1.512,-14.326649,18
8935,61,79,7084.96,2298.2,1.512,-16.030634,18
8936,61,76,7086.48,2298.0,1.502,-17.205404,18
8939,60,77,7090.8,2297.2,1.502,-16.15131,19
8943,61,81,7096.76,2296.6,1.493,-17.4482,18
8945,61,78,7099.56,2296.2,1.484,-18.920168,18
8951,63,78,7108.48,2294.8,1.465,-17.296692,19
8952,63,77,7109.99,2294.6,1.456,-20.369944,19
8958,61,74,7120.39,2294.0,1.437,-19.7595,19
8959,61,77,7122.27,2293.6,1.437,-26.428585,19
8963,63,76,7129.36,2292.6,1.456,-24.72156,19
8966,61,73,7134.79,2291.0,1.484,-22.78339,19
8968,61,75,7138.57,2290.0,1.493,-19.024578,19
8970,61,73,7142.4,2288.8,1.512,-18.13097,19
8972,63,75,7145.85,2287.6,1.53,-14.967308,19
8973,63,76,7147.51,2287.2,1.54,-15.169371,19
8974,63,77,7149.34,2286.6,1.549,-14.55737,19
8977,62,74,7154.08,2285.6,1.568,-13.143492,19
8979,62,75,7156.66,2285.4,1.586,-17.469727,19
8982,62,73,7160.67,2284.6,1.586,-16.981695,19
8983,62,72,7161.89,2284.0,1.586,-17.390041,19
8986,60,70,7165.91,2282.8,1.577,-15.516185,19
8987,61,74,7167.21,2282.2,1.568,-15.387853,19
8989,64,75,7169.62,2281.6,1.54,-16.84148,19
8990,64,74,7170.93,2281.4,1.521,-18.456194,19
8994,62,73,7176.77,2280.2,1.474,-16.604391,19
8997,62,73,7181.15,2279.2,1.456,-14.615849,19
9003,63,74,7191.74,2279.2,1.446,-15.89866,19
9009,61,68,7201.17,2279.2,1.521,-18.47975,19
9010,61,70,7202.63,2278.8,1.53,-21.073065,19
9011,61,72,7204.47,2278.0,1.54,-21.853355,19
9014,59,72,7209.6,2276.6,1.558,-17.41715,19
9017,59,73,7213.66,2275.6,1.558,-17.244802,19
9019,0,73,7216.63,2274.8,1.558,-11.58518,19
9020,61,73,7218.11,2274.4,1.549,-11.481937,19
9023,62,73,7223.14,2273.0,1.549,-9.178056,19
9027,64,71,7230.18,2271.6,1.558,-4.520323,19
9030,62,73,7235.41,2271.4,1.577,-4.735267,19
9034,62,72,7241.9,2270.6,1.596,-3.7020779,19
9036,62,70,7244.63,2270.4,1.596,-3.1286502,19
9040,64,73,7249.21,2269.4,1.596,-0.3908547,19
9043,62,72,7252.78,2268.2,1.577,4.1429906,19
9044,62,71,7254.09,2268.0,1.568,4.7908998,19
9048,61,69,7260.82,2266.8,1.521,7.1768527,19
9049,62,72,7262.89,2266.8,1.521,7.7333646,19
9053,63,71,7270.59,2266.4,1.54,9.79134,19
9063,60,70,7289.23,2268.2,1.661,9.524411,19
9065,60,70,7292.7,2268.6,1.68,10.264319,19
9066,60,66,7294.44,2268.8,1.68,11.203395,19
9067,60,70,7296.14,2269.0,1.689,11.196408,19
9074,59,71,7306.86,2269.2,1.717,11.10182,19
9078,59,74,7312.7,2270.6,1.717,8.544549,19
9079,59,76,7314.07,2270.8,1.717,7.7748713,19
9082,61,79,7318.32,2271.4,1.708,4.642346,19
9083,61,80,7319.67,2271.6,1.708,4.635044,19
9086,59,82,7323.09,2272.6,1.689,2.9306462,19
9090,57,85,7327.05,2273.2,1.624,1.9513717,19
9099,55,88,7340.27,2273.0,1.381,1.8186253,19
9105,55,88,7348.22,2273.8,1.428,-1.1425574,19
9108,55,91,7353.52,2275.0,1.456,-2.7356143,19
9111,57,92,7358.74,2275.2,1.493,-3.3771067,19
9114,58,95,7364.38,2275.0,1.568,-3.5429976,19
9120,58,94,7374.43,2274.8,1.68,-1.0951015,19
9127,55,90,7382.15,2274.2,1.577,2.2783194,19
9128,55,92,7383.39,2274.0,1.558,6.386037,19
9129,53,92,7384.7,2273.8,1.53,6.3051925,19
9135,55,89,7392.97,2273.8,1.334,6.4510517,19
9138,56,89,7397.85,2273.2,1.372,5.519336,19
9144,55,90,7407.12,2273.4,1.428,3.800764,19
9146,55,90,7409.54,2273.4,1.437,4.4353976,19
9154,51,88,7419.38,2273.2,1.232,5.046918,19
9160,55,83,7427.62,2274.2,1.25,4.3802176,19
9162,53,83,7430.17,2275.4,1.26,8.020434,19
9163,0,84,7431.37,2275.8,1.26,8.007338,19
9164,0,85,7432.59,2276.4,1.269,6.99546,19
9169,56,88,7440.88,2277.2,1.278,5.596293,19
9173,56,90,7447.55,2277.4,1.316,8.245988,19
9183,55,90,7461.6,2276.2,1.372,7.474402,19
9189,55,90,7469.86,2275.8,1.381,-2.3482566,19
9191,53,87,7472.24,2276.4,1.381,-8.752447,19
9193,55,87,7475.17,2277.2,1.381,-8.252596,19
9194,55,88,7476.67,2277.6,1.381,-5.551044,19
9197,53,85,7480.18,2279.0,1.372,-5.0807953,19
9200,51,88,7482.98,2279.6,1.353,-3.9044921,19
9201,51,91,7483.73,2280.0,1.344,-4.3707876,19
9202,51,89,7484.65,2280.2,1.325,-2.8935354,19
9205,45,90,7488.34,2280.8,1.288,-4.0311947,19
9210,48,91,7494.27,2281.4,1.213,-5.5268745,19
9213,50,92,7498.39,2281.8,1.204,-1.166572,19
9219,57,92,7504.77,2280.0,1.25,1.9221932,19
9220,58,94,7506.62,2279.4,1.26,3.1425905,19
9221,58,91,7507.21,2278.8,1.269,4.3392987,19
9222,58,92,7507.83,2278.4,1.269,7.5166407,19
9224,57,91,7509.04,2277.4,1.269,13.553661,19
9226,0,89,7510.65,2276.4,1.26,15.748586,19
9228,53,87,7512.65,2275.2,1.26,34.177097,19
9229,53,87,7513.78,2274.6,1.204,41.01963,19
9230,53,86,7514.88,2274.0,1.157,41.274265,19
9232,56,88,7517.59,2273.0,1.12,44.29718,19
9234,56,88,7519.98,2272.2,1.157,44.31873,19
9235,56,88,7520.71,2272.0,1.157,43.465782,19
9237,57,85,7522.06,2272.0,1.166,43.93262,19
9238,56,88,7523.37,2272.0,1.166,45.12339,19
9240,56,84,7525.87,2273.0,1.166,41.183514,19
9242,54,83,7527.22,2274.8,1.166,34.54975,19
9244,54,84,7529.39,2276.4,1.176,32.78547,19
9246,53,82,7530.65,2277.2,1.166,28.193752,19
9248,53,85,7532.73,2277.6,1.157,28.168434,19
9252,55,84,7538.45,2277.8,1.157,28.798414,19
9255,53,86,7540.14,2278.6,1.157,27.0231,19
9258,55,86,7543.69,2280.0,1.148,21.835657,19
9261,56,88,7549.21,2281.2,1.12,14.110633,19
9268,55,91,7554.25,2281.0,0.896,12.550261,19
9271,53,88,7555.81,2281.0,0.0,14.483543,19
9272,53,91,7556.56,2281.0,0.0,14.411831,19
9275,0,92,7557.9,2282.2,0.0,12.245947,19
9277,0,93,7558.18,2284.4,0.0,5.1266556,19
9278,0,93,7558.2,2285.6,0.0,2.7641525,19
9279,0,93,7558.2,2287.0,0.0,0.0,19
9280,0,92,7558.21,2288.8,0.0,-3.5593376,19
9281,0,95,7558.34,2290.2,0.0,-6.336505,19
9282,0,92,7559.09,2291.2,0.0,-8.388166,19
9283,0,94,7559.83,2292.4,0.0,-12.4668,19
9285,0,97,7561.33,2294.2,0.0,-16.024279,19
9287,65,99,7563.38,2295.4,0.0,-18.830774,19
9290,65,102,7567.07,2295.4,0.261,-19.598036,19
9293,65,102,7570.79,2295.0,1.166,-19.912123,19
9295,61,104,7573.4,2294.8,1.194,-20.265738,19
9301,58,106,7577.28,2294.4,0.98,-20.996689,19
9309,58,104,7584.4,2293.2,1.008,-19.491674,19
9310,61,105,7585.29,2293.2,1.008,-30.143421,19
9312,60,102,7587.25,2292.6,1.017,-32.26961,19
9313,60,100,7588.27,2292.2,1.026,-35.291035,19
9315,58,102,7590.04,2291.6,1.036,-36.310467,19
9318,59,100,7592.63,2291.0,1.054,-41.239307,19
9323,56,97,7596.07,2289.8,1.026,-43.181324,19
9326,56,96,7597.8,2288.6,0.952,-48.185173,19
9328,57,95,7599.09,2287.6,0.924,-49.18237,19
9329,57,94,7599.93,2287.4,0.905,-54.037323,18
9333,56,91,7602.3,2286.8,0.858,-55.54371,18
9336,55,90,7604.22,2287.4,0.83,-60.0,18
9340,53,87,7606.07,2288.4,0.793,-60.0,18
9343,0,87,7607.95,2288.4,0.765,-60.0,18
9347,61,86,7612.88,2287.0,0.83,-60.0,18
9349,0,84,7614.98,2285.6,0.868,-60.0,18
9350,0,85,7615.88,2285.2,0.877,-60.0,18
9354,61,87,7618.98,2284.8,0.896,-60.0,18
9356,61,84,7620.36,2284.6,0.896,-60.0,18
9357,61,82,7621.03,2284.6,0.896,-60.0,18
9360,59,80,7624.24,2284.0,0.896,-60.0,18
9363,58,77,7627.05,2283.6,0.877,-60.0,18
9364,61,78,7627.83,2283.4,0.877,-60.0,18
9369,59,75,7631.62,2283.0,0.886,-60.0,18
9372,54,76,7633.31,2283.2,0.877,-60.0,18
9373,0,79,7633.65,2283.2,0.849,-60.0,18
9377,0,77,7633.84,2282.4,0.662,-60.0,18
9380,0,78,7634.26,2281.2,0.0,-60.0,18
9382,0,78,7634.79,2279.4,0.0,-60.0,18
9383,0,77,7635.45,2278.0,0.0,-60.0,18
9385,65,79,7636.82,2276.4,0.0,-60.0,18
9386,65,78,7637.51,2275.4,0.0,-60.0,18
9387,0,78,7638.16,2274.4,0.0,-60.0,18
9388,0,78,7639.01,2273.4,0.0,-60.0,18
9389,55,77,7639.73,2272.2,0.0,-60.0,18
9390,55,77,7640.7,2271.0,0.0,-59.873642,18
9391,55,76,7641.88,2270.0,0.0,-59.124947,18
9392,55,76,7642.95,2269.0,0.0,-56.879177,18
9393,55,74,7644.06,2268.0,0.0,-56.085327,18
9394,58,75,7645.22,2266.8,0.252,-54.957306,18
9396,58,76,7647.39,2264.8,0.541,-52.933372,18
9397,58,75,7648.23,2263.8,0.69,-54.590855,18
9398,58,75,7648.93,2262.8,0.746,-52.30813,18
9400,0,75,7649.53,2261.4,0.0,-50.28398,18
9402,0,73,7650.31,2260.0,0.0,-48.454857,18
9404,53,74,7651.23,2258.8,0.0,-46.663624,18
9408,53,74,7653.39,2257.4,0.233,-44.847206,18
9410,53,75,7654.62,2255.8,0.401,-43.54505,18
9412,54,73,7655.99,2254.2,0.579,-42.665756,18
9413,55,73,7656.88,2253.4,0.634,-42.918766,18
9414,55,73,7658.0,2252.8,0.69,-42.851673,18
9416,55,72,7660.22,2251.4,0.886,-41.1082,18
9418,57,73,7662.25,2250.2,0.952,-40.61555,18
9420,57,72,7663.97,2248.8,0.961,-41.541073,18
9422,53,71,7665.72,2247.4,0.998,-39.784336,18
9424,53,71,7667.82,2246.0,0.998,-38.818794,18
9428,55,70,7672.1,2246.0,0.998,-38.829872,18
9432,48,69,7674.75,2247.2,0.98,-39.60742,18
9435,48,69,7678.17,2247.2,0.98,-41.36475,18
9438,63,68,7683.18,2245.6,1.194,-41.332874,18
9439,63,65,7684.63,2244.8,1.316,-36.66252,18
9440,63,64,7685.9,2244.0,1.381,-36.145054,18
9442,63,68,7688.84,2242.6,1.409,-30.031769,18
9444,61,65,7691.52,2241.0,1.428,-21.432339,18
9446,62,64,7694.72,2239.8,1.437,-18.46703,18
9447,62,67,7695.98,2238.8,1.437,-13.198341,18
9448,61,67,7697.88,2237.8,1.437,-9.98263,18
9450,61,67,7700.84,2236.2,1.437,-5.5895147,18
9451,61,67,7702.32,2235.2,1.437,-5.883674,18
9452,62,68,7703.43,2234.4,1.428,-6.5058036,18
9453,62,66,7704.6,2233.8,1.428,-5.49367,18
9454,62,65,7706.14,2232.8,1.418,-3.5914574,18
9455,63,68,7707.52,2231.8,1.418,-2.7706156,18
9456,63,66,7708.6,2231.0,1.409,-0.7259463,18
9457,63,66,7709.82,2230.4,1.409,0.37206653,18
9458,62,66,7710.76,2229.8,1.4,1.5231597,18
9460,62,66,7712.79,2228.4,1.381,4.257824,18
9461,58,63,7713.98,2227.8,1.372,4.9366784,18
9462,58,59,7715.02,2227.4,1.353,5.771654,18
9463,57,65,7716.05,2227.0,1.334,6.645657,18
9466,59,62,7718.42,2226.4,1.26,7.877224,18
9467,59,63,7719.24,2226.2,1.232,8.667426,18
9469,58,62,7720.8,2225.8,1.185,9.848423,18
9477,0,62,7728.98,2224.8,1.12,12.093301,18
9479,0,62,7730.28,2224.6,1.129,10.721843,19
9484,56,62,7735.48,2224.4,1.11,8.247252,19
9486,56,63,7736.99,2225.6,1.101,4.7112284,19
9488,57,63,7738.65,2227.2,1.082,0.39580235,19
9490,56,63,7741.08,2228.8,1.073,-5.1922483,19
9492,56,64,7742.38,2229.8,1.064,-8.20488,19
9494,0,67,7743.52,2230.4,1.054,-10.552425,19
9496,0,70,7744.29,2231.6,1.026,-15.646405,19
9498,0,73,7745.05,2232.2,1.008,-17.119713,19
9499,0,74,7745.7,2232.6,0.97,-18.873308,18
9501,57,77,7747.61,2232.8,0.961,-19.6066,18
9503,58,80,7749.5,2233.4,0.914,-21.34533,18
9505,59,83,7751.14,2233.4,0.914,-24.251505,18
9508,53,84,7754.09,2232.2,0.942,-25.496796,18
9510,54,86,7756.26,2231.0,0.942,-24.22611,18
9516,55,87,7762.3,2230.4,0.961,-24.029287,19
9523,56,83,7769.23,2230.6,1.064,-25.130981,18
9524,56,82,7770.07,2230.6,1.054,-28.547035,18
9526,57,85,7771.71,2230.8,1.017,-29.427898,18
9533,59,84,7778.05,2231.0,0.924,-31.880173,18
9535,58,81,7779.63,2230.8,0.914,-35.109406,18
9540,55,78,7783.63,2230.0,0.877,-32.30874,18
9544,55,78,7786.45,2228.8,0.849,-28.66088,18
9546,55,75,7787.82,2228.0,0.83,-28.631851,18
9547,55,76,7788.79,2227.4,0.83,-28.165411,18
9551,56,76,7792.46,2226.2,0.812,-25.683836,18
9553,55,76,7793.82,2225.6,0.812,-26.333498,18
9555,55,75,7795.1,2225.0,0.802,-25.816277,19
9559,55,74,7797.23,2223.6,0.784,-21.801483,19
9561,55,78,7799.21,2222.8,0.774,-21.185293,19
9562,55,76,7800.2,2222.4,0.774,-21.327301,19
9564,57,74,7801.73,2221.2,0.774,-19.394232,19
9566,57,71,7803.24,2220.2,0.765,-17.922132,19
9569,57,71,7805.96,2219.0,0.774,-14.33978,19
9571,57,70,7808.25,2218.6,0.784,-14.230629,19
9576,60,74,7813.44,2218.0,0.802,-13.762848,19
9577,60,71,7814.57,2217.8,0.812,-12.612398,19
9580,61,71,7819.14,2217.0,0.858,-11.322169,19
9581,61,71,7820.55,2216.6,0.886,-10.665477,19
9582,65,72,7822.19,2216.0,0.933,-9.835829,19
9584,59,71,7824.85,2215.4,1.008,-8.189769,19
9588,0,67,7828.23,2214.2,1.101,-6.2764173,19
9591,54,70,7832.21,2213.2,1.092,-4.655738,19
9592,56,69,7833.4,2213.0,1.092,-5.4890084,19
9595,56,66,7838.37,2213.0,1.092,-6.2925487,19
9599,55,64,7844.95,2213.2,1.138,-7.588229,19
9603,53,63,7851.78,2211.8,1.269,-5.094288,19
9608,0,63,7859.38,2211.2,1.437,-3.9554238,19
9615,61,63,7867.88,2211.0,1.362,-14.680845,19
9618,56,59,7871.86,2211.0,1.297,-18.631353,19
9621,53,63,7876.19,2211.0,1.278,-18.798878,19
9622,53,60,7877.51,2211.0,1.269,-21.68543,19
9628,0,61,7880.36,2211.0,0.737,-22.258493,19
9631,0,61,7883.71,2210.8,0.0,-24.79105,19
9634,0,60,7888.04,2210.2,0.0,-25.692965,19
9636,0,62,7891.38,2209.6,0.0,-26.122478,19
9640,56,58,7896.56,2209.2,0.0,-22.333212,19
9641,56,61,7897.99,2209.2,0.224,-24.450886,19
9645,56,64,7902.94,2209.2,0.84,-25.169092,19
9646,56,62,7903.63,2209.2,0.905,-24.060925,19
9649,56,63,7905.29,2208.4,0.998,-22.776861,19
9652,55,60,7906.9,2207.0,0.952,-20.832773,19
9654,55,60,7909.01,2205.8,0.905,-16.752542,19
9656,60,61,7910.27,2204.8,0.802,-16.327068,19
9659,60,60,7912.21,2203.6,0.83,-14.550911,19
9661,60,64,7913.78,2203.2,0.858,-14.371339,19
9662,60,60,7914.54,2203.0,0.858,-14.433811,19
9663,60,59,7915.32,2202.6,0.868,-13.825155,19
9668,48,58,7918.8,2201.8,0.784,-12.53197,19
9676,0,56,7922.18,2201.6,0.523,-13.252094,19
9677,0,57,7922.59,2201.6,0.504,-14.083953,19
9680,0,58,7924.09,2200.6,0.476,-12.326623,19
9687,59,57,7930.34,2200.2,0.495,-11.934502,19
9689,52,56,7932.32,2199.4,0.513,-13.184861,19
9691,56,57,7934.88,2198.0,0.606,-12.14823,19
9693,51,56,7937.78,2197.2,0.774,-10.847448,19
9694,51,56,7939.35,2197.0,0.877,-12.399111,19
9701,59,57,7949.36,2196.4,1.204,-11.520512,19
9709,52,60,7956.71,2196.4,1.026,-16.58737,19
9710,52,60,7957.79,2196.4,0.998,-17.845215,19
9719,56,58,7968.6,2197.4,0.998,-18.281834,19
9726,59,58,7978.17,2195.2,1.166,-16.446655,19
9728,57,58,7980.5,2193.8,1.204,-16.327303,19
9731,57,57,7983.9,2192.8,1.222,-15.144306,19
9734,56,56,7986.56,2191.8,1.204,-15.399348,19
9735,55,56,7987.71,2191.6,1.185,-16.701384,19
9737,55,56,7989.64,2191.0,1.148,-15.811214,19
9739,55,56,7992.12,2190.6,1.129,-16.983688,19
9743,55,55,7997.01,2189.4,1.138,-18.618738,19
9745,55,55,7999.02,2188.8,1.12,-19.365566,19
9747,50,55,8001.52,2188.4,1.12,-19.317291,19
9750,50,51,8006.01,2187.8,1.138,-20.778252,19
9751,0,52,8007.21,2187.6,1.138,-22.043947,19
9755,55,54,8011.33,2187.4,1.148,-22.151243,19
9758,53,53,8014.78,2187.6,1.148,-21.362848,19
9761,53,54,8018.68,2187.4,1.148,-17.634434,19
9765,53,55,8022.22,2187.2,1.129,-18.513935,19
9768,53,54,8025.35,2186.4,1.092,-18.276804,19
9769,54,55,8026.97,2186.2,1.092,-18.990223,19
9772,52,55,8030.87,2185.8,1.101,-16.838634,19
9775,19,57,8034.24,2185.2,1.101,-16.905138,19
9778,58,58,8037.95,2184.0,1.101,-15.245264,19
9780,58,57,8039.68,2183.0,1.092,-15.229462,19
9781,55,56,8040.32,2182.4,1.092,-16.06234,19
9782,55,56,8042.11,2182.0,1.082,-15.506722,19
9785,49,55,8044.78,2180.8,1.064,-13.723593,19
9789,49,53,8049.39,2179.6,1.045,-13.155986,19
9791,0,53,8052.44,2178.6,1.054,-14.310262,19
9793,0,53,8056.13,2177.2,1.054,-14.125994,19
9795,0,53,8059.7,2176.2,1.073,-18.844133,19
9797,63,54,8063.81,2175.8,1.138,-19.587738,19
9804,58,57,8075.85,2176.4,1.53,-24.22924,19
9808,56,60,8081.79,2176.6,1.586,-35.62712,19
9810,63,61,8085.64,2176.6,1.605,-38.64572,19
9811,63,64,8087.68,2176.2,1.642,-39.800182,19
9812,63,61,8089.52,2175.8,1.661,-38.817135,19
9814,61,61,8093.16,2175.2,1.717,-39.065815,19
9817,60,63,8098.17,2173.8,1.745,-30.051817,19
9819,61,61,8101.35,2172.6,1.745,-30.531097,19
9821,61,63,8103.45,2171.2,1.68,-29.730083,19
9822,61,62,8104.61,2170.0,1.652,-28.599087,19
9824,61,64,8108.22,2168.2,1.633,-20.700623,19
9826,61,64,8111.85,2166.4,1.633,-18.909046,19
9827,63,67,8113.37,2165.6,1.633,-18.708853,19
9828,65,67,8114.28,2165.0,1.624,-18.124561,19
9829,65,64,8115.41,2164.2,1.605,-16.916466,19
9830,64,64,8116.7,2163.4,1.596,-15.778222,19
9832,65,65,8119.82,2161.8,1.577,-13.026128,19
9834,65,64,8123.15,2160.6,1.568,-10.238927,19
9836,63,63,8127.0,2159.6,1.558,-4.1669006,19
9839,61,63,8131.89,2158.4,1.53,-0.671741,20
9842,57,62,8135.79,2157.2,1.512,1.4662701,20
9845,58,62,8139.67,2156.2,1.484,3.5518823,20
9854,54,64,8153.06,2155.6,1.353,8.320599,20
9855,54,64,8154.55,2155.8,1.353,16.359882,20
9866,53,64,8167.59,2155.4,1.306,17.562445,20
9871,53,61,8172.67,2155.2,1.25,30.817488,20
9874,53,60,8176.07,2155.2,1.222,34.784332,20
9881,53,59,8186.67,2157.4,1.204,31.165981,20
9883,53,60,8188.57,2158.0,1.194,36.353165,20
9884,54,62,8189.7,2158.4,1.194,37.646423,20
9887,56,65,8194.89,2159.6,1.194,36.086205,20
9889,56,68,8197.7,2160.2,1.204,37.328354,20
9891,56,70,8199.19,2161.0,1.204,31.596052,20
9893,54,73,8201.69,2161.8,1.204,30.954075,20
9894,53,74,8202.98,2162.4,1.204,31.299507,20
9896,53,79,8205.67,2163.8,1.213,29.409687,20
9897,53,79,8207.1,2164.4,1.213,23.129816,20
9898,54,79,8208.63,2165.4,1.213,21.88414,20
9900,55,82,8211.81,2166.8,1.213,19.95472,20
9902,54,82,8214.21,2168.2,1.222,18.418505,20
9903,54,85,8215.68,2169.0,1.222,14.449891,20
9904,54,84,8217.32,2169.6,1.232,13.573562,20
9905,54,86,8218.81,2170.4,1.232,11.1350355,20
9906,54,86,8220.44,2171.0,1.232,8.982351,20
9908,57,89,8224.53,2172.4,1.241,6.6775575,20
9910,57,93,8227.58,2173.4,1.241,5.536083,20
9911,57,91,8229.29,2173.6,1.25,5.470735,20
9912,57,94,8231.27,2174.0,1.25,4.434561,20
9915,58,98,8236.12,2175.0,1.269,2.6732616,20
9917,57,100,8239.63,2176.2,1.288,0.0,19
9919,55,101,8242.83,2177.8,1.316,-4.3038373,19
9921,55,102,8246.34,2178.8,1.344,-6.492027,19
9925,60,104,8252.91,2179.6,1.39,-8.504198,19
9933,58,105,8262.62,2178.6,1.437,-6.94111,19
9939,60,103,8264.97,2177.6,1.073,-6.72217,19
9941,60,104,8266.51,2177.0,0.98,-5.808042,19
9943,62,104,8268.25,2176.4,0.961,-4.8450255,19
9949,60,102,8275.08,2176.0,1.036,-4.259646,19
9953,60,99,8279.92,2176.0,1.064,-9.591446,19
9956,60,96,8284.58,2176.4,1.166,-12.575894,19
9957,59,99,8286.27,2176.4,1.176,-10.787705,19
9958,58,96,8288.04,2176.4,1.232,-11.105935,19
9964,54,95,8296.5,2176.2,1.446,-11.106525,19
9968,51,95,8301.71,2175.4,1.437,-7.678601,19
9972,50,94,8306.04,2175.0,1.362,-7.6804466,19
9973,49,90,8307.08,2175.0,1.344,-8.122435,19
9974,47,94,8307.85,2174.8,1.316,-7.8932047,19
9981,43,93,8313.45,2175.6,1.11,-6.969812,19
9990,73,90,8320.55,2174.2,0.998,-4.1874404,19
9991,73,90,8321.7,2173.8,1.008,-3.9581873,19
9993,42,90,8323.15,2173.0,1.017,-2.7031653,19
9997,47,87,8327.87,2171.8,1.064,-0.3975673,19
9999,48,86,8330.08,2171.0,1.054,0.0,20
10000,50,86,8331.3,2170.8,1.036,0.385601,20
10008,50,83,8342.67,2170.0,1.138,1.9727948,20
10010,49,83,8345.27,2170.2,1.157,-2.1564984,20
10019,44,82,8354.57,2171.4,1.176,-4.537619,20
10024,79,79,8358.55,2171.0,1.101,-7.07165,20
10029,71,78,8362.99,2170.8,1.073,-7.0279183,20
10039,42,79,8371.56,2171.8,0.868,-10.277325,20
10041,46,79,8373.91,2171.8,0.858,-11.9815445,20
10049,48,80,8382.48,2171.6,0.896,-12.639598,20
10052,52,84,8386.7,2171.0,0.933,-18.859695,20
10054,54,80,8390.19,2170.6,0.97,-18.618992,20
10059,57,81,8398.82,2169.4,1.26,-19.575905,20
10061,55,79,8401.05,2169.0,1.362,-23.697235,20
10063,55,79,8403.35,2168.4,1.428,-23.727324,20
10067,56,82,8408.65,2167.4,1.381,-24.992945,20
10068,56,79,8410.11,2167.2,1.362,-30.381378,20
10070,56,81,8413.49,2167.2,1.344,-30.296213,20
10075,55,80,8421.95,2166.4,1.428,-31.912537,20
10077,55,74,8424.87,2165.8,1.456,-38.379528,20
10078,55,72,8426.29,2165.2,1.465,-40.440517,20
10080,57,73,8429.09,2164.4,1.502,-38.799183,20
10081,59,73,8430.53,2164.0,1.521,-40.726288,20
10083,61,72,8433.75,2162.8,1.54,-38.679123,20
10085,61,72,8437.58,2161.4,1.558,-40.64976,20
10086,61,73,8439.32,2161.2,1.558,-42.441227,20
10088,64,74,8442.65,2160.2,1.568,-41.91338,20
10090,64,72,8445.87,2159.2,1.586,-40.785717,20
10092,62,69,8448.22,2158.2,1.596,-40.70491,20
10093,61,71,8449.48,2157.6,1.596,-42.06377,20
10095,61,70,8451.73,2157.0,1.586,-41.949707,20
10096,124,70,8452.91,2156.4,1.586,-43.358864,20
10097,124,70,8454.06,2155.6,1.586,-43.626793,20
10098,124,70,8455.25,2154.8,1.596,-42.844482,20
10099,124,70,8456.29,2154.2,1.624,-42.86868,20
10101,124,70,8459.5,2153.0,1.801,-40.665287,20
10103,61,75,8462.43,2151.8,1.344,-41.446712,20
10104,61,75,8463.67,2151.4,1.269,-43.52011,20
10106,65,75,8466.69,2150.4,1.306,-42.597324,20
10107,64,75,8468.11,2149.8,1.344,-43.67071,20
10108,64,72,8469.37,2149.4,1.362,-43.639023,20
10109,123,71,8469.83,2148.8,1.39,-43.42853,20
10111,123,70,8472.67,2147.4,1.726,-41.027573,20
10112,124,70,8474.18,2146.4,1.773,-41.2936,20
10113,124,71,8475.49,2145.8,1.81,-42.69606,20
10115,62,74,8477.91,2144.8,1.418,-40.986996,20
10116,65,75,8479.19,2144.4,1.25,-42.156128,20
10118,61,71,8481.17,2143.6,1.148,-41.098297,20
10119,61,72,8481.9,2143.2,1.026,-43.08666,20
10120,61,74,8482.62,2142.6,0.97,-42.461132,20
10121,61,71,8483.68,2142.0,0.97,-43.647312,20
10123,61,71,8486.86,2141.0,0.998,-42.473686,20
10126,61,71,8489.95,2139.6,1.036,-41.442795,20
10128,64,68,8491.67,2138.8,0.998,-42.38858,20
10130,58,66,8493.45,2138.6,0.961,-44.477047,20
10131,57,70,8494.32,2138.4,0.952,-45.586926,20
10133,57,67,8496.12,2137.8,0.914,-46.293224,20
10134,57,68,8496.96,2137.6,0.914,-45.55693,20
10136,57,65,8499.52,2136.8,0.914,-44.85279,20
10138,57,64,8501.88,2136.0,0.924,-45.373356,20
10141,57,63,8503.39,2134.6,0.905,-44.413742,20
10144,57,61,8507.17,2133.4,0.905,-42.803204,20
10146,64,59,8509.24,2132.4,0.924,-42.510643,20
10147,64,59,8509.92,2132.0,0.924,-43.500828,20
10150,63,58,8513.11,2130.6,0.933,-41.486366,20
10151,59,58,8514.8,2130.0,0.98,-42.685806,20
10153,59,58,8516.73,2129.0,1.026,-42.348465,20
10156,64,56,8518.86,2127.8,0.998,-40.608196,20
10157,64,55,8519.84,2127.6,0.998,-41.543724,20
10158,64,57,8521.3,2127.4,0.998,-41.26584,20
10159,59,61,8522.42,2126.8,1.008,-41.319366,20
10160,59,55,8524.29,2126.4,1.017,-41.640137,20
10162,59,57,8526.45,2125.6,1.036,-41.54244,20
10165,0,56,8529.92,2124.0,1.148,-37.481342,20
10167,0,51,8531.32,2123.0,1.148,-36.529644,20
10168,61,54,8532.08,2122.6,1.148,-36.966446,20
10169,61,56,8533.42,2122.0,1.148,-36.15146,20
10170,59,55,8534.43,2121.2,1.148,-35.497715,20
10172,60,56,8536.86,2120.0,1.148,-33.874496,20
10174,60,58,8539.7,2119.0,1.148,-31.629185,20
10175,117,57,8541.33,2118.2,1.157,-31.83318,20
10176,117,57,8542.84,2117.6,1.204,-31.730736,20
10178,61,58,8545.78,2116.6,1.25,-27.276718,20
10180,61,57,8547.65,2115.2,1.26,-26.166107,20
10183,65,55,8552.16,2113.8,1.269,-24.45509,20
10185,64,57,8555.2,2112.6,1.269,-22.86974,20
10187,63,56,8557.66,2111.4,1.269,-21.883684,20
10188,63,55,8558.84,2111.0,1.269,-22.339842,20
10189,62,55,8560.05,2110.4,1.269,-21.747635,20
10190,61,54,8561.23,2109.8,1.269,-21.08632,20
10191,61,54,8562.5,2109.4,1.269,-19.408459,20
10192,61,58,8563.88,2108.8,1.269,-18.783802,20
10193,61,56,8565.19,2108.2,1.269,-18.145674,20
10195,61,59,8567.61,2107.6,1.269,-17.40176,20
10196,61,57,8568.62,2107.0,1.26,-17.919693,20
10198,59,59,8571.07,2106.6,1.26,-17.52123,20
10200,59,60,8573.54,2106.0,1.26,-17.646479,20
10204,59,60,8578.83,2104.8,1.232,-17.181255,20
10206,59,59,8581.84,2104.2,1.241,-19.072006,20
10208,65,60,8585.27,2103.8,1.25,-27.00283,20
10212,62,59,8591.95,2102.6,1.316,-29.963821,20
10217,59,58,8600.4,2101.4,1.446,-35.41731,20
10220,59,57,8605.51,2100.8,1.493,-32.858246,20
10223,59,57,8610.55,2100.4,1.54,-35.331226,20
10227,54,59,8616.14,2099.2,1.558,-29.833208,20
10229,53,59,8619.56,2098.8,1.568,-32.32253,20
10231,53,58,8622.61,2097.8,1.577,-30.467266,20
10232,53,58,8624.42,2097.0,1.577,-31.839039,20
10233,60,58,8625.8,2096.2,1.577,-35.23207,20
10234,60,58,8627.44,2095.8,1.577,-36.442028,20
10236,60,57,8629.48,2094.8,1.568,-35.60453,20
10237,60,57,8630.34,2094.6,1.549,-36.290466,20
10239,59,55,8631.55,2093.6,1.484,-34.945633,20
10240,59,55,8631.83,2093.0,1.437,-35.158535,20
10241,59,56,8632.26,2092.2,1.409,-33.660038,20
10244,0,56,8633.33,2091.2,0.989,-32.003,20
10247,0,55,8634.66,2090.0,0.0,-31.3839,20
10248,0,56,8635.28,2089.8,0.0,-31.819958,20
10250,0,56,8636.58,2088.8,0.0,-30.137802,20
10253,0,55,8638.13,2087.4,0.0,-29.484423,20
10254,0,56,8638.61,2086.8,0.0,-29.710707,20
10255,0,56,8639.49,2086.2,0.0,-28.805899,20
10256,53,59,8640.75,2085.8,0.0,-28.529,20
10258,53,56,8642.53,2085.0,0.0,-26.733398,20
10261,61,57,8644.77,2083.6,0.0,-24.938585,20
10263,61,59,8645.82,2082.2,0.457,-24.268198,20
10265,55,57,8647.38,2081.2,0.802,-22.907194,20
10269,51,55,8650.39,2080.4,1.008,-22.186693,20
10275,54,54,8656.95,2082.2,1.064,-26.956915,20
10276,57,54,8658.17,2082.2,1.092,-32.835094,20
10283,56,55,8666.81,2082.4,1.25,-33.86756,21
10284,56,54,8667.74,2082.4,1.25,-40.168636,21
10290,52,57,8671.8,2082.0,1.017,-40.095215,21
10291,52,58,8672.28,2082.0,1.008,-41.955994,21
10294,52,61,8673.23,2081.4,0.914,-42.601524,21
10295,52,62,8673.74,2081.0,0.858,-39.784374,21
10299,52,62,8675.84,2079.6,0.802,-37.66416,21
10302,52,63,8678.61,2078.2,0.84,-36.360527,21
10305,57,64,8681.81,2076.8,0.905,-34.760628,21
10307,57,64,8683.86,2075.8,0.933,-32.48382,21
10309,62,63,8686.24,2074.8,0.98,-30.522219,21
10311,57,64,8688.61,2073.6,1.082,-29.523798,21
10314,0,64,8691.07,2072.2,1.082,-28.62362,21
10316,55,63,8693.8,2071.2,1.064,-28.173016,21
10317,55,62,8694.95,2071.0,1.073,-27.639227,21
10319,55,62,8697.09,2070.0,1.12,-26.388939,21
10320,56,62,8698.2,2069.6,1.12,-27.360073,21
10321,56,61,8699.7,2069.2,1.12,-27.204088,21
10324,56,58,8704.08,2068.2,1.157,-26.04624,21
10325,56,58,8705.28,2067.8,1.166,-26.970682,21
10327,58,56,8707.21,2067.2,1.185,-26.477066,21
10329,57,55,8709.2,2066.0,1.194,-25.103062,21
10331,57,55,8711.55,2065.2,1.204,-24.594093,21
10332,59,55,8712.87,2064.8,1.213,-26.102901,21
10335,60,56,8716.98,2063.4,1.213,-23.97844,21
10338,0,56,8719.49,2062.4,1.194,-21.752913,21
10340,57,56,8721.3,2061.4,1.176,-22.289911,21
10341,57,56,8722.46,2061.0,1.176,-23.284267,21
10346,58,56,8726.85,2059.8,1.157,-21.4707,21
10348,57,58,8728.54,2059.4,1.138,-22.701656,21
10354,48,61,8732.44,2059.2,1.064,-22.40588,21
10355,47,57,8732.71,2059.2,1.036,-24.186531,21
10362,61,53,8735.93,2059.0,0.802,-24.003878,21
10367,0,55,8737.95,2058.8,0.0,-26.603859,21
10368,0,55,8738.47,2058.6,0.0,-25.938948,21
10373,0,57,8742.38,2057.8,0.0,-24.60372,21
10376,57,58,8745.76,2056.8,0.0,-24.521221,21
10377,57,58,8746.33,2056.6,0.0,-20.076904,21
10383,56,57,8750.76,2055.4,0.728,-17.987621,21
10385,54,57,8752.14,2055.0,0.784,-16.20474,21
10393,59,57,8759.86,2054.0,0.84,-14.716836,21
10396,59,57,8763.18,2052.8,0.998,-11.549233,21
10403,57,55,8768.65,2051.4,0.942,-5.350962,21
10404,57,55,8769.93,2051.2,0.952,-3.8841186,21
10408,62,54,8774.61,2050.2,1.008,-1.9931954,21
10412,62,54,8777.93,2048.8,1.054,-5.3494945,21
10415,63,55,8781.08,2048.0,1.064,-4.0722637,21
10416,63,54,8782.66,2047.6,1.073,-3.5452383,21
10419,64,58,8786.14,2046.6,1.092,-1.1279291,21
10420,64,54,8786.73,2046.4,1.101,-0.36160305,21
10424,57,54,8789.99,2045.4,1.11,1.4685929,21
10425,57,53,8790.5,2045.2,1.11,1.941557,21
10428,0,54,8793.28,2044.4,1.054,3.536327,21
10430,0,56,8796.05,2044.4,1.082,2.3980136,21
10433,63,55,8799.89,2045.0,1.092,0.0,21
10436,63,55,8803.83,2045.8,1.101,-2.2307162,21
10439,62,57,8807.61,2046.4,1.12,-3.5326962,21
10440,62,54,8809.05,2046.4,1.12,-4.2161274,21
10441,62,51,8810.51,2046.6,1.129,-4.669305,21
10442,61,56,8812.06,2047.0,1.129,-5.4521074,21
10443,60,57,8813.18,2047.4,1.138,-6.318982,21
10446,0,60,8815.59,2048.4,1.148,-8.200091,21
10448,0,63,8817.87,2048.6,1.148,-8.963832,21
10451,58,66,8820.25,2049.2,1.12,-10.508866,21
10454,58,69,8822.75,2049.2,1.092,-12.873677,21
10455,62,70,8823.77,2048.8,1.082,-12.715675,21
10458,59,71,8827.06,2047.2,0.998,-9.242915,21
10463,59,69,8831.9,2046.0,0.97,-6.815192,21
10466,59,67,8835.74,2045.8,1.008,-8.719842,21
10471,59,67,8841.41,2046.0,1.045,-9.933735,21
10473,58,67,8843.12,2046.2,1.054,-10.898783,21
10481,57,67,8849.69,2045.6,0.998,-10.139109,21
10485,59,63,8853.63,2045.0,0.98,-9.663159,21
10486,59,66,8854.88,2044.6,0.98,-9.44913,21
10488,57,66,8856.98,2044.6,0.998,-8.726335,21
10498,57,66,8869.07,2044.2,1.092,-6.386256,21
10502,58,66,8873.1,2043.8,1.064,-5.8107853,21
10506,61,66,8875.5,2042.4,1.026,-3.9906943,21
10510,59,69,8879.43,2042.4,0.98,-5.9490976,21
10515,57,68,8884.78,2042.4,0.942,-5.762928,21
10519,59,68,8890.26,2041.2,0.97,-4.4044943,21
10523,58,68,8896.56,2040.6,1.008,-4.6884212,21
10529,55,64,8903.44,2040.2,1.092,-4.384538,21
10530,55,67,8904.5,2039.8,1.092,-3.8227196,21
10531,55,69,8905.35,2039.8,1.092,-3.8924885,21
10539,61,71,8913.36,2040.2,1.054,-4.6692896,20
10545,61,67,8920.7,2040.6,1.082,-9.793752,20
10546,61,67,8922.01,2040.8,1.082,-11.630031,20
10547,54,64,8923.22,2040.8,1.082,-11.931138,20
10549,54,67,8926.21,2040.4,1.101,-12.615103,20
10553,57,70,8931.72,2039.4,1.148,-12.566021,20
10554,57,70,8933.02,2039.4,1.176,-15.651485,20
10560,55,74,8939.07,2039.2,1.194,-16.177221,20
10562,57,75,8941.18,2038.8,1.166,-22.75143,20
10566,58,78,8946.46,2038.2,1.157,-22.10043,20
10569,57,77,8951.23,2038.0,1.166,-24.72087,20
10577,57,79,8961.04,2038.0,1.222,-27.562485,20
10578,57,78,8961.88,2037.6,1.232,-34.049107,20
10584,54,76,8968.9,2036.4,1.232,-32.30976,20
10587,58,75,8972.41,2035.2,1.222,-33.982388,20
10589,58,75,8974.02,2034.8,1.213,-38.246307,20
10591,58,74,8976.07,2034.0,1.204,-36.12808,20
10592,59,74,8977.17,2033.6,1.204,-36.757668,20
10596,59,73,8980.55,2033.0,1.176,-36.365227,20
10600,59,72,8983.01,2031.8,1.12,-32.61378,20
10601,59,72,8983.99,2031.4,1.101,-33.308277,20
10603,57,71,8985.42,2031.0,1.064,-33.094826,20
10604,57,73,8986.42,2030.4,1.045,-30.469156,20
10606,57,72,8987.92,2029.0,1.045,-28.483583,20
10608,57,73,8990.23,2028.0,1.036,-27.360851,20
10610,57,70,8992.29,2027.2,1.036,-27.164677,20
10611,57,69,8993.27,2027.0,1.036,-27.740198,20
10614,57,70,8996.31,2025.8,1.036,-25.877777,20
10616,59,68,8998.49,2025.4,1.036,-23.782589,20
10617,59,64,8999.29,2025.2,1.036,-24.368774,21
10618,59,67,9000.19,2025.0,1.036,-24.291145,21
10619,59,67,9001.31,2024.8,1.036,-24.892895,21
10622,59,70,9004.33,2024.2,1.036,-24.30876,21
10624,59,68,9005.53,2023.6,1.026,-21.146818,21
10625,57,68,9006.22,2023.4,1.026,-21.245579,21
10628,0,69,9008.63,2022.4,0.989,-19.771677,21
10630,56,69,9010.58,2021.4,0.97,-18.836212,21
10633,58,69,9014.24,2020.4,0.97,-17.616325,21
10638,57,70,9018.05,2019.6,1.017,-17.28024,21
10641,0,65,9020.22,2019.2,0.98,-18.430069,21
10643,0,61,9021.41,2017.8,0.961,-16.571707,21
10646,0,59,9023.75,2016.4,0.924,-15.893063,21
10650,0,59,9028.21,2015.2,0.886,-13.070399,21
10656,59,59,9034.81,2014.8,0.886,-13.870946,21
10661,57,58,9040.21,2014.2,0.905,-18.165482,21
10662,57,58,9041.01,2014.0,0.905,-20.4595,21
10666,57,59,9044.4,2013.0,0.924,-18.936846,21
10668,55,56,9046.18,2012.8,0.924,-21.277126,21
10673,58,59,9049.42,2012.8,0.933,-21.330233,21
10676,57,58,9052.36,2012.8,0.933,-24.05259,21
10686,61,62,9062.86,2011.8,0.942,-23.7059,21
10689,60,58,9066.14,2011.2,0.961,-25.13275,21
10692,59,54,9068.94,2010.6,0.961,-25.563427,21
10694,59,57,9070.79,2009.8,0.961,-25.366657,21
10695,59,58,9071.31,2009.4,0.961,-24.63156,21
10696,58,59,9071.82,2009.0,0.961,-23.721409,21
10699,59,58,9075.85,2008.4,0.952,-22.75919,21
10700,59,58,9075.85,2008.4,0.961,-24.989103,21
10702,59,54,9077.77,2007.8,0.961,-23.886686,21
10703,61,56,9078.44,2007.8,0.961,-24.804586,21
10706,61,58,9081.36,2007.8,0.952,-25.009926,21
10707,61,60,9082.47,2007.2,0.961,-25.251162,21
10709,61,56,9084.39,2006.6,0.97,-24.77359,21
10710,61,57,9085.36,2006.2,0.97,-27.4129,21
10713,59,55,9088.24,2005.0,0.97,-25.524231,21
10716,59,56,9091.2,2003.8,0.97,-25.977045,21
10717,59,57,9092.36,2003.4,0.97,-23.819601,21
10719,59,57,9094.22,2002.6,0.961,-22.941303,21
10723,59,54,9097.21,2002.0,0.952,-22.586332,21
10724,59,57,9097.75,2001.8,0.952,-23.383116,21
10726,58,57,9099.28,2001.6,0.933,-23.272154,21
10728,57,58,9101.14,2001.2,0.924,-23.22973,21
10731,56,58,9104.08,2000.4,0.905,-21.012503,21
10736,62,58,9109.79,1999.6,0.914,-20.307114,21
10737,62,61,9110.49,1999.4,0.914,-18.920176,21
10738,62,58,9111.23,1999.2,0.914,-18.684313,21
10742,63,61,9113.96,1998.6,0.905,-16.99679,21
10743,63,59,9114.82,1998.4,0.896,-17.491983,21
10744,61,59,9115.35,1998.2,0.886,-19.164675,21
10750,56,58,9119.69,1997.2,0.821,-19.848486,21
10751,58,63,9120.65,1997.0,0.812,-22.283798,21
10752,60,62,9121.42,1997.0,0.802,-22.744696,21
10753,60,58,9122.03,1997.0,0.802,-23.09052,21
10754,60,58,9122.82,1997.0,0.793,-23.368021,21
10761,49,58,9125.92,1996.8,0.7,-23.629871,21
10768,49,59,9130.75,1995.8,0.634,-23.707504,21
10771,59,58,9133.23,1994.8,0.662,-23.799606,21
10772,59,58,9133.98,1994.2,0.681,-23.70956,21
10775,59,58,9136.3,1993.0,0.709,-21.819815,21
10777,59,58,9138.55,1992.2,0.728,-21.837738,21
10778,59,58,9139.82,1991.8,0.746,-21.896769,21
10783,59,58,9146.44,1990.6,0.84,-18.53037,21
10784,59,57,9147.44,1990.4,0.858,-18.865973,21
10787,61,56,9151.09,1989.6,0.905,-15.9865885,21
10790,61,53,9154.22,1989.4,0.961,-16.692179,21
10791,59,57,9154.86,1989.4,0.961,-15.327054,21
10792,59,55,9155.62,1989.4,0.961,-15.542283,21
10798,67,59,9159.68,1990.6,0.914,-17.96929,21
10799,67,58,9160.35,1990.6,0.914,-19.3245,21
10800,67,57,9161.35,1990.6,0.914,-19.5758,21
10806,0,59,9165.26,1989.8,0.858,-15.052909,21
10807,0,59,9165.87,1989.6,0.877,-15.64179,21
10810,59,61,9167.84,1988.6,0.868,-14.080116,21
10813,59,63,9171.66,1987.0,0.868,-11.694942,21
10815,59,61,9174.38,1985.8,0.896,-10.132278,21
10816,59,58,9175.73,1985.2,0.914,-9.477828,21
10817,59,56,9177.05,1984.8,0.933,-10.522027,21
10819,63,56,9180.48,1983.8,0.97,-8.86344,21
10820,61,57,9181.97,1983.2,0.998,-9.02444,21
10822,62,59,9185.26,1982.6,1.036,-8.168657,21
10823,62,57,9186.76,1982.2,1.064,-7.8889456,21
10824,62,59,9187.99,1981.8,1.11,-9.207103,21
10825,61,60,9189.26,1981.2,1.148,-8.262873,21
10826,61,57,9190.86,1980.6,1.204,-8.060505,21
10829,61,57,9195.15,1980.6,1.306,-8.3320675,21
10830,61,57,9196.24,1980.6,1.316,-11.441019,21
10832,62,60,9198.52,1980.6,1.297,-11.83997,21
10836,63,61,9202.55,1980.8,1.204,-12.791463,21
10843,61,62,9211.54,1981.0,1.157,-17.971909,21
10850,62,66,9224.99,1980.8,1.325,-20.396395,21
10852,62,66,9228.83,1980.4,1.39,-29.752533,21
10856,61,68,9235.85,1979.2,1.652,-32.26047,21
10858,62,70,9238.76,1978.2,1.708,-43.35926,21
10860,65,66,9241.3,1977.0,1.698,-41.817406,21
10861,65,69,9242.56,1976.4,1.68,-42.76357,21
10863,60,70,9245.72,1975.6,1.577,-42.956203,21
10865,60,70,9248.42,1974.8,1.502,-42.74498,21
10866,60,69,9249.75,1974.4,1.465,-44.77289,21
10869,60,69,9253.43,1973.0,1.381,-42.21397,21
10872,62,69,9257.52,1971.8,1.278,-43.187508,21
10875,61,66,9261.39,1971.0,1.25,-45.646404,21
10876,61,69,9263.0,1970.6,1.269,-44.6229,21
10879,61,68,9267.65,1969.2,1.297,-43.521545,21
10881,63,67,9270.8,1968.2,1.297,-45.912106,21
10882,63,64,9272.47,1967.6,1.306,-46.475426,21
10883,61,66,9273.86,1966.8,1.316,-46.475437,21
10884,59,62,9275.19,1966.2,1.316,-47.00629,21
10885,0,65,9276.49,1965.4,1.316,-46.004814,21
10887,57,64,9279.28,1963.8,1.297,-44.414127,21
10888,57,63,9280.3,1962.8,1.288,-42.18486,21
10889,57,63,9281.42,1962.0,1.278,-41.47767,21
10891,57,66,9283.78,1959.8,1.26,-38.228348,21
10892,57,67,9285.04,1958.8,1.26,-39.16713,21
10894,57,67,9287.76,1957.0,1.25,-36.45294,21
10896,57,68,9290.64,1955.4,1.25,-35.52311,21
10897,63,65,9291.88,1955.0,1.25,-36.60661,21
10899,63,67,9294.57,1953.8,1.288,-31.461994,21
10901,62,67,9296.9,1953.0,1.297,-31.518358,21
10902,62,68,9298.26,1952.6,1.297,-32.213474,21
10904,60,68,9300.86,1951.8,1.297,-33.669636,21
10905,58,68,9302.11,1951.2,1.288,-33.816025,21
10906,58,66,9303.57,1950.6,1.278,-33.542805,21
10907,58,66,9304.96,1950.0,1.269,-32.244076,21
10908,58,69,9308.02,1949.6,1.26,-32.924625,21
10910,59,68,9309.8,1948.6,1.269,-31.22373,21
10913,58,67,9314.96,1947.0,1.278,-29.945257,21
10914,58,66,9316.5,1946.4,1.288,-29.819706,21
10915,58,66,9317.78,1946.0,1.288,-30.761198,21
10917,60,68,9321.34,1945.0,1.297,-29.551134,21
10919,60,68,9324.59,1943.8,1.297,-29.501892,21
10920,60,69,9324.59,1943.2,1.306,-31.601885,21
10922,59,70,9329.76,1942.2,1.316,-30.608166,21
10924,57,68,9331.81,1941.0,1.316,-33.257763,21
10925,57,68,9332.71,1940.6,1.316,-34.201576,21
10927,60,65,9335.03,1939.6,1.325,-33.031487,21
10929,60,65,9338.02,1938.6,1.334,-31.74805,21
10931,60,65,9341.3,1937.4,1.344,-32.2553,21
10934,60,62,9347.17,1936.4,1.372,-32.788063,21
10935,60,62,9347.17,1936.2,1.381,-36.840153,21
10937,59,61,9347.78,1935.2,1.39,-35.171703,21
10938,59,64,9349.16,1934.8,1.39,-35.279896,21
10939,61,63,9351.25,1934.2,1.39,-34.903584,21
10940,61,65,9353.28,1933.8,1.39,-35.91335,21
10941,61,62,9355.28,1933.6,1.4,-37.94485,21
10944,58,61,9360.56,1932.6,1.409,-37.57733,21
10947,56,62,9364.95,1931.4,1.437,-34.50915,21
10948,55,61,9366.39,1931.2,1.446,-35.261467,21
10950,56,59,9368.09,1930.2,1.437,-25.188034,21
10952,58,62,9368.65,1929.4,1.372,-24.575184,21
10953,58,57,9369.41,1929.0,1.344,-24.282804,21
10954,53,62,9370.45,1928.8,1.278,-24.127974,21
10957,53,63,9373.14,1927.8,1.138,-22.927767,21
10960,55,63,9374.93,1926.8,0.868,-22.185726,21
10963,56,63,9376.64,1925.8,0.914,-21.018087,21
10966,58,62,9378.89,1924.2,0.98,-18.63453,21
10967,66,61,9379.81,1924.0,0.989,-15.244893,22
10970,66,60,9382.49,1923.2,1.148,-13.978761,22
10973,54,57,9384.1,1922.6,0.989,-11.154843,22
10974,53,58,9385.05,1922.6,0.914,-11.471198,22
10976,55,59,9386.23,1922.2,0.634,-10.872472,22
10980,59,58,9389.63,1921.0,0.812,-8.908737,22
10981,59,57,9390.43,1920.4,0.877,-8.334985,22
10983,59,57,9391.98,1919.8,0.933,-6.6449714,22
10984,59,57,9393.53,1919.4,0.961,-5.448067,22
10986,59,57,9396.64,1918.6,1.026,-3.4201572,22
10988,59,57,9398.56,1917.6,1.064,-1.8907783,22
10990,59,58,9400.95,1916.6,1.092,0.0,22
10992,59,56,9402.4,1915.6,1.11,1.5310324,22
10995,59,56,9406.23,1914.6,1.129,3.5086906,22
11000,60,56,9412.72,1913.4,1.129,1.9299841,22
11003,59,56,9416.51,1913.4,1.138,-2.700735,22
11011,56,59,9429.21,1913.0,1.204,-4.352726,22
11016,54,59,9433.63,1914.6,1.241,-23.125946,22
11022,55,61,9441.04,1915.8,1.222,-24.850216,22
11023,55,65,9442.84,1916.2,1.222,-27.637337,22
11024,57,63,9444.58,1916.4,1.222,-28.931957,22
11026,57,67,9447.37,1916.6,1.232,-31.435465,22
11028,58,70,9450.86,1916.8,1.241,-33.571426,22
11031,58,73,9454.78,1916.6,1.26,-35.658447,22
11032,58,74,9455.64,1916.4,1.269,-40.20605,22
11035,58,77,9460.33,1915.8,1.278,-39.124508,22
11038,58,80,9462.77,1914.4,1.278,-38.676617,22
11041,58,77,9465.2,1913.0,1.26,-37.852146,22
11044,58,74,9467.77,1912.0,1.25,-37.923393,22
11047,60,76,9468.98,1910.8,1.213,-37.65173,22
11048,60,73,9469.39,1910.4,1.166,-37.677982,22
11050,60,72,9470.05,1909.8,0.914,-36.940533,22
11054,59,71,9472.17,1908.2,0.83,-33.268826,22
11055,59,70,9472.64,1907.8,0.849,-33.881336,22
11057,53,70,9474.31,1907.0,0.83,-33.616367,22
11059,51,69,9475.53,1905.8,0.793,-32.362762,22
11061,51,70,9477.37,1904.8,0.662,-30.295523,22
11063,0,67,9478.13,1904.0,0.532,-29.510042,22
11064,0,69,9478.53,1903.8,0.0,-31.389282,22
11070,53,70,9481.26,1902.8,0.0,-29.70512,22
11072,54,69,9482.94,1902.6,0.0,-31.588947,22
11075,54,73,9486.96,1902.6,0.308,-30.485107,22
11077,54,71,9487.67,1902.8,0.653,-33.60541,22
11084,55,67,9490.41,1902.6,0.69,-33.648773,22
11085,0,64,9491.07,1902.6,0.0,-33.685474,22
11086,0,68,9491.89,1902.6,0.0,-33.479424,22
11091,54,68,9494.95,1902.0,0.0,-32.294865,22
11093,57,68,9496.32,1901.6,0.0,-28.90631,22
11097,57,71,9500.07,1900.6,0.0,-23.169807,22
11100,57,71,9502.47,1899.4,0.513,-20.567722,22
11102,56,70,9504.08,1898.4,0.728,-18.634953,22
11104,56,69,9505.46,1897.2,0.868,-16.770767,22
11105,56,65,9506.36,1897.0,0.914,-16.833878,22
11107,58,71,9508.13,1896.0,0.998,-15.128579,22
11108,58,71,9509.25,1895.6,0.998,-18.15714,22
11111,55,70,9513.23,1894.8,0.802,-17.021923,22
11116,55,69,9518.36,1893.8,1.045,-16.425375,22
11121,53,69,9521.41,1892.4,1.026,-15.744813,22
11124,53,69,9523.89,1891.2,0.989,-14.655697,22
11125,53,68,9524.64,1890.8,0.98,-19.959429,22
11127,53,68,9525.6,1890.0,0.961,-18.76722,22
11131,59,64,9530.01,1889.6,0.914,-18.339413,22
11133,59,66,9531.22,1889.0,0.924,-18.444893,22
11138,53,66,9533.36,1887.8,0.933,-16.645002,22
11143,48,67,9536.85,1886.6,0.886,-16.214787,22
11145,48,67,9538.7,1886.6,0.877,-18.218111,22
11149,50,64,9541.97,1885.6,0.868,-16.895159,22
11150,53,64,9542.86,1885.6,0.868,-17.168045,22
11151,53,66,9544.81,1885.6,0.877,-17.450722,22
11153,56,69,9546.47,1885.6,0.896,-17.799013,22
11154,56,72,9547.14,1886.4,0.905,-22.911383,22
11155,56,69,9547.73,1886.8,0.914,-24.711523,22
11157,56,65,9548.31,1888.0,0.924,-27.10286,22
11159,53,62,9549.51,1888.8,0.905,-31.203016,22
11165,50,65,9553.08,1888.8,0.84,-32.663254,22
11166,50,67,9553.68,1888.8,0.821,-34.500523,22
11169,53,71,9555.64,1888.8,0.793,-34.946503,22
11172,50,75,9557.72,1888.8,0.784,-36.684372,22
11174,50,75,9558.93,1888.4,0.784,-38.847137,22
11180,58,74,9567.27,1886.6,0.97,-36.070282,22
11183,60,73,9571.32,1885.4,1.12,-38.902565,22
11185,60,73,9573.53,1884.4,1.166,-40.979416,22
11186,61,73,9574.39,1883.8,1.185,-43.023045,22
11187,61,73,9575.7,1883.2,1.204,-41.056942,22
11189,61,72,9577.01,1881.6,1.222,-38.814907,22
11194,64,72,9583.92,1880.4,1.213,-38.34077,22
11197,61,71,9587.28,1879.2,1.204,-36.203995,22
11200,60,71,9591.96,1878.0,1.194,-31.669289,22
11203,60,70,9596.08,1877.0,1.185,-31.71866,22
11204,59,67,9596.81,1876.4,1.185,-31.334877,22
11206,59,66,9597.37,1875.4,1.166,-29.49165,22
11207,59,67,9598.39,1874.8,1.157,-28.886457,22
11208,59,67,9600.34,1874.4,1.148,-28.59276,22
11209,59,69,9600.34,1874.0,1.148,-28.28937,22
11211,59,69,9603.72,1872.8,1.11,-26.65881,22
11213,61,70,9604.69,1871.8,1.12,-24.600111,22
11214,62,69,9606.94,1871.2,1.12,-24.359749,22
11215,62,73,9606.94,1870.6,1.12,-23.62096,22
11216,62,70,9608.39,1870.2,1.12,-23.571299,22
11217,62,70,9609.81,1869.6,1.12,-21.06283,22
11219,62,71,9612.44,1868.4,1.138,-19.486523,22
11220,55,68,9613.57,1867.8,1.138,-19.285337,22
11221,55,68,9615.12,1867.2,1.148,-18.231075,22
11222,55,68,9616.6,1866.6,1.157,-16.726368,22
11223,55,67,9618.07,1865.8,1.166,-15.679502,22
11225,55,70,9621.52,1864.8,1.185,-14.16848,22
11226,58,69,9621.52,1864.4,1.185,-14.551758,22
11227,58,66,9622.58,1863.6,1.194,-15.007444,22
11228,58,67,9624.86,1863.2,1.194,-14.536875,22
11231,60,68,9627.71,1862.2,1.204,-14.177653,22
11237,120,69,9636.28,1861.2,1.353,-13.924195,22
11242,65,71,9645.41,1860.2,1.474,-20.969696,22
11245,65,69,9650.93,1859.8,1.493,-29.00532,22
11248,65,64,9653.97,1859.4,1.502,-32.40571,22
11250,62,64,9656.55,1859.2,1.493,-34.048717,22
11251,62,66,9657.98,1858.6,1.493,-34.693233,22
11256,59,66,9663.62,1858.2,1.484,-34.17793,22
11257,59,70,9665.11,1858.0,1.465,-39.81317,22
11261,117,70,9670.37,1857.8,1.428,-40.813698,22
11263,56,68,9671.36,1857.4,1.409,-39.45388,22
11265,61,67,9673.38,1857.0,1.381,-39.366753,22
11268,63,67,9678.36,1855.8,1.213,-36.734196,22
11271,59,69,9682.0,1854.6,1.204,-33.902184,22
11272,59,69,9683.03,1853.8,1.194,-34.76592,22
11273,59,70,9683.85,1853.2,1.194,-33.484154,22
11274,59,70,9684.79,1852.6,1.185,-32.82033,22
11275,59,70,9685.94,1852.2,1.185,-32.03884,22
11277,61,70,9687.81,1850.6,1.166,-30.077541,22
11279,61,70,9690.44,1849.4,1.148,-28.787731,22
11281,63,69,9693.63,1848.4,1.138,-26.821068,22
11282,63,68,9694.44,1848.0,1.148,-27.550629,22
11284,62,69,9696.74,1847.2,1.166,-26.49168,22
11286,62,69,9698.9,1845.6,1.166,-23.673546,22
11288,65,69,9701.23,1844.2,1.176,-22.703152,22
11290,63,69,9704.11,1843.0,1.176,-19.104729,22
11292,63,69,9706.55,1842.0,1.185,-18.307589,22
11294,59,65,9709.19,1841.2,1.185,-17.555922,22
11295,59,66,9710.22,1840.6,1.185,-19.465857,22
11298,61,68,9712.62,1839.2,1.185,-17.09991,22
11301,60,69,9715.52,1838.0,1.176,-15.462769,22
11307,59,66,9721.79,1837.2,1.064,-14.749213,22
11309,62,66,9724.85,1837.0,1.054,-16.109941,22
11314,60,64,9730.55,1836.8,1.092,-15.913926,22
11317,58,61,9734.93,1836.4,1.101,-16.824936,22
11319,58,62,9737.64,1835.8,1.11,-16.800856,22
11321,58,63,9741.72,1835.0,1.12,-15.997666,22
11322,58,64,9742.91,1834.6,1.12,-19.350895,22
11325,58,60,9746.25,1833.8,1.129,-18.316076,22
11326,60,61,9747.83,1833.4,1.129,-18.78131,22
11328,60,61,9750.55,1833.0,1.138,-20.492336,22
11333,60,62,9757.59,1832.4,1.185,-21.553299,22
11334,57,59,9758.27,1832.2,1.185,-26.665993,22
11335,56,62,9759.2,1831.8,1.194,-26.367462,22
11338,59,62,9761.23,1830.8,1.185,-24.860718,22
11341,58,63,9765.27,1830.4,1.148,-25.959127,22
11345,58,63,9769.96,1829.8,1.138,-30.299227,22
11347,58,63,9772.77,1829.6,1.138,-32.39353,22
11350,58,63,9776.27,1828.8,1.157,-29.57475,22
11354,123,64,9781.45,1828.6,1.204,-32.570297,22
11360,61,65,9786.4,1827.8,1.25,-27.474503,22
11362,60,67,9789.47,1827.2,1.25,-28.590742,22
11363,60,65,9791.47,1826.8,1.232,-27.406713,22
11368,59,65,9797.01,1825.4,1.222,-25.828548,22
11372,57,65,9798.76,1824.0,1.222,-25.370106,22
11375,60,64,9801.17,1822.6,1.204,-24.807182,22
11377,57,63,9803.07,1821.6,1.176,-24.481133,22
11380,59,61,9805.98,1820.0,1.064,-21.6917,22
11383,61,60,9810.21,1818.8,1.017,-22.023993,22
11384,61,63,9811.4,1818.2,1.017,-24.20687,22
11385,61,59,9812.42,1818.0,1.026,-24.229984,22
11386,60,58,9813.1,1817.2,1.026,-23.275589,22
11388,120,57,9815.33,1816.4,1.017,-21.903574,22
11389,120,57,9816.73,1816.0,1.026,-21.361942,22
11392,59,56,9820.37,1814.4,1.241,-19.806448,22
11395,57,56,9825.54,1813.4,1.138,-15.476141,22
11396,57,56,9826.89,1813.2,1.12,-16.597424,22
11399,57,56,9830.57,1812.2,1.082,-15.16812,22
11406,57,57,9838.66,1812.2,1.12,-16.340847,22
11411,57,60,9842.91,1812.2,1.101,-21.856216,22
11416,57,58,9846.68,1812.0,1.054,-23.346153,22
11417,57,61,9847.18,1811.8,1.045,-24.130917,22
11419,59,62,9849.39,1811.2,1.036,-23.199757,22
11422,58,61,9852.26,1810.0,1.008,-24.297285,22
11424,58,61,9855.27,1809.0,0.998,-23.925941,22
11425,58,62,9856.82,1808.6,1.008,-25.195736,22
11427,116,62,9859.35,1807.6,1.008,-24.552948,22
11430,59,61,9863.06,1806.2,1.036,-26.192198,22
11433,59,65,9866.68,1805.4,1.054,-31.779514,22
11435,59,61,9869.09,1805.0,1.064,-35.88582,22
11447,59,61,9881.18,1804.0,1.092,-35.756283,22
11448,60,62,9881.82,1804.0,1.082,-47.290985,22
11453,0,64,9886.27,1802.6,1.054,-45.170918,22
11456,61,62,9890.51,1802.2,1.064,-47.542088,22
11459,64,60,9893.66,1801.2,1.157,-44.21596,22
11462,61,61,9896.42,1800.2,1.194,-46.259537,22
11463,61,62,9897.35,1799.8,1.194,-46.548885,22
11464,61,64,9898.73,1799.6,1.194,-47.058323,22
11466,61,61,9900.88,1798.8,1.204,-45.489857,22
11469,61,62,9902.83,1797.6,1.176,-43.74508,22
11470,61,63,9905.58,1797.0,1.166,-44.24308,22
11471,61,63,9906.48,1796.4,1.157,-36.81595,22
11472,61,64,9907.56,1795.8,1.157,-36.367252,22
11473,61,64,9908.57,1795.2,1.157,-36.03613,22
11475,61,64,9910.12,1793.6,1.148,-33.673187,22
11476,61,65,9910.78,1793.0,1.138,-33.491314,22
11477,57,64,9911.72,1792.4,1.129,-26.33444,22
11479,58,65,9913.66,1790.8,1.11,-24.101986,22
11481,59,66,9915.51,1789.4,1.092,-22.508787,22
11483,59,67,9917.39,1788.2,1.082,-21.140392,22
11485,58,68,9919.28,1786.8,1.064,-19.305931,22
11486,58,68,9920.43,1786.0,1.054,-18.57275,22
11487,59,69,9921.92,1785.2,1.054,-17.441608,22
11489,59,70,9924.73,1783.8,1.045,-15.167794,22
11491,59,68,9926.61,1782.8,1.045,-12.159432,22
11493,59,67,9928.95,1781.6,1.054,-10.287222,22
11494,59,68,9930.26,1781.0,1.054,-8.308208,22
11496,59,67,9932.59,1780.4,1.064,-7.4257355,22
11497,59,67,9932.59,1780.0,1.064,-6.859783,22
11499,59,67,9935.1,1779.2,1.073,-5.5237403,22
11502,60,67,9937.93,1778.2,1.073,-3.8626668,22
11506,59,66,9945.47,1777.0,1.11,-1.596275,22
11508,62,63,9947.73,1776.0,1.12,-1.739283,22
11509,65,61,9948.52,1775.6,1.129,-1.0858781,22
11511,66,63,9949.81,1774.8,1.138,0.36746258,22
11514,61,63,9953.06,1774.4,1.148,1.1144642,22
11520,57,63,9961.37,1774.4,1.148,-1.4257089,22
11529,55,61,9972.95,1776.0,1.194,-4.5617375,22
11530,54,61,9974.25,1776.2,1.194,-6.4669137,22
11535,52,64,9978.99,1776.2,1.185,-6.6134624,22
11542,50,68,9986.79,1776.2,1.166,-4.9320107,22
11543,50,68,9988.95,1776.2,1.166,0.7367618,22
11544,50,68,9989.93,1776.2,1.166,0.75289017,22
11547,50,73,9993.55,1776.0,1.157,1.1534227,22
11554,50,71,10003.23,1775.4,1.157,4.096488,23
11559,52,73,10009.23,1775.0,1.176,5.950882,23
11565,53,75,10017.23,1773.6,1.194,6.7422147,23
11567,54,78,10019.52,1773.4,1.204,0.38840714,23
11568,54,79,10020.65,1773.2,1.204,0.38840714,23
11569,53,74,10021.61,1772.8,1.204,0.38840714,23
11571,53,75,10024.45,1772.6,1.204,0.38840714,23
11576,54,77,10031.57,1772.8,1.222,0.38840714,23
11578,54,72,10033.53,1773.6,1.222,0.38840714,23
11579,54,71,10034.56,1774.0,1.222,0.38840714,23
11581,54,72,10036.61,1775.0,1.222,0.38840714,23
11584,57,73,10041.04,1776.4,1.222,0.38840714,23
11585,57,76,10042.55,1776.6,1.222,0.38840714,23
11588,57,80,10046.86,1777.4,1.222,0.38840714,23
11589,55,79,10048.06,1777.6,1.222,0.38840714,23
11591,53,83,10050.28,1778.0,1.232,0.38840714,23
11592,53,80,10051.57,1778.0,1.241,0.38840714,23
11593,51,83,10052.47,1778.0,1.241,0.38840714,23
11594,51,83,10053.31,1778.0,1.241,0.38840714,23
11597,48,80,10056.41,1778.0,1.222,0.38840714,23
11600,48,76,10059.66,1777.2,1.194,0.38840714,23
11601,48,79,10060.61,1777.0,1.185,0.38840714,23
11604,49,82,10063.85,1776.4,1.166,0.38840714,23
11607,51,82,10066.11,1775.4,1.138,0.38840714,23
11610,46,79,10068.69,1774.2,1.11,0.38840714,23
11611,46,77,10069.18,1773.6,1.092,0.38840714,23
11614,0,77,10069.22,1773.0,0.97,0.38840714,23
11618,0,76,10069.62,1772.8,0.0,0.38840714,23
,,,,,,,
